timestamp, name, utilization.gpu [%], memory.used [MiB], memory.total [MiB], power.draw [W]
2026/09/26 16:59:56.793, NVIDIA L40S, 0 %, 40359 MiB, 46068 MiB, 91.22 W
2026/09/26 16:59:57.805, NVIDIA L40S, 0 %, 40359 MiB, 46068 MiB, 91.32 W
2026/09/26 16:59:58.806, NVIDIA L40S, 0 %, 40359 MiB, 46068 MiB, 91.41 W
2026/09/26 16:59:59.807, NVIDIA L40S, 0 %, 40359 MiB, 46068 MiB, 91.29 W
2026/09/26 17:00:00.807, NVIDIA L40S, 0 %, 40359 MiB, 46068 MiB, 91.19 W
2026/09/26 17:00:01.807, NVIDIA L40S, 0 %, 40359 MiB, 46068 MiB, 91.32 W
2026/09/26 17:00:02.808, NVIDIA L40S, 0 %, 40359 MiB, 46068 MiB, 91.17 W
2026/09/26 17:00:03.809, NVIDIA L40S, 0 %, 40359 MiB, 46068 MiB, 91.02 W
2026/09/26 17:00:04.809, NVIDIA L40S, 0 %, 40359 MiB, 46068 MiB, 91.17 W
2026/09/26 17:00:05.809, NVIDIA L40S, 0 %, 40359 MiB, 46068 MiB, 91.20 W
2026/09/26 17:00:06.810, NVIDIA L40S, 0 %, 40790 MiB, 46068 MiB, 91.60 W
2026/09/26 17:00:07.814, NVIDIA L40S, 0 %, 40359 MiB, 46068 MiB, 91.95 W
2026/09/26 17:00:09.116, NVIDIA L40S, 0 %, 40359 MiB, 46068 MiB, 91.86 W
2026/09/26 17:00:10.119, NVIDIA L40S, 0 %, 40359 MiB, 46068 MiB, 91.52 W
2026/09/26 17:00:11.120, NVIDIA L40S, 0 %, 40359 MiB, 46068 MiB, 91.42 W
2026/09/26 17:00:12.120, NVIDIA L40S, 0 %, 40359 MiB, 46068 MiB, 91.23 W
2026/09/26 17:00:13.121, NVIDIA L40S, 0 %, 40359 MiB, 46068 MiB, 91.23 W
2026/09/26 17:00:14.121, NVIDIA L40S, 0 %, 40359 MiB, 46068 MiB, 91.21 W
2026/09/26 17:00:15.121, NVIDIA L40S, 0 %, 40359 MiB, 46068 MiB, 91.14 W
2026/09/26 17:00:16.121, NVIDIA L40S, 0 %, 40359 MiB, 46068 MiB, 91.17 W
2026/09/26 17:00:17.122, NVIDIA L40S, 0 %, 40359 MiB, 46068 MiB, 91.33 W
2026/09/26 17:00:18.123, NVIDIA L40S, 0 %, 40359 MiB, 46068 MiB, 91.36 W
2026/09/26 17:00:19.123, NVIDIA L40S, 0 %, 40359 MiB, 46068 MiB, 91.24 W
2026/09/26 17:00:20.123, NVIDIA L40S, 0 %, 40359 MiB, 46068 MiB, 91.24 W
2026/09/26 17:00:21.124, NVIDIA L40S, 0 %, 40359 MiB, 46068 MiB, 91.18 W
2026/09/26 17:00:22.125, NVIDIA L40S, 0 %, 40359 MiB, 46068 MiB, 91.26 W
2026/09/26 17:00:23.125, NVIDIA L40S, 0 %, 40359 MiB, 46068 MiB, 91.38 W
2026/09/26 17:00:24.126, NVIDIA L40S, 0 %, 40359 MiB, 46068 MiB, 91.32 W
2026/09/26 17:00:25.126, NVIDIA L40S, 0 %, 40359 MiB, 46068 MiB, 91.33 W
2026/09/26 17:00:26.126, NVIDIA L40S, 0 %, 40359 MiB, 46068 MiB, 91.36 W
2026/09/26 17:00:27.127, NVIDIA L40S, 0 %, 40359 MiB, 46068 MiB, 91.35 W
2026/09/26 17:00:28.127, NVIDIA L40S, 0 %, 40359 MiB, 46068 MiB, 91.23 W
2026/09/26 17:00:29.127, NVIDIA L40S, 0 %, 40359 MiB, 46068 MiB, 91.08 W
2026/09/26 17:00:30.127, NVIDIA L40S, 0 %, 40359 MiB, 46068 MiB, 90.96 W
2026/09/26 17:00:31.128, NVIDIA L40S, 0 %, 40359 MiB, 46068 MiB, 90.93 W
2026/09/26 17:00:32.128, NVIDIA L40S, 0 %, 40359 MiB, 46068 MiB, 91.05 W
2026/09/26 17:00:33.130, NVIDIA L40S, 0 %, 40359 MiB, 46068 MiB, 91.17 W
2026/09/26 17:00:34.130, NVIDIA L40S, 0 %, 40359 MiB, 46068 MiB, 91.29 W
2026/09/26 17:00:35.131, NVIDIA L40S, 0 %, 40359 MiB, 46068 MiB, 91.26 W
2026/09/26 17:00:36.131, NVIDIA L40S, 0 %, 40359 MiB, 46068 MiB, 91.07 W
2026/09/26 17:00:37.131, NVIDIA L40S, 0 %, 40359 MiB, 46068 MiB, 90.99 W
2026/09/26 17:00:38.132, NVIDIA L40S, 0 %, 40359 MiB, 46068 MiB, 91.08 W
2026/09/26 17:00:39.132, NVIDIA L40S, 0 %, 40359 MiB, 46068 MiB, 91.14 W
2026/09/26 17:00:40.132, NVIDIA L40S, 0 %, 40359 MiB, 46068 MiB, 91.11 W
2026/09/26 17:00:41.133, NVIDIA L40S, 0 %, 40359 MiB, 46068 MiB, 90.96 W
2026/09/26 17:00:42.133, NVIDIA L40S, 0 %, 40359 MiB, 46068 MiB, 91.23 W
2026/09/26 17:00:43.134, NVIDIA L40S, 0 %, 40359 MiB, 46068 MiB, 91.50 W
2026/09/26 17:00:44.135, NVIDIA L40S, 0 %, 40359 MiB, 46068 MiB, 91.24 W
2026/09/26 17:00:45.135, NVIDIA L40S, 0 %, 40359 MiB, 46068 MiB, 91.11 W
2026/09/26 17:00:46.135, NVIDIA L40S, 0 %, 40359 MiB, 46068 MiB, 91.08 W
2026/09/26 17:00:47.136, NVIDIA L40S, 0 %, 40359 MiB, 46068 MiB, 91.14 W
2026/09/26 17:00:48.136, NVIDIA L40S, 0 %, 40359 MiB, 46068 MiB, 91.26 W
2026/09/26 17:00:49.136, NVIDIA L40S, 0 %, 40359 MiB, 46068 MiB, 91.38 W
2026/09/26 17:00:50.137, NVIDIA L40S, 0 %, 40359 MiB, 46068 MiB, 91.26 W
2026/09/26 17:00:51.137, NVIDIA L40S, 0 %, 40359 MiB, 46068 MiB, 91.20 W
2026/09/26 17:00:52.137, NVIDIA L40S, 0 %, 40359 MiB, 46068 MiB, 91.32 W
2026/09/26 17:00:53.138, NVIDIA L40S, 0 %, 40359 MiB, 46068 MiB, 91.23 W
2026/09/26 17:00:54.138, NVIDIA L40S, 0 %, 40359 MiB, 46068 MiB, 91.26 W
2026/09/26 17:00:55.138, NVIDIA L40S, 0 %, 40359 MiB, 46068 MiB, 91.20 W
2026/09/26 17:00:56.139, NVIDIA L40S, 0 %, 40359 MiB, 46068 MiB, 91.23 W
2026/09/26 17:00:57.140, NVIDIA L40S, 0 %, 40359 MiB, 46068 MiB, 91.26 W
2026/09/26 17:00:58.141, NVIDIA L40S, 0 %, 40359 MiB, 46068 MiB, 91.23 W
2026/09/26 17:00:59.141, NVIDIA L40S, 0 %, 40359 MiB, 46068 MiB, 91.18 W
2026/09/26 17:01:00.141, NVIDIA L40S, 0 %, 40359 MiB, 46068 MiB, 91.15 W
2026/09/26 17:01:01.141, NVIDIA L40S, 0 %, 40359 MiB, 46068 MiB, 91.27 W
2026/09/26 17:01:02.142, NVIDIA L40S, 0 %, 40359 MiB, 46068 MiB, 91.48 W
2026/09/26 17:01:03.142, NVIDIA L40S, 0 %, 40359 MiB, 46068 MiB, 91.39 W
2026/09/26 17:01:04.142, NVIDIA L40S, 0 %, 40359 MiB, 46068 MiB, 91.17 W
2026/09/26 17:01:05.142, NVIDIA L40S, 0 %, 40359 MiB, 46068 MiB, 91.17 W
2026/09/26 17:01:06.144, NVIDIA L40S, 0 %, 40359 MiB, 46068 MiB, 91.08 W
2026/09/26 17:01:07.144, NVIDIA L40S, 0 %, 40359 MiB, 46068 MiB, 91.30 W
2026/09/26 17:01:08.145, NVIDIA L40S, 0 %, 40359 MiB, 46068 MiB, 91.45 W
2026/09/26 17:01:09.145, NVIDIA L40S, 0 %, 40359 MiB, 46068 MiB, 91.26 W
2026/09/26 17:01:10.145, NVIDIA L40S, 0 %, 40359 MiB, 46068 MiB, 91.11 W
2026/09/26 17:01:11.145, NVIDIA L40S, 0 %, 40359 MiB, 46068 MiB, 91.20 W
2026/09/26 17:01:12.146, NVIDIA L40S, 0 %, 40359 MiB, 46068 MiB, 91.35 W
2026/09/26 17:01:13.146, NVIDIA L40S, 0 %, 40359 MiB, 46068 MiB, 91.24 W
2026/09/26 17:01:14.146, NVIDIA L40S, 0 %, 40359 MiB, 46068 MiB, 91.15 W
2026/09/26 17:01:15.148, NVIDIA L40S, 0 %, 40359 MiB, 46068 MiB, 91.30 W
2026/09/26 17:01:16.148, NVIDIA L40S, 0 %, 40359 MiB, 46068 MiB, 91.29 W
2026/09/26 17:01:17.148, NVIDIA L40S, 0 %, 40359 MiB, 46068 MiB, 91.15 W
2026/09/26 17:01:18.149, NVIDIA L40S, 0 %, 40359 MiB, 46068 MiB, 90.99 W
2026/09/26 17:01:19.149, NVIDIA L40S, 0 %, 40359 MiB, 46068 MiB, 91.17 W
2026/09/26 17:01:20.150, NVIDIA L40S, 0 %, 40359 MiB, 46068 MiB, 91.26 W
2026/09/26 17:01:21.150, NVIDIA L40S, 0 %, 40359 MiB, 46068 MiB, 91.11 W
2026/09/26 17:01:22.150, NVIDIA L40S, 0 %, 40359 MiB, 46068 MiB, 91.11 W
2026/09/26 17:01:23.151, NVIDIA L40S, 0 %, 40359 MiB, 46068 MiB, 91.17 W
2026/09/26 17:01:24.151, NVIDIA L40S, 0 %, 40359 MiB, 46068 MiB, 91.22 W
2026/09/26 17:01:25.152, NVIDIA L40S, 0 %, 40359 MiB, 46068 MiB, 91.19 W
2026/09/26 17:01:26.152, NVIDIA L40S, 0 %, 40359 MiB, 46068 MiB, 91.32 W
2026/09/26 17:01:27.152, NVIDIA L40S, 0 %, 40359 MiB, 46068 MiB, 91.32 W
2026/09/26 17:01:28.153, NVIDIA L40S, 0 %, 40359 MiB, 46068 MiB, 91.17 W
2026/09/26 17:01:29.153, NVIDIA L40S, 0 %, 40359 MiB, 46068 MiB, 91.17 W
2026/09/26 17:01:30.153, NVIDIA L40S, 0 %, 40359 MiB, 46068 MiB, 91.29 W
2026/09/26 17:01:31.153, NVIDIA L40S, 0 %, 40359 MiB, 46068 MiB, 91.32 W
2026/09/26 17:01:32.154, NVIDIA L40S, 0 %, 40359 MiB, 46068 MiB, 91.17 W
2026/09/26 17:01:33.154, NVIDIA L40S, 0 %, 40359 MiB, 46068 MiB, 91.20 W
2026/09/26 17:01:34.154, NVIDIA L40S, 0 %, 40359 MiB, 46068 MiB, 91.47 W
2026/09/26 17:01:35.157, NVIDIA L40S, 0 %, 40359 MiB, 46068 MiB, 91.38 W
2026/09/26 17:01:36.157, NVIDIA L40S, 0 %, 40359 MiB, 46068 MiB, 91.14 W
2026/09/26 17:01:37.158, NVIDIA L40S, 0 %, 40359 MiB, 46068 MiB, 91.07 W
2026/09/26 17:01:38.158, NVIDIA L40S, 0 %, 40359 MiB, 46068 MiB, 91.19 W
2026/09/26 17:01:39.158, NVIDIA L40S, 0 %, 40359 MiB, 46068 MiB, 91.32 W
2026/09/26 17:01:40.159, NVIDIA L40S, 0 %, 40359 MiB, 46068 MiB, 91.17 W
2026/09/26 17:01:41.159, NVIDIA L40S, 0 %, 40359 MiB, 46068 MiB, 91.14 W
2026/09/26 17:01:42.159, NVIDIA L40S, 0 %, 40359 MiB, 46068 MiB, 91.20 W
2026/09/26 17:01:43.160, NVIDIA L40S, 0 %, 40359 MiB, 46068 MiB, 91.17 W
2026/09/26 17:01:44.160, NVIDIA L40S, 0 %, 40359 MiB, 46068 MiB, 91.17 W
2026/09/26 17:01:45.161, NVIDIA L40S, 0 %, 40359 MiB, 46068 MiB, 91.29 W
2026/09/26 17:01:46.161, NVIDIA L40S, 0 %, 40359 MiB, 46068 MiB, 91.14 W
2026/09/26 17:01:47.161, NVIDIA L40S, 0 %, 40359 MiB, 46068 MiB, 90.99 W
2026/09/26 17:01:48.162, NVIDIA L40S, 0 %, 40359 MiB, 46068 MiB, 91.08 W
2026/09/26 17:01:49.162, NVIDIA L40S, 0 %, 40359 MiB, 46068 MiB, 91.21 W
2026/09/26 17:01:50.164, NVIDIA L40S, 0 %, 40359 MiB, 46068 MiB, 91.21 W
2026/09/26 17:01:51.164, NVIDIA L40S, 0 %, 40359 MiB, 46068 MiB, 91.08 W
2026/09/26 17:01:52.164, NVIDIA L40S, 0 %, 40359 MiB, 46068 MiB, 91.08 W
2026/09/26 17:01:53.164, NVIDIA L40S, 0 %, 40359 MiB, 46068 MiB, 91.14 W
2026/09/26 17:01:54.166, NVIDIA L40S, 0 %, 40359 MiB, 46068 MiB, 91.26 W
2026/09/26 17:01:55.166, NVIDIA L40S, 0 %, 40359 MiB, 46068 MiB, 91.21 W
2026/09/26 17:01:56.166, NVIDIA L40S, 0 %, 40359 MiB, 46068 MiB, 91.15 W
2026/09/26 17:01:57.167, NVIDIA L40S, 0 %, 40359 MiB, 46068 MiB, 91.15 W
2026/09/26 17:01:58.167, NVIDIA L40S, 0 %, 40359 MiB, 46068 MiB, 90.99 W
2026/09/26 17:01:59.168, NVIDIA L40S, 0 %, 40359 MiB, 46068 MiB, 90.99 W
2026/09/26 17:02:00.168, NVIDIA L40S, 0 %, 40359 MiB, 46068 MiB, 91.23 W
2026/09/26 17:02:01.169, NVIDIA L40S, 0 %, 40359 MiB, 46068 MiB, 91.35 W
2026/09/26 17:02:02.169, NVIDIA L40S, 0 %, 40359 MiB, 46068 MiB, 91.19 W
2026/09/26 17:02:03.198, NVIDIA L40S, 0 %, 40359 MiB, 46068 MiB, 91.19 W
2026/09/26 17:02:04.203, NVIDIA L40S, 0 %, 40359 MiB, 46068 MiB, 91.28 W
2026/09/26 17:02:05.203, NVIDIA L40S, 0 %, 40359 MiB, 46068 MiB, 91.22 W
2026/09/26 17:02:06.203, NVIDIA L40S, 0 %, 40359 MiB, 46068 MiB, 91.29 W
2026/09/26 17:02:07.216, NVIDIA L40S, 0 %, 40359 MiB, 46068 MiB, 91.29 W
2026/09/26 17:02:08.217, NVIDIA L40S, 0 %, 40359 MiB, 46068 MiB, 91.22 W
2026/09/26 17:02:09.217, NVIDIA L40S, 0 %, 40359 MiB, 46068 MiB, 91.25 W
2026/09/26 17:02:10.217, NVIDIA L40S, 0 %, 40359 MiB, 46068 MiB, 91.22 W
2026/09/26 17:02:11.218, NVIDIA L40S, 0 %, 40359 MiB, 46068 MiB, 91.16 W
2026/09/26 17:02:12.219, NVIDIA L40S, 0 %, 40359 MiB, 46068 MiB, 91.19 W
2026/09/26 17:02:13.219, NVIDIA L40S, 0 %, 40359 MiB, 46068 MiB, 91.31 W
2026/09/26 17:02:14.219, NVIDIA L40S, 0 %, 40359 MiB, 46068 MiB, 91.28 W
2026/09/26 17:02:15.220, NVIDIA L40S, 0 %, 40359 MiB, 46068 MiB, 91.15 W
2026/09/26 17:02:16.223, NVIDIA L40S, 0 %, 40359 MiB, 46068 MiB, 91.09 W
2026/09/26 17:02:17.224, NVIDIA L40S, 0 %, 40359 MiB, 46068 MiB, 91.21 W
2026/09/26 17:02:18.224, NVIDIA L40S, 0 %, 40359 MiB, 46068 MiB, 91.16 W
2026/09/26 17:02:19.224, NVIDIA L40S, 0 %, 40359 MiB, 46068 MiB, 91.13 W
2026/09/26 17:02:20.229, NVIDIA L40S, 0 %, 40359 MiB, 46068 MiB, 91.16 W
2026/09/26 17:02:21.229, NVIDIA L40S, 0 %, 40359 MiB, 46068 MiB, 90.89 W
2026/09/26 17:02:22.229, NVIDIA L40S, 0 %, 40359 MiB, 46068 MiB, 90.84 W
2026/09/26 17:02:23.230, NVIDIA L40S, 0 %, 40359 MiB, 46068 MiB, 90.93 W
2026/09/26 17:02:24.231, NVIDIA L40S, 0 %, 40359 MiB, 46068 MiB, 91.14 W
2026/09/26 17:02:25.231, NVIDIA L40S, 0 %, 40359 MiB, 46068 MiB, 91.26 W
2026/09/26 17:02:26.231, NVIDIA L40S, 0 %, 40359 MiB, 46068 MiB, 91.22 W
2026/09/26 17:02:27.231, NVIDIA L40S, 0 %, 40359 MiB, 46068 MiB, 91.16 W
2026/09/26 17:02:28.232, NVIDIA L40S, 0 %, 40359 MiB, 46068 MiB, 91.11 W
2026/09/26 17:02:29.232, NVIDIA L40S, 0 %, 40359 MiB, 46068 MiB, 91.17 W
2026/09/26 17:02:30.233, NVIDIA L40S, 0 %, 40359 MiB, 46068 MiB, 91.26 W
2026/09/26 17:02:31.234, NVIDIA L40S, 0 %, 40359 MiB, 46068 MiB, 91.35 W
2026/09/26 17:02:32.234, NVIDIA L40S, 0 %, 40359 MiB, 46068 MiB, 91.26 W
2026/09/26 17:02:33.234, NVIDIA L40S, 0 %, 40359 MiB, 46068 MiB, 91.26 W
2026/09/26 17:02:34.236, NVIDIA L40S, 0 %, 40359 MiB, 46068 MiB, 91.29 W
2026/09/26 17:02:35.237, NVIDIA L40S, 0 %, 40359 MiB, 46068 MiB, 91.17 W
2026/09/26 17:02:36.258, NVIDIA L40S, 0 %, 40359 MiB, 46068 MiB, 91.17 W
2026/09/26 17:02:37.258, NVIDIA L40S, 0 %, 40359 MiB, 46068 MiB, 91.22 W
2026/09/26 17:02:38.258, NVIDIA L40S, 0 %, 40359 MiB, 46068 MiB, 91.28 W
2026/09/26 17:02:39.259, NVIDIA L40S, 0 %, 40359 MiB, 46068 MiB, 91.19 W
2026/09/26 17:02:40.259, NVIDIA L40S, 0 %, 40359 MiB, 46068 MiB, 91.01 W
2026/09/26 17:02:41.259, NVIDIA L40S, 0 %, 40359 MiB, 46068 MiB, 91.01 W
2026/09/26 17:02:42.259, NVIDIA L40S, 0 %, 40359 MiB, 46068 MiB, 91.20 W
2026/09/26 17:02:43.260, NVIDIA L40S, 0 %, 40359 MiB, 46068 MiB, 91.29 W
2026/09/26 17:02:44.260, NVIDIA L40S, 0 %, 40359 MiB, 46068 MiB, 91.22 W
2026/09/26 17:02:45.262, NVIDIA L40S, 0 %, 40359 MiB, 46068 MiB, 91.35 W
2026/09/26 17:02:46.262, NVIDIA L40S, 0 %, 40359 MiB, 46068 MiB, 91.29 W
2026/09/26 17:02:47.262, NVIDIA L40S, 0 %, 40359 MiB, 46068 MiB, 91.14 W
2026/09/26 17:02:48.263, NVIDIA L40S, 0 %, 40359 MiB, 46068 MiB, 91.17 W
2026/09/26 17:02:49.263, NVIDIA L40S, 0 %, 40359 MiB, 46068 MiB, 91.08 W
2026/09/26 17:02:50.263, NVIDIA L40S, 0 %, 40359 MiB, 46068 MiB, 91.11 W
2026/09/26 17:02:51.263, NVIDIA L40S, 0 %, 40359 MiB, 46068 MiB, 91.25 W
2026/09/26 17:02:52.264, NVIDIA L40S, 0 %, 40359 MiB, 46068 MiB, 91.38 W
2026/09/26 17:02:53.264, NVIDIA L40S, 0 %, 40359 MiB, 46068 MiB, 91.35 W
2026/09/26 17:02:54.264, NVIDIA L40S, 0 %, 40359 MiB, 46068 MiB, 91.04 W
2026/09/26 17:02:55.265, NVIDIA L40S, 0 %, 40359 MiB, 46068 MiB, 91.13 W
2026/09/26 17:02:56.265, NVIDIA L40S, 0 %, 40359 MiB, 46068 MiB, 91.19 W
2026/09/26 17:02:57.265, NVIDIA L40S, 0 %, 40359 MiB, 46068 MiB, 91.07 W
2026/09/26 17:02:58.265, NVIDIA L40S, 0 %, 40359 MiB, 46068 MiB, 91.13 W
2026/09/26 17:02:59.267, NVIDIA L40S, 0 %, 40359 MiB, 46068 MiB, 91.16 W
2026/09/26 17:03:00.267, NVIDIA L40S, 0 %, 40359 MiB, 46068 MiB, 91.16 W
2026/09/26 17:03:01.267, NVIDIA L40S, 0 %, 40359 MiB, 46068 MiB, 91.19 W
2026/09/26 17:03:02.267, NVIDIA L40S, 0 %, 40359 MiB, 46068 MiB, 91.11 W
2026/09/26 17:03:03.268, NVIDIA L40S, 0 %, 40359 MiB, 46068 MiB, 91.11 W
2026/09/26 17:03:04.268, NVIDIA L40S, 0 %, 40359 MiB, 46068 MiB, 91.28 W
2026/09/26 17:03:05.268, NVIDIA L40S, 0 %, 40359 MiB, 46068 MiB, 91.35 W
2026/09/26 17:03:06.269, NVIDIA L40S, 0 %, 40359 MiB, 46068 MiB, 91.32 W
2026/09/26 17:03:07.269, NVIDIA L40S, 0 %, 40359 MiB, 46068 MiB, 91.23 W
2026/09/26 17:03:08.270, NVIDIA L40S, 0 %, 40359 MiB, 46068 MiB, 91.23 W
2026/09/26 17:03:09.270, NVIDIA L40S, 0 %, 40359 MiB, 46068 MiB, 91.29 W
2026/09/26 17:03:10.270, NVIDIA L40S, 0 %, 40359 MiB, 46068 MiB, 91.19 W
2026/09/26 17:03:11.271, NVIDIA L40S, 0 %, 40359 MiB, 46068 MiB, 91.01 W
2026/09/26 17:03:12.271, NVIDIA L40S, 0 %, 40359 MiB, 46068 MiB, 91.08 W
2026/09/26 17:03:13.271, NVIDIA L40S, 0 %, 40359 MiB, 46068 MiB, 91.08 W
2026/09/26 17:03:14.271, NVIDIA L40S, 0 %, 40359 MiB, 46068 MiB, 91.14 W
2026/09/26 17:03:15.272, NVIDIA L40S, 0 %, 40359 MiB, 46068 MiB, 91.11 W
2026/09/26 17:03:16.274, NVIDIA L40S, 0 %, 40359 MiB, 46068 MiB, 91.08 W
2026/09/26 17:03:17.274, NVIDIA L40S, 0 %, 40359 MiB, 46068 MiB, 91.38 W
2026/09/26 17:03:18.275, NVIDIA L40S, 0 %, 40359 MiB, 46068 MiB, 91.35 W
2026/09/26 17:03:19.275, NVIDIA L40S, 0 %, 40359 MiB, 46068 MiB, 91.20 W
2026/09/26 17:03:20.276, NVIDIA L40S, 0 %, 40359 MiB, 46068 MiB, 91.14 W
2026/09/26 17:03:21.276, NVIDIA L40S, 0 %, 40359 MiB, 46068 MiB, 91.11 W
2026/09/26 17:03:22.276, NVIDIA L40S, 0 %, 40359 MiB, 46068 MiB, 91.20 W
2026/09/26 17:03:23.277, NVIDIA L40S, 0 %, 40359 MiB, 46068 MiB, 91.23 W
2026/09/26 17:03:24.277, NVIDIA L40S, 0 %, 40359 MiB, 46068 MiB, 91.23 W
2026/09/26 17:03:25.277, NVIDIA L40S, 0 %, 40359 MiB, 46068 MiB, 91.32 W
2026/09/26 17:03:26.278, NVIDIA L40S, 0 %, 40359 MiB, 46068 MiB, 91.29 W
2026/09/26 17:03:27.278, NVIDIA L40S, 0 %, 40359 MiB, 46068 MiB, 91.29 W
2026/09/26 17:03:28.278, NVIDIA L40S, 0 %, 40359 MiB, 46068 MiB, 91.41 W
2026/09/26 17:03:29.279, NVIDIA L40S, 0 %, 40359 MiB, 46068 MiB, 91.41 W
2026/09/26 17:03:30.279, NVIDIA L40S, 0 %, 40359 MiB, 46068 MiB, 91.17 W
2026/09/26 17:03:31.279, NVIDIA L40S, 0 %, 40359 MiB, 46068 MiB, 91.14 W
2026/09/26 17:03:32.280, NVIDIA L40S, 0 %, 40359 MiB, 46068 MiB, 91.24 W
2026/09/26 17:03:33.280, NVIDIA L40S, 0 %, 40359 MiB, 46068 MiB, 91.14 W
2026/09/26 17:03:34.280, NVIDIA L40S, 0 %, 40359 MiB, 46068 MiB, 91.17 W
2026/09/26 17:03:35.280, NVIDIA L40S, 0 %, 40359 MiB, 46068 MiB, 91.14 W
2026/09/26 17:03:36.281, NVIDIA L40S, 0 %, 40359 MiB, 46068 MiB, 91.05 W
2026/09/26 17:03:37.282, NVIDIA L40S, 0 %, 40359 MiB, 46068 MiB, 91.08 W
2026/09/26 17:03:38.283, NVIDIA L40S, 0 %, 40359 MiB, 46068 MiB, 91.20 W
2026/09/26 17:03:39.283, NVIDIA L40S, 0 %, 40359 MiB, 46068 MiB, 91.25 W
2026/09/26 17:03:40.283, NVIDIA L40S, 0 %, 40359 MiB, 46068 MiB, 91.25 W
2026/09/26 17:03:41.284, NVIDIA L40S, 0 %, 40359 MiB, 46068 MiB, 91.38 W
2026/09/26 17:03:42.284, NVIDIA L40S, 0 %, 40359 MiB, 46068 MiB, 91.28 W
2026/09/26 17:03:43.285, NVIDIA L40S, 0 %, 40359 MiB, 46068 MiB, 91.13 W
2026/09/26 17:03:44.285, NVIDIA L40S, 0 %, 40359 MiB, 46068 MiB, 91.22 W
2026/09/26 17:03:45.285, NVIDIA L40S, 0 %, 40359 MiB, 46068 MiB, 91.22 W
2026/09/26 17:03:46.286, NVIDIA L40S, 0 %, 40359 MiB, 46068 MiB, 91.23 W
2026/09/26 17:03:47.287, NVIDIA L40S, 0 %, 40359 MiB, 46068 MiB, 91.08 W
2026/09/26 17:03:48.287, NVIDIA L40S, 0 %, 40359 MiB, 46068 MiB, 91.01 W
2026/09/26 17:03:49.287, NVIDIA L40S, 0 %, 40359 MiB, 46068 MiB, 91.23 W
2026/09/26 17:03:50.287, NVIDIA L40S, 0 %, 40359 MiB, 46068 MiB, 91.20 W
2026/09/26 17:03:51.288, NVIDIA L40S, 0 %, 40359 MiB, 46068 MiB, 91.23 W
2026/09/26 17:03:52.288, NVIDIA L40S, 0 %, 40359 MiB, 46068 MiB, 91.29 W
2026/09/26 17:03:53.288, NVIDIA L40S, 0 %, 40359 MiB, 46068 MiB, 91.17 W
2026/09/26 17:03:54.288, NVIDIA L40S, 0 %, 40359 MiB, 46068 MiB, 91.25 W
2026/09/26 17:03:55.289, NVIDIA L40S, 0 %, 40359 MiB, 46068 MiB, 91.31 W
2026/09/26 17:03:56.289, NVIDIA L40S, 0 %, 40359 MiB, 46068 MiB, 91.31 W
2026/09/26 17:03:57.289, NVIDIA L40S, 0 %, 40359 MiB, 46068 MiB, 91.19 W
2026/09/26 17:03:58.290, NVIDIA L40S, 0 %, 40359 MiB, 46068 MiB, 91.16 W
2026/09/26 17:03:59.290, NVIDIA L40S, 0 %, 40359 MiB, 46068 MiB, 91.13 W
2026/09/26 17:04:00.292, NVIDIA L40S, 0 %, 40359 MiB, 46068 MiB, 91.22 W
2026/09/26 17:04:01.292, NVIDIA L40S, 0 %, 40359 MiB, 46068 MiB, 91.32 W
2026/09/26 17:04:02.292, NVIDIA L40S, 0 %, 40359 MiB, 46068 MiB, 91.22 W
2026/09/26 17:04:03.293, NVIDIA L40S, 0 %, 40359 MiB, 46068 MiB, 91.25 W
2026/09/26 17:04:04.293, NVIDIA L40S, 0 %, 40359 MiB, 46068 MiB, 91.23 W
2026/09/26 17:04:05.293, NVIDIA L40S, 0 %, 40359 MiB, 46068 MiB, 91.11 W
2026/09/26 17:04:06.294, NVIDIA L40S, 0 %, 40359 MiB, 46068 MiB, 91.08 W
2026/09/26 17:04:07.294, NVIDIA L40S, 0 %, 40359 MiB, 46068 MiB, 91.11 W
2026/09/26 17:04:08.294, NVIDIA L40S, 0 %, 40359 MiB, 46068 MiB, 91.04 W
2026/09/26 17:04:09.294, NVIDIA L40S, 0 %, 40359 MiB, 46068 MiB, 91.13 W
2026/09/26 17:04:10.295, NVIDIA L40S, 0 %, 40359 MiB, 46068 MiB, 91.25 W
2026/09/26 17:04:11.295, NVIDIA L40S, 0 %, 40359 MiB, 46068 MiB, 91.25 W
2026/09/26 17:04:12.295, NVIDIA L40S, 0 %, 40359 MiB, 46068 MiB, 91.35 W
2026/09/26 17:04:13.296, NVIDIA L40S, 0 %, 40359 MiB, 46068 MiB, 91.25 W
2026/09/26 17:04:14.296, NVIDIA L40S, 0 %, 40359 MiB, 46068 MiB, 91.04 W
2026/09/26 17:04:15.296, NVIDIA L40S, 0 %, 40359 MiB, 46068 MiB, 91.19 W
2026/09/26 17:04:16.297, NVIDIA L40S, 0 %, 40359 MiB, 46068 MiB, 91.31 W
2026/09/26 17:04:17.297, NVIDIA L40S, 0 %, 40359 MiB, 46068 MiB, 91.25 W
2026/09/26 17:04:18.298, NVIDIA L40S, 0 %, 40359 MiB, 46068 MiB, 91.29 W
2026/09/26 17:04:19.298, NVIDIA L40S, 0 %, 40359 MiB, 46068 MiB, 91.20 W
2026/09/26 17:04:20.298, NVIDIA L40S, 0 %, 40359 MiB, 46068 MiB, 91.03 W
2026/09/26 17:04:21.299, NVIDIA L40S, 0 %, 40359 MiB, 46068 MiB, 91.06 W
2026/09/26 17:04:22.300, NVIDIA L40S, 0 %, 40359 MiB, 46068 MiB, 91.22 W
2026/09/26 17:04:23.300, NVIDIA L40S, 0 %, 40359 MiB, 46068 MiB, 91.29 W
2026/09/26 17:04:24.300, NVIDIA L40S, 0 %, 40359 MiB, 46068 MiB, 91.35 W
2026/09/26 17:04:25.301, NVIDIA L40S, 0 %, 40359 MiB, 46068 MiB, 91.38 W
2026/09/26 17:04:26.301, NVIDIA L40S, 0 %, 40359 MiB, 46068 MiB, 91.22 W
2026/09/26 17:04:27.302, NVIDIA L40S, 0 %, 40359 MiB, 46068 MiB, 91.02 W
2026/09/26 17:04:28.302, NVIDIA L40S, 0 %, 40359 MiB, 46068 MiB, 91.02 W
2026/09/26 17:04:29.303, NVIDIA L40S, 0 %, 40359 MiB, 46068 MiB, 91.17 W
2026/09/26 17:04:30.303, NVIDIA L40S, 0 %, 40359 MiB, 46068 MiB, 91.17 W
2026/09/26 17:04:31.303, NVIDIA L40S, 0 %, 40359 MiB, 46068 MiB, 91.23 W
2026/09/26 17:04:32.303, NVIDIA L40S, 0 %, 40359 MiB, 46068 MiB, 91.11 W
2026/09/26 17:04:33.304, NVIDIA L40S, 0 %, 40359 MiB, 46068 MiB, 91.08 W
2026/09/26 17:04:34.304, NVIDIA L40S, 0 %, 40359 MiB, 46068 MiB, 91.10 W
2026/09/26 17:04:35.304, NVIDIA L40S, 0 %, 40359 MiB, 46068 MiB, 91.10 W
2026/09/26 17:04:36.305, NVIDIA L40S, 0 %, 40359 MiB, 46068 MiB, 91.20 W
2026/09/26 17:04:37.305, NVIDIA L40S, 0 %, 40359 MiB, 46068 MiB, 91.32 W
2026/09/26 17:04:38.305, NVIDIA L40S, 0 %, 40359 MiB, 46068 MiB, 91.29 W
2026/09/26 17:04:39.306, NVIDIA L40S, 0 %, 40359 MiB, 46068 MiB, 91.14 W
2026/09/26 17:04:40.317, NVIDIA L40S, 0 %, 40359 MiB, 46068 MiB, 91.11 W
2026/09/26 17:04:41.319, NVIDIA L40S, 0 %, 40359 MiB, 46068 MiB, 91.43 W
2026/09/26 17:04:42.320, NVIDIA L40S, 0 %, 40359 MiB, 46068 MiB, 91.43 W
2026/09/26 17:04:43.320, NVIDIA L40S, 0 %, 40359 MiB, 46068 MiB, 91.16 W
2026/09/26 17:04:44.320, NVIDIA L40S, 0 %, 40359 MiB, 46068 MiB, 91.20 W
2026/09/26 17:04:45.321, NVIDIA L40S, 0 %, 40359 MiB, 46068 MiB, 91.14 W
2026/09/26 17:04:46.321, NVIDIA L40S, 0 %, 40359 MiB, 46068 MiB, 91.17 W
2026/09/26 17:04:47.321, NVIDIA L40S, 0 %, 40359 MiB, 46068 MiB, 91.07 W
2026/09/26 17:04:48.322, NVIDIA L40S, 0 %, 40359 MiB, 46068 MiB, 91.13 W
2026/09/26 17:04:49.322, NVIDIA L40S, 0 %, 40359 MiB, 46068 MiB, 91.25 W
2026/09/26 17:04:50.322, NVIDIA L40S, 0 %, 40359 MiB, 46068 MiB, 91.22 W
2026/09/26 17:04:51.323, NVIDIA L40S, 0 %, 40359 MiB, 46068 MiB, 91.44 W
2026/09/26 17:04:52.323, NVIDIA L40S, 0 %, 40359 MiB, 46068 MiB, 91.32 W
2026/09/26 17:04:53.324, NVIDIA L40S, 0 %, 40359 MiB, 46068 MiB, 91.05 W
2026/09/26 17:04:54.324, NVIDIA L40S, 0 %, 40359 MiB, 46068 MiB, 91.05 W
2026/09/26 17:04:55.324, NVIDIA L40S, 0 %, 40359 MiB, 46068 MiB, 91.13 W
2026/09/26 17:04:56.326, NVIDIA L40S, 0 %, 40359 MiB, 46068 MiB, 91.25 W
2026/09/26 17:04:57.326, NVIDIA L40S, 0 %, 40359 MiB, 46068 MiB, 91.22 W
2026/09/26 17:04:58.327, NVIDIA L40S, 0 %, 40359 MiB, 46068 MiB, 91.17 W
2026/09/26 17:04:59.327, NVIDIA L40S, 0 %, 40359 MiB, 46068 MiB, 91.32 W
2026/09/26 17:05:00.327, NVIDIA L40S, 0 %, 40359 MiB, 46068 MiB, 91.40 W
2026/09/26 17:05:01.327, NVIDIA L40S, 0 %, 40359 MiB, 46068 MiB, 91.35 W
2026/09/26 17:05:02.328, NVIDIA L40S, 0 %, 40359 MiB, 46068 MiB, 91.20 W
2026/09/26 17:05:03.329, NVIDIA L40S, 0 %, 40359 MiB, 46068 MiB, 91.13 W
2026/09/26 17:05:04.329, NVIDIA L40S, 0 %, 40359 MiB, 46068 MiB, 91.31 W
2026/09/26 17:05:05.329, NVIDIA L40S, 0 %, 40359 MiB, 46068 MiB, 91.37 W
2026/09/26 17:05:06.330, NVIDIA L40S, 0 %, 40359 MiB, 46068 MiB, 91.53 W
2026/09/26 17:05:07.330, NVIDIA L40S, 0 %, 40359 MiB, 46068 MiB, 91.41 W
2026/09/26 17:05:08.330, NVIDIA L40S, 0 %, 40359 MiB, 46068 MiB, 91.26 W
2026/09/26 17:05:09.330, NVIDIA L40S, 0 %, 40359 MiB, 46068 MiB, 91.38 W
2026/09/26 17:05:10.331, NVIDIA L40S, 0 %, 40359 MiB, 46068 MiB, 91.22 W
2026/09/26 17:05:11.331, NVIDIA L40S, 0 %, 40359 MiB, 46068 MiB, 91.53 W
2026/09/26 17:05:12.331, NVIDIA L40S, 0 %, 40359 MiB, 46068 MiB, 91.59 W
2026/09/26 17:05:13.331, NVIDIA L40S, 0 %, 40359 MiB, 46068 MiB, 91.24 W
2026/09/26 17:05:14.333, NVIDIA L40S, 0 %, 40359 MiB, 46068 MiB, 91.33 W
2026/09/26 17:05:15.333, NVIDIA L40S, 0 %, 40359 MiB, 46068 MiB, 91.38 W
2026/09/26 17:05:16.333, NVIDIA L40S, 0 %, 40359 MiB, 46068 MiB, 91.41 W
2026/09/26 17:05:17.333, NVIDIA L40S, 0 %, 40359 MiB, 46068 MiB, 91.32 W
2026/09/26 17:05:18.334, NVIDIA L40S, 0 %, 40359 MiB, 46068 MiB, 91.05 W
2026/09/26 17:05:19.335, NVIDIA L40S, 0 %, 40359 MiB, 46068 MiB, 91.09 W
2026/09/26 17:05:20.335, NVIDIA L40S, 0 %, 40359 MiB, 46068 MiB, 91.24 W
2026/09/26 17:05:21.335, NVIDIA L40S, 0 %, 40359 MiB, 46068 MiB, 91.26 W
2026/09/26 17:05:22.336, NVIDIA L40S, 0 %, 40359 MiB, 46068 MiB, 91.32 W
2026/09/26 17:05:23.337, NVIDIA L40S, 0 %, 40359 MiB, 46068 MiB, 91.13 W
2026/09/26 17:05:24.337, NVIDIA L40S, 0 %, 40359 MiB, 46068 MiB, 91.13 W
2026/09/26 17:05:25.337, NVIDIA L40S, 0 %, 40359 MiB, 46068 MiB, 91.28 W
2026/09/26 17:05:26.339, NVIDIA L40S, 0 %, 40359 MiB, 46068 MiB, 91.31 W
2026/09/26 17:05:27.339, NVIDIA L40S, 0 %, 40359 MiB, 46068 MiB, 91.16 W
2026/09/26 17:05:28.340, NVIDIA L40S, 0 %, 40359 MiB, 46068 MiB, 91.17 W
2026/09/26 17:05:29.340, NVIDIA L40S, 0 %, 40359 MiB, 46068 MiB, 91.26 W
2026/09/26 17:05:30.341, NVIDIA L40S, 0 %, 40359 MiB, 46068 MiB, 91.02 W
2026/09/26 17:05:31.341, NVIDIA L40S, 0 %, 40359 MiB, 46068 MiB, 90.86 W
2026/09/26 17:05:32.341, NVIDIA L40S, 0 %, 40359 MiB, 46068 MiB, 91.04 W
2026/09/26 17:05:33.342, NVIDIA L40S, 0 %, 40359 MiB, 46068 MiB, 91.38 W
2026/09/26 17:05:34.343, NVIDIA L40S, 0 %, 40359 MiB, 46068 MiB, 91.36 W
2026/09/26 17:05:35.344, NVIDIA L40S, 0 %, 40359 MiB, 46068 MiB, 91.17 W
2026/09/26 17:05:36.344, NVIDIA L40S, 100 %, 40361 MiB, 46068 MiB, 168.20 W
2026/09/26 17:05:37.344, NVIDIA L40S, 100 %, 40361 MiB, 46068 MiB, 261.51 W
2026/09/26 17:05:38.345, NVIDIA L40S, 100 %, 40361 MiB, 46068 MiB, 258.05 W
2026/09/26 17:05:39.345, NVIDIA L40S, 100 %, 40361 MiB, 46068 MiB, 251.95 W
2026/09/26 17:05:40.346, NVIDIA L40S, 100 %, 40361 MiB, 46068 MiB, 256.68 W
2026/09/26 17:05:41.346, NVIDIA L40S, 100 %, 40361 MiB, 46068 MiB, 260.88 W
2026/09/26 17:05:42.346, NVIDIA L40S, 100 %, 40361 MiB, 46068 MiB, 260.79 W
2026/09/26 17:05:43.360, NVIDIA L40S, 100 %, 40361 MiB, 46068 MiB, 261.56 W
2026/09/26 17:05:44.360, NVIDIA L40S, 100 %, 40361 MiB, 46068 MiB, 262.75 W
2026/09/26 17:05:45.361, NVIDIA L40S, 100 %, 40361 MiB, 46068 MiB, 267.17 W
2026/09/26 17:05:46.361, NVIDIA L40S, 87 %, 40361 MiB, 46068 MiB, 266.81 W
2026/09/26 17:05:47.362, NVIDIA L40S, 100 %, 40361 MiB, 46068 MiB, 262.61 W
2026/09/26 17:05:48.363, NVIDIA L40S, 100 %, 40361 MiB, 46068 MiB, 259.08 W
2026/09/26 17:05:49.363, NVIDIA L40S, 0 %, 40361 MiB, 46068 MiB, 168.10 W
2026/09/26 17:05:50.363, NVIDIA L40S, 0 %, 40361 MiB, 46068 MiB, 122.33 W
2026/09/26 17:05:51.364, NVIDIA L40S, 0 %, 40361 MiB, 46068 MiB, 94.10 W
2026/09/26 17:05:52.364, NVIDIA L40S, 0 %, 40361 MiB, 46068 MiB, 93.95 W
2026/09/26 17:05:53.364, NVIDIA L40S, 0 %, 40361 MiB, 46068 MiB, 93.83 W
2026/09/26 17:05:54.364, NVIDIA L40S, 0 %, 40361 MiB, 46068 MiB, 93.83 W
2026/09/26 17:05:55.365, NVIDIA L40S, 0 %, 40361 MiB, 46068 MiB, 93.68 W
2026/09/26 17:05:56.365, NVIDIA L40S, 0 %, 40361 MiB, 46068 MiB, 93.56 W
2026/09/26 17:05:57.365, NVIDIA L40S, 0 %, 40361 MiB, 46068 MiB, 93.59 W
2026/09/26 17:05:58.365, NVIDIA L40S, 0 %, 40361 MiB, 46068 MiB, 93.56 W
2026/09/26 17:05:59.366, NVIDIA L40S, 0 %, 40361 MiB, 46068 MiB, 93.53 W
2026/09/26 17:06:00.366, NVIDIA L40S, 0 %, 40361 MiB, 46068 MiB, 93.32 W
2026/09/26 17:06:01.366, NVIDIA L40S, 0 %, 40361 MiB, 46068 MiB, 93.19 W
2026/09/26 17:06:02.367, NVIDIA L40S, 0 %, 40361 MiB, 46068 MiB, 93.25 W
2026/09/26 17:06:03.367, NVIDIA L40S, 0 %, 40361 MiB, 46068 MiB, 93.35 W
2026/09/26 17:06:04.367, NVIDIA L40S, 0 %, 40361 MiB, 46068 MiB, 93.29 W
2026/09/26 17:06:05.367, NVIDIA L40S, 0 %, 40361 MiB, 46068 MiB, 93.16 W
2026/09/26 17:06:06.368, NVIDIA L40S, 0 %, 40361 MiB, 46068 MiB, 93.13 W
2026/09/26 17:06:07.368, NVIDIA L40S, 0 %, 40361 MiB, 46068 MiB, 93.01 W
2026/09/26 17:06:08.368, NVIDIA L40S, 0 %, 40361 MiB, 46068 MiB, 93.11 W
2026/09/26 17:06:09.368, NVIDIA L40S, 0 %, 40361 MiB, 46068 MiB, 92.98 W
2026/09/26 17:06:10.370, NVIDIA L40S, 0 %, 40361 MiB, 46068 MiB, 92.77 W
2026/09/26 17:06:11.370, NVIDIA L40S, 0 %, 40361 MiB, 46068 MiB, 92.80 W
2026/09/26 17:06:12.370, NVIDIA L40S, 0 %, 40361 MiB, 46068 MiB, 92.92 W
2026/09/26 17:06:13.371, NVIDIA L40S, 0 %, 40361 MiB, 46068 MiB, 92.95 W
2026/09/26 17:06:14.376, NVIDIA L40S, 0 %, 40361 MiB, 46068 MiB, 92.92 W
2026/09/26 17:06:15.376, NVIDIA L40S, 0 %, 40361 MiB, 46068 MiB, 92.83 W
2026/09/26 17:06:16.376, NVIDIA L40S, 0 %, 40361 MiB, 46068 MiB, 92.71 W
2026/09/26 17:06:17.376, NVIDIA L40S, 0 %, 40361 MiB, 46068 MiB, 92.74 W
2026/09/26 17:06:18.376, NVIDIA L40S, 0 %, 40361 MiB, 46068 MiB, 92.83 W
2026/09/26 17:06:19.377, NVIDIA L40S, 0 %, 40361 MiB, 46068 MiB, 92.98 W
2026/09/26 17:06:20.377, NVIDIA L40S, 0 %, 40361 MiB, 46068 MiB, 92.92 W
2026/09/26 17:06:21.377, NVIDIA L40S, 0 %, 40361 MiB, 46068 MiB, 92.68 W
2026/09/26 17:06:22.378, NVIDIA L40S, 0 %, 40361 MiB, 46068 MiB, 92.62 W
2026/09/26 17:06:23.378, NVIDIA L40S, 0 %, 40361 MiB, 46068 MiB, 92.83 W
2026/09/26 17:06:24.378, NVIDIA L40S, 0 %, 40361 MiB, 46068 MiB, 92.71 W
2026/09/26 17:06:25.379, NVIDIA L40S, 0 %, 40361 MiB, 46068 MiB, 92.59 W
2026/09/26 17:06:26.379, NVIDIA L40S, 0 %, 40361 MiB, 46068 MiB, 92.68 W
2026/09/26 17:06:27.379, NVIDIA L40S, 0 %, 40361 MiB, 46068 MiB, 92.53 W
2026/09/26 17:06:28.379, NVIDIA L40S, 0 %, 40361 MiB, 46068 MiB, 92.56 W
2026/09/26 17:06:29.380, NVIDIA L40S, 0 %, 40361 MiB, 46068 MiB, 92.65 W
2026/09/26 17:06:30.381, NVIDIA L40S, 0 %, 40361 MiB, 46068 MiB, 92.56 W
2026/09/26 17:06:31.381, NVIDIA L40S, 0 %, 40361 MiB, 46068 MiB, 92.38 W
2026/09/26 17:06:32.381, NVIDIA L40S, 0 %, 40361 MiB, 46068 MiB, 92.38 W
2026/09/26 17:06:33.382, NVIDIA L40S, 0 %, 40361 MiB, 46068 MiB, 92.47 W
2026/09/26 17:06:34.383, NVIDIA L40S, 0 %, 40361 MiB, 46068 MiB, 92.50 W
2026/09/26 17:06:35.383, NVIDIA L40S, 0 %, 40361 MiB, 46068 MiB, 92.43 W
2026/09/26 17:06:36.384, NVIDIA L40S, 0 %, 40361 MiB, 46068 MiB, 92.50 W
2026/09/26 17:06:37.384, NVIDIA L40S, 0 %, 40361 MiB, 46068 MiB, 92.47 W
2026/09/26 17:06:38.384, NVIDIA L40S, 0 %, 40361 MiB, 46068 MiB, 92.35 W
2026/09/26 17:06:39.386, NVIDIA L40S, 0 %, 40361 MiB, 46068 MiB, 92.56 W
2026/09/26 17:06:40.386, NVIDIA L40S, 0 %, 40361 MiB, 46068 MiB, 92.47 W
2026/09/26 17:06:41.386, NVIDIA L40S, 0 %, 40361 MiB, 46068 MiB, 92.38 W
2026/09/26 17:06:42.387, NVIDIA L40S, 0 %, 40361 MiB, 46068 MiB, 92.40 W
2026/09/26 17:06:43.387, NVIDIA L40S, 0 %, 40361 MiB, 46068 MiB, 92.31 W
2026/09/26 17:06:44.388, NVIDIA L40S, 0 %, 40361 MiB, 46068 MiB, 92.43 W
2026/09/26 17:06:45.388, NVIDIA L40S, 0 %, 40361 MiB, 46068 MiB, 92.40 W
2026/09/26 17:06:46.399, NVIDIA L40S, 0 %, 40361 MiB, 46068 MiB, 92.22 W
2026/09/26 17:06:47.400, NVIDIA L40S, 0 %, 40361 MiB, 46068 MiB, 92.25 W
2026/09/26 17:06:48.400, NVIDIA L40S, 0 %, 40361 MiB, 46068 MiB, 92.31 W
2026/09/26 17:06:49.401, NVIDIA L40S, 0 %, 40361 MiB, 46068 MiB, 92.43 W
2026/09/26 17:06:50.401, NVIDIA L40S, 0 %, 40361 MiB, 46068 MiB, 92.41 W
2026/09/26 17:06:51.403, NVIDIA L40S, 0 %, 40361 MiB, 46068 MiB, 92.29 W
2026/09/26 17:06:52.403, NVIDIA L40S, 0 %, 40361 MiB, 46068 MiB, 92.22 W
2026/09/26 17:06:53.404, NVIDIA L40S, 0 %, 40361 MiB, 46068 MiB, 92.12 W
2026/09/26 17:06:54.404, NVIDIA L40S, 0 %, 40361 MiB, 46068 MiB, 92.25 W
2026/09/26 17:06:55.404, NVIDIA L40S, 0 %, 40361 MiB, 46068 MiB, 92.10 W
2026/09/26 17:06:56.405, NVIDIA L40S, 0 %, 40361 MiB, 46068 MiB, 92.01 W
2026/09/26 17:06:57.421, NVIDIA L40S, 0 %, 40361 MiB, 46068 MiB, 92.25 W
2026/09/26 17:06:58.421, NVIDIA L40S, 0 %, 40361 MiB, 46068 MiB, 92.19 W
2026/09/26 17:06:59.422, NVIDIA L40S, 0 %, 40361 MiB, 46068 MiB, 92.07 W
2026/09/26 17:07:00.422, NVIDIA L40S, 0 %, 40361 MiB, 46068 MiB, 92.19 W
2026/09/26 17:07:01.423, NVIDIA L40S, 0 %, 40361 MiB, 46068 MiB, 92.31 W
2026/09/26 17:07:02.423, NVIDIA L40S, 0 %, 40361 MiB, 46068 MiB, 92.19 W
2026/09/26 17:07:03.424, NVIDIA L40S, 0 %, 40361 MiB, 46068 MiB, 92.01 W
2026/09/26 17:07:04.424, NVIDIA L40S, 0 %, 40361 MiB, 46068 MiB, 91.98 W
2026/09/26 17:07:05.424, NVIDIA L40S, 0 %, 40361 MiB, 46068 MiB, 92.04 W
2026/09/26 17:07:06.425, NVIDIA L40S, 0 %, 40361 MiB, 46068 MiB, 92.10 W
2026/09/26 17:07:07.426, NVIDIA L40S, 0 %, 40361 MiB, 46068 MiB, 92.00 W
2026/09/26 17:07:08.426, NVIDIA L40S, 0 %, 40361 MiB, 46068 MiB, 92.12 W
2026/09/26 17:07:09.427, NVIDIA L40S, 0 %, 40361 MiB, 46068 MiB, 92.31 W
2026/09/26 17:07:10.428, NVIDIA L40S, 0 %, 40361 MiB, 46068 MiB, 92.10 W
2026/09/26 17:07:11.428, NVIDIA L40S, 0 %, 40361 MiB, 46068 MiB, 92.07 W
2026/09/26 17:07:12.428, NVIDIA L40S, 0 %, 40361 MiB, 46068 MiB, 92.17 W
2026/09/26 17:07:13.429, NVIDIA L40S, 0 %, 40361 MiB, 46068 MiB, 92.17 W
2026/09/26 17:07:14.429, NVIDIA L40S, 0 %, 40361 MiB, 46068 MiB, 92.20 W
2026/09/26 17:07:15.429, NVIDIA L40S, 0 %, 40361 MiB, 46068 MiB, 92.35 W
2026/09/26 17:07:16.430, NVIDIA L40S, 0 %, 40361 MiB, 46068 MiB, 92.16 W
2026/09/26 17:07:17.430, NVIDIA L40S, 0 %, 40361 MiB, 46068 MiB, 92.04 W
2026/09/26 17:07:18.430, NVIDIA L40S, 0 %, 40361 MiB, 46068 MiB, 92.13 W
2026/09/26 17:07:19.431, NVIDIA L40S, 0 %, 40361 MiB, 46068 MiB, 92.01 W
2026/09/26 17:07:20.431, NVIDIA L40S, 0 %, 40361 MiB, 46068 MiB, 92.01 W
2026/09/26 17:07:21.432, NVIDIA L40S, 0 %, 40361 MiB, 46068 MiB, 91.89 W
2026/09/26 17:07:22.432, NVIDIA L40S, 0 %, 40361 MiB, 46068 MiB, 92.01 W
2026/09/26 17:07:23.432, NVIDIA L40S, 0 %, 40361 MiB, 46068 MiB, 92.07 W
2026/09/26 17:07:24.432, NVIDIA L40S, 0 %, 40361 MiB, 46068 MiB, 92.10 W
2026/09/26 17:07:25.433, NVIDIA L40S, 0 %, 40361 MiB, 46068 MiB, 92.07 W
2026/09/26 17:07:26.433, NVIDIA L40S, 0 %, 40361 MiB, 46068 MiB, 91.94 W
2026/09/26 17:07:27.433, NVIDIA L40S, 0 %, 40361 MiB, 46068 MiB, 92.04 W
2026/09/26 17:07:28.434, NVIDIA L40S, 0 %, 40361 MiB, 46068 MiB, 92.11 W
2026/09/26 17:07:29.434, NVIDIA L40S, 0 %, 40361 MiB, 46068 MiB, 92.08 W
2026/09/26 17:07:30.435, NVIDIA L40S, 0 %, 40361 MiB, 46068 MiB, 92.01 W
2026/09/26 17:07:31.436, NVIDIA L40S, 0 %, 40361 MiB, 46068 MiB, 92.13 W
2026/09/26 17:07:32.436, NVIDIA L40S, 0 %, 40361 MiB, 46068 MiB, 92.20 W
2026/09/26 17:07:33.437, NVIDIA L40S, 0 %, 40361 MiB, 46068 MiB, 92.13 W
2026/09/26 17:07:34.437, NVIDIA L40S, 0 %, 40361 MiB, 46068 MiB, 92.16 W
2026/09/26 17:07:35.437, NVIDIA L40S, 0 %, 40361 MiB, 46068 MiB, 92.19 W
2026/09/26 17:07:36.437, NVIDIA L40S, 0 %, 40361 MiB, 46068 MiB, 92.19 W
2026/09/26 17:07:37.438, NVIDIA L40S, 0 %, 40361 MiB, 46068 MiB, 92.01 W
2026/09/26 17:07:38.461, NVIDIA L40S, 0 %, 40361 MiB, 46068 MiB, 91.92 W
2026/09/26 17:07:39.462, NVIDIA L40S, 0 %, 40361 MiB, 46068 MiB, 92.07 W
2026/09/26 17:07:40.462, NVIDIA L40S, 0 %, 40361 MiB, 46068 MiB, 92.12 W
2026/09/26 17:07:41.462, NVIDIA L40S, 0 %, 40361 MiB, 46068 MiB, 92.06 W
2026/09/26 17:07:42.463, NVIDIA L40S, 0 %, 40361 MiB, 46068 MiB, 91.91 W
2026/09/26 17:07:43.463, NVIDIA L40S, 0 %, 40361 MiB, 46068 MiB, 91.88 W
2026/09/26 17:07:44.464, NVIDIA L40S, 0 %, 40361 MiB, 46068 MiB, 91.91 W
2026/09/26 17:07:45.464, NVIDIA L40S, 0 %, 40361 MiB, 46068 MiB, 91.91 W
2026/09/26 17:07:46.464, NVIDIA L40S, 0 %, 40361 MiB, 46068 MiB, 91.91 W
2026/09/26 17:07:47.464, NVIDIA L40S, 0 %, 40361 MiB, 46068 MiB, 92.00 W
2026/09/26 17:07:48.465, NVIDIA L40S, 0 %, 40361 MiB, 46068 MiB, 92.00 W
2026/09/26 17:07:49.465, NVIDIA L40S, 0 %, 40361 MiB, 46068 MiB, 92.03 W
2026/09/26 17:07:50.466, NVIDIA L40S, 0 %, 40361 MiB, 46068 MiB, 91.97 W
2026/09/26 17:07:51.466, NVIDIA L40S, 0 %, 40361 MiB, 46068 MiB, 91.85 W
2026/09/26 17:07:52.466, NVIDIA L40S, 0 %, 40361 MiB, 46068 MiB, 92.00 W
2026/09/26 17:07:53.466, NVIDIA L40S, 0 %, 40361 MiB, 46068 MiB, 92.13 W
2026/09/26 17:07:54.467, NVIDIA L40S, 0 %, 40361 MiB, 46068 MiB, 92.00 W
2026/09/26 17:07:55.468, NVIDIA L40S, 0 %, 40361 MiB, 46068 MiB, 92.00 W
2026/09/26 17:07:56.468, NVIDIA L40S, 0 %, 40361 MiB, 46068 MiB, 92.00 W
2026/09/26 17:07:57.468, NVIDIA L40S, 0 %, 40361 MiB, 46068 MiB, 91.98 W
2026/09/26 17:07:58.469, NVIDIA L40S, 0 %, 40361 MiB, 46068 MiB, 91.98 W
2026/09/26 17:07:59.469, NVIDIA L40S, 0 %, 40361 MiB, 46068 MiB, 92.03 W
2026/09/26 17:08:00.469, NVIDIA L40S, 0 %, 40361 MiB, 46068 MiB, 92.03 W
2026/09/26 17:08:01.471, NVIDIA L40S, 0 %, 40361 MiB, 46068 MiB, 91.95 W
2026/09/26 17:08:02.471, NVIDIA L40S, 0 %, 40361 MiB, 46068 MiB, 92.00 W
2026/09/26 17:08:03.471, NVIDIA L40S, 0 %, 40361 MiB, 46068 MiB, 92.00 W
2026/09/26 17:08:04.472, NVIDIA L40S, 0 %, 40361 MiB, 46068 MiB, 91.91 W
2026/09/26 17:08:05.472, NVIDIA L40S, 0 %, 40361 MiB, 46068 MiB, 91.88 W
2026/09/26 17:08:06.472, NVIDIA L40S, 0 %, 40361 MiB, 46068 MiB, 92.03 W
2026/09/26 17:08:07.473, NVIDIA L40S, 0 %, 40361 MiB, 46068 MiB, 92.03 W
2026/09/26 17:08:08.473, NVIDIA L40S, 0 %, 40361 MiB, 46068 MiB, 92.00 W
2026/09/26 17:08:09.474, NVIDIA L40S, 0 %, 40361 MiB, 46068 MiB, 91.98 W
2026/09/26 17:08:10.474, NVIDIA L40S, 0 %, 40361 MiB, 46068 MiB, 91.83 W
2026/09/26 17:08:11.474, NVIDIA L40S, 0 %, 40361 MiB, 46068 MiB, 91.89 W
2026/09/26 17:08:12.475, NVIDIA L40S, 0 %, 40361 MiB, 46068 MiB, 92.01 W
2026/09/26 17:08:13.476, NVIDIA L40S, 0 %, 40361 MiB, 46068 MiB, 92.04 W
2026/09/26 17:08:14.476, NVIDIA L40S, 0 %, 40361 MiB, 46068 MiB, 92.19 W
2026/09/26 17:08:15.476, NVIDIA L40S, 0 %, 40361 MiB, 46068 MiB, 92.22 W
2026/09/26 17:08:16.476, NVIDIA L40S, 0 %, 40361 MiB, 46068 MiB, 91.95 W
2026/09/26 17:08:17.477, NVIDIA L40S, 0 %, 40361 MiB, 46068 MiB, 91.86 W
2026/09/26 17:08:18.478, NVIDIA L40S, 0 %, 40361 MiB, 46068 MiB, 91.86 W
2026/09/26 17:08:19.478, NVIDIA L40S, 0 %, 40361 MiB, 46068 MiB, 91.68 W
2026/09/26 17:08:20.478, NVIDIA L40S, 0 %, 40361 MiB, 46068 MiB, 91.80 W
2026/09/26 17:08:21.479, NVIDIA L40S, 0 %, 40361 MiB, 46068 MiB, 91.68 W
2026/09/26 17:08:22.479, NVIDIA L40S, 0 %, 40361 MiB, 46068 MiB, 91.65 W
2026/09/26 17:08:23.480, NVIDIA L40S, 0 %, 40361 MiB, 46068 MiB, 91.95 W
2026/09/26 17:08:24.480, NVIDIA L40S, 0 %, 40361 MiB, 46068 MiB, 91.84 W
2026/09/26 17:08:25.480, NVIDIA L40S, 0 %, 40361 MiB, 46068 MiB, 91.75 W
2026/09/26 17:08:26.480, NVIDIA L40S, 0 %, 40361 MiB, 46068 MiB, 91.80 W
2026/09/26 17:08:27.481, NVIDIA L40S, 0 %, 40361 MiB, 46068 MiB, 92.01 W
2026/09/26 17:08:28.481, NVIDIA L40S, 0 %, 40361 MiB, 46068 MiB, 92.01 W
2026/09/26 17:08:29.481, NVIDIA L40S, 0 %, 40361 MiB, 46068 MiB, 91.74 W
2026/09/26 17:08:30.482, NVIDIA L40S, 0 %, 40361 MiB, 46068 MiB, 91.66 W
2026/09/26 17:08:31.482, NVIDIA L40S, 0 %, 40361 MiB, 46068 MiB, 91.78 W
2026/09/26 17:08:32.483, NVIDIA L40S, 0 %, 40361 MiB, 46068 MiB, 91.95 W
2026/09/26 17:08:33.483, NVIDIA L40S, 0 %, 40361 MiB, 46068 MiB, 91.95 W
2026/09/26 17:08:34.483, NVIDIA L40S, 0 %, 40361 MiB, 46068 MiB, 92.00 W
2026/09/26 17:08:35.484, NVIDIA L40S, 0 %, 40361 MiB, 46068 MiB, 92.10 W
2026/09/26 17:08:36.484, NVIDIA L40S, 0 %, 40361 MiB, 46068 MiB, 91.98 W
2026/09/26 17:08:37.485, NVIDIA L40S, 0 %, 40361 MiB, 46068 MiB, 91.98 W
2026/09/26 17:08:38.485, NVIDIA L40S, 0 %, 40361 MiB, 46068 MiB, 91.97 W
2026/09/26 17:08:39.486, NVIDIA L40S, 0 %, 40361 MiB, 46068 MiB, 91.92 W
2026/09/26 17:08:40.486, NVIDIA L40S, 0 %, 40361 MiB, 46068 MiB, 92.04 W
2026/09/26 17:08:41.486, NVIDIA L40S, 0 %, 40361 MiB, 46068 MiB, 92.10 W
2026/09/26 17:08:42.486, NVIDIA L40S, 0 %, 40361 MiB, 46068 MiB, 91.95 W
2026/09/26 17:08:43.486, NVIDIA L40S, 0 %, 40361 MiB, 46068 MiB, 91.92 W
2026/09/26 17:08:44.487, NVIDIA L40S, 0 %, 40361 MiB, 46068 MiB, 92.04 W
2026/09/26 17:08:45.487, NVIDIA L40S, 0 %, 40361 MiB, 46068 MiB, 91.89 W
2026/09/26 17:08:46.487, NVIDIA L40S, 0 %, 40361 MiB, 46068 MiB, 91.77 W
2026/09/26 17:08:47.488, NVIDIA L40S, 0 %, 40361 MiB, 46068 MiB, 91.86 W
2026/09/26 17:08:48.488, NVIDIA L40S, 0 %, 40361 MiB, 46068 MiB, 91.83 W
2026/09/26 17:08:49.488, NVIDIA L40S, 0 %, 40361 MiB, 46068 MiB, 91.83 W
2026/09/26 17:08:50.489, NVIDIA L40S, 0 %, 40361 MiB, 46068 MiB, 91.80 W
2026/09/26 17:08:51.489, NVIDIA L40S, 0 %, 40361 MiB, 46068 MiB, 91.83 W
2026/09/26 17:08:52.489, NVIDIA L40S, 0 %, 40361 MiB, 46068 MiB, 91.83 W
2026/09/26 17:08:53.490, NVIDIA L40S, 0 %, 40361 MiB, 46068 MiB, 91.90 W
2026/09/26 17:08:54.490, NVIDIA L40S, 0 %, 40361 MiB, 46068 MiB, 91.96 W
2026/09/26 17:08:55.490, NVIDIA L40S, 0 %, 40361 MiB, 46068 MiB, 91.93 W
2026/09/26 17:08:56.490, NVIDIA L40S, 0 %, 40361 MiB, 46068 MiB, 91.98 W
2026/09/26 17:08:57.491, NVIDIA L40S, 0 %, 40361 MiB, 46068 MiB, 91.83 W
2026/09/26 17:08:58.491, NVIDIA L40S, 0 %, 40361 MiB, 46068 MiB, 91.68 W
2026/09/26 17:08:59.491, NVIDIA L40S, 0 %, 40361 MiB, 46068 MiB, 91.87 W
2026/09/26 17:09:00.491, NVIDIA L40S, 0 %, 40361 MiB, 46068 MiB, 91.96 W
2026/09/26 17:09:01.491, NVIDIA L40S, 0 %, 40361 MiB, 46068 MiB, 91.87 W
2026/09/26 17:09:02.493, NVIDIA L40S, 0 %, 40361 MiB, 46068 MiB, 91.90 W
2026/09/26 17:09:03.494, NVIDIA L40S, 0 %, 40361 MiB, 46068 MiB, 91.93 W
2026/09/26 17:09:04.494, NVIDIA L40S, 0 %, 40361 MiB, 46068 MiB, 92.08 W
2026/09/26 17:09:05.495, NVIDIA L40S, 0 %, 40361 MiB, 46068 MiB, 91.93 W
2026/09/26 17:09:06.495, NVIDIA L40S, 0 %, 40361 MiB, 46068 MiB, 91.66 W
2026/09/26 17:09:07.495, NVIDIA L40S, 0 %, 40361 MiB, 46068 MiB, 91.90 W
2026/09/26 17:09:08.496, NVIDIA L40S, 0 %, 40361 MiB, 46068 MiB, 92.13 W
2026/09/26 17:09:09.496, NVIDIA L40S, 0 %, 40361 MiB, 46068 MiB, 92.02 W
2026/09/26 17:09:10.498, NVIDIA L40S, 0 %, 40361 MiB, 46068 MiB, 91.81 W
2026/09/26 17:09:11.499, NVIDIA L40S, 0 %, 40361 MiB, 46068 MiB, 91.71 W
2026/09/26 17:09:12.499, NVIDIA L40S, 0 %, 40361 MiB, 46068 MiB, 91.83 W
2026/09/26 17:09:13.499, NVIDIA L40S, 0 %, 40361 MiB, 46068 MiB, 91.86 W
2026/09/26 17:09:14.500, NVIDIA L40S, 0 %, 40361 MiB, 46068 MiB, 91.95 W
2026/09/26 17:09:15.500, NVIDIA L40S, 0 %, 40361 MiB, 46068 MiB, 92.08 W
2026/09/26 17:09:16.501, NVIDIA L40S, 0 %, 40361 MiB, 46068 MiB, 91.86 W
2026/09/26 17:09:17.501, NVIDIA L40S, 0 %, 40361 MiB, 46068 MiB, 91.71 W
2026/09/26 17:09:18.501, NVIDIA L40S, 0 %, 40361 MiB, 46068 MiB, 91.68 W
2026/09/26 17:09:19.501, NVIDIA L40S, 0 %, 40361 MiB, 46068 MiB, 91.71 W
2026/09/26 17:09:20.502, NVIDIA L40S, 0 %, 40361 MiB, 46068 MiB, 91.83 W
2026/09/26 17:09:21.502, NVIDIA L40S, 0 %, 40361 MiB, 46068 MiB, 91.80 W
2026/09/26 17:09:22.503, NVIDIA L40S, 0 %, 40361 MiB, 46068 MiB, 91.95 W
2026/09/26 17:09:23.503, NVIDIA L40S, 0 %, 40361 MiB, 46068 MiB, 91.95 W
2026/09/26 17:09:24.504, NVIDIA L40S, 0 %, 40361 MiB, 46068 MiB, 91.71 W
2026/09/26 17:09:25.504, NVIDIA L40S, 0 %, 40361 MiB, 46068 MiB, 91.83 W
2026/09/26 17:09:26.504, NVIDIA L40S, 0 %, 40361 MiB, 46068 MiB, 91.98 W
2026/09/26 17:09:27.526, NVIDIA L40S, 0 %, 40361 MiB, 46068 MiB, 91.92 W
2026/09/26 17:09:28.527, NVIDIA L40S, 0 %, 40361 MiB, 46068 MiB, 91.86 W
2026/09/26 17:09:29.527, NVIDIA L40S, 0 %, 40361 MiB, 46068 MiB, 91.83 W
2026/09/26 17:09:30.527, NVIDIA L40S, 0 %, 40361 MiB, 46068 MiB, 91.77 W
2026/09/26 17:09:31.527, NVIDIA L40S, 0 %, 40361 MiB, 46068 MiB, 91.68 W
2026/09/26 17:09:32.528, NVIDIA L40S, 0 %, 40361 MiB, 46068 MiB, 91.71 W
2026/09/26 17:09:33.528, NVIDIA L40S, 0 %, 40361 MiB, 46068 MiB, 91.71 W
2026/09/26 17:09:34.528, NVIDIA L40S, 0 %, 40361 MiB, 46068 MiB, 91.86 W
2026/09/26 17:09:35.529, NVIDIA L40S, 0 %, 40361 MiB, 46068 MiB, 92.10 W
2026/09/26 17:09:36.529, NVIDIA L40S, 0 %, 40361 MiB, 46068 MiB, 92.04 W
2026/09/26 17:09:37.529, NVIDIA L40S, 0 %, 40361 MiB, 46068 MiB, 91.98 W
2026/09/26 17:09:38.530, NVIDIA L40S, 0 %, 40361 MiB, 46068 MiB, 91.86 W
2026/09/26 17:09:39.530, NVIDIA L40S, 0 %, 40361 MiB, 46068 MiB, 91.77 W
2026/09/26 17:09:40.531, NVIDIA L40S, 0 %, 40361 MiB, 46068 MiB, 91.68 W
2026/09/26 17:09:41.531, NVIDIA L40S, 0 %, 40361 MiB, 46068 MiB, 91.70 W
2026/09/26 17:09:42.531, NVIDIA L40S, 0 %, 40361 MiB, 46068 MiB, 91.77 W
2026/09/26 17:09:43.531, NVIDIA L40S, 0 %, 40361 MiB, 46068 MiB, 91.71 W
2026/09/26 17:09:44.532, NVIDIA L40S, 0 %, 40361 MiB, 46068 MiB, 91.71 W
2026/09/26 17:09:45.533, NVIDIA L40S, 0 %, 40361 MiB, 46068 MiB, 91.77 W
2026/09/26 17:09:46.533, NVIDIA L40S, 0 %, 40361 MiB, 46068 MiB, 91.83 W
2026/09/26 17:09:47.533, NVIDIA L40S, 0 %, 40361 MiB, 46068 MiB, 91.79 W
2026/09/26 17:09:48.533, NVIDIA L40S, 0 %, 40361 MiB, 46068 MiB, 91.77 W
2026/09/26 17:09:49.534, NVIDIA L40S, 0 %, 40361 MiB, 46068 MiB, 91.89 W
2026/09/26 17:09:50.534, NVIDIA L40S, 0 %, 40361 MiB, 46068 MiB, 91.98 W
2026/09/26 17:09:51.534, NVIDIA L40S, 0 %, 40361 MiB, 46068 MiB, 91.98 W
2026/09/26 17:09:52.534, NVIDIA L40S, 0 %, 40361 MiB, 46068 MiB, 91.98 W
2026/09/26 17:09:53.535, NVIDIA L40S, 0 %, 40361 MiB, 46068 MiB, 91.77 W
2026/09/26 17:09:54.535, NVIDIA L40S, 0 %, 40361 MiB, 46068 MiB, 91.65 W
2026/09/26 17:09:55.536, NVIDIA L40S, 0 %, 40361 MiB, 46068 MiB, 91.83 W
2026/09/26 17:09:56.536, NVIDIA L40S, 0 %, 40361 MiB, 46068 MiB, 91.86 W
2026/09/26 17:09:57.536, NVIDIA L40S, 0 %, 40361 MiB, 46068 MiB, 91.98 W
2026/09/26 17:09:58.538, NVIDIA L40S, 0 %, 40361 MiB, 46068 MiB, 92.20 W
2026/09/26 17:09:59.538, NVIDIA L40S, 0 %, 40361 MiB, 46068 MiB, 92.08 W
2026/09/26 17:10:00.538, NVIDIA L40S, 0 %, 40361 MiB, 46068 MiB, 91.95 W
2026/09/26 17:10:01.539, NVIDIA L40S, 0 %, 40361 MiB, 46068 MiB, 91.96 W
2026/09/26 17:10:02.540, NVIDIA L40S, 0 %, 40361 MiB, 46068 MiB, 91.81 W
2026/09/26 17:10:03.540, NVIDIA L40S, 0 %, 40361 MiB, 46068 MiB, 91.75 W
2026/09/26 17:10:04.541, NVIDIA L40S, 0 %, 40361 MiB, 46068 MiB, 91.99 W
2026/09/26 17:10:05.541, NVIDIA L40S, 0 %, 40361 MiB, 46068 MiB, 92.08 W
2026/09/26 17:10:06.542, NVIDIA L40S, 0 %, 40361 MiB, 46068 MiB, 91.99 W
2026/09/26 17:10:07.542, NVIDIA L40S, 0 %, 40361 MiB, 46068 MiB, 91.92 W
2026/09/26 17:10:08.543, NVIDIA L40S, 0 %, 40361 MiB, 46068 MiB, 91.78 W
2026/09/26 17:10:09.543, NVIDIA L40S, 0 %, 40361 MiB, 46068 MiB, 91.87 W
2026/09/26 17:10:10.543, NVIDIA L40S, 0 %, 40361 MiB, 46068 MiB, 92.02 W
2026/09/26 17:10:11.543, NVIDIA L40S, 0 %, 40361 MiB, 46068 MiB, 92.14 W
2026/09/26 17:10:12.545, NVIDIA L40S, 0 %, 40361 MiB, 46068 MiB, 92.14 W
2026/09/26 17:10:13.545, NVIDIA L40S, 0 %, 40361 MiB, 46068 MiB, 91.87 W
2026/09/26 17:10:14.545, NVIDIA L40S, 0 %, 40361 MiB, 46068 MiB, 91.87 W
2026/09/26 17:10:15.546, NVIDIA L40S, 0 %, 40361 MiB, 46068 MiB, 91.87 W
2026/09/26 17:10:16.546, NVIDIA L40S, 0 %, 40361 MiB, 46068 MiB, 91.84 W
2026/09/26 17:10:17.546, NVIDIA L40S, 0 %, 40361 MiB, 46068 MiB, 91.93 W
2026/09/26 17:10:18.546, NVIDIA L40S, 0 %, 40361 MiB, 46068 MiB, 91.95 W
2026/09/26 17:10:19.546, NVIDIA L40S, 0 %, 40361 MiB, 46068 MiB, 92.05 W
2026/09/26 17:10:20.547, NVIDIA L40S, 0 %, 40361 MiB, 46068 MiB, 91.95 W
2026/09/26 17:10:21.547, NVIDIA L40S, 0 %, 40361 MiB, 46068 MiB, 91.74 W
2026/09/26 17:10:22.550, NVIDIA L40S, 0 %, 40361 MiB, 46068 MiB, 91.77 W
2026/09/26 17:10:23.550, NVIDIA L40S, 0 %, 40361 MiB, 46068 MiB, 91.77 W
2026/09/26 17:10:24.550, NVIDIA L40S, 0 %, 40361 MiB, 46068 MiB, 91.86 W
2026/09/26 17:10:25.551, NVIDIA L40S, 0 %, 40361 MiB, 46068 MiB, 91.89 W
2026/09/26 17:10:26.552, NVIDIA L40S, 0 %, 40361 MiB, 46068 MiB, 91.95 W
2026/09/26 17:10:27.552, NVIDIA L40S, 0 %, 40361 MiB, 46068 MiB, 91.90 W
2026/09/26 17:10:28.553, NVIDIA L40S, 0 %, 40361 MiB, 46068 MiB, 91.81 W
2026/09/26 17:10:29.553, NVIDIA L40S, 0 %, 40361 MiB, 46068 MiB, 92.05 W
2026/09/26 17:10:30.555, NVIDIA L40S, 0 %, 40361 MiB, 46068 MiB, 92.04 W
2026/09/26 17:10:31.555, NVIDIA L40S, 0 %, 40361 MiB, 46068 MiB, 91.98 W
2026/09/26 17:10:32.555, NVIDIA L40S, 0 %, 40361 MiB, 46068 MiB, 91.98 W
2026/09/26 17:10:33.555, NVIDIA L40S, 0 %, 40361 MiB, 46068 MiB, 91.98 W
2026/09/26 17:10:34.556, NVIDIA L40S, 0 %, 40361 MiB, 46068 MiB, 91.80 W
2026/09/26 17:10:35.557, NVIDIA L40S, 0 %, 40361 MiB, 46068 MiB, 91.62 W
2026/09/26 17:10:36.557, NVIDIA L40S, 0 %, 40361 MiB, 46068 MiB, 91.65 W
2026/09/26 17:10:37.557, NVIDIA L40S, 0 %, 40361 MiB, 46068 MiB, 91.75 W
2026/09/26 17:10:38.557, NVIDIA L40S, 0 %, 40361 MiB, 46068 MiB, 91.69 W
2026/09/26 17:10:39.559, NVIDIA L40S, 0 %, 40361 MiB, 46068 MiB, 91.72 W
2026/09/26 17:10:40.560, NVIDIA L40S, 0 %, 40361 MiB, 46068 MiB, 91.87 W
2026/09/26 17:10:41.560, NVIDIA L40S, 0 %, 40361 MiB, 46068 MiB, 91.90 W
2026/09/26 17:10:42.561, NVIDIA L40S, 0 %, 40361 MiB, 46068 MiB, 92.02 W
2026/09/26 17:10:43.561, NVIDIA L40S, 0 %, 40361 MiB, 46068 MiB, 91.90 W
2026/09/26 17:10:44.561, NVIDIA L40S, 0 %, 40361 MiB, 46068 MiB, 91.83 W
2026/09/26 17:10:45.561, NVIDIA L40S, 0 %, 40361 MiB, 46068 MiB, 91.93 W
2026/09/26 17:10:46.562, NVIDIA L40S, 0 %, 40361 MiB, 46068 MiB, 91.96 W
2026/09/26 17:10:47.562, NVIDIA L40S, 0 %, 40361 MiB, 46068 MiB, 91.93 W
2026/09/26 17:10:48.562, NVIDIA L40S, 0 %, 40361 MiB, 46068 MiB, 92.01 W
2026/09/26 17:10:49.562, NVIDIA L40S, 0 %, 40361 MiB, 46068 MiB, 91.99 W
2026/09/26 17:10:50.562, NVIDIA L40S, 0 %, 40361 MiB, 46068 MiB, 91.81 W
2026/09/26 17:10:51.563, NVIDIA L40S, 0 %, 40361 MiB, 46068 MiB, 91.84 W
2026/09/26 17:10:52.563, NVIDIA L40S, 0 %, 40361 MiB, 46068 MiB, 91.99 W
2026/09/26 17:10:53.565, NVIDIA L40S, 0 %, 40361 MiB, 46068 MiB, 91.99 W
2026/09/26 17:10:54.569, NVIDIA L40S, 0 %, 40361 MiB, 46068 MiB, 92.04 W
2026/09/26 17:10:55.569, NVIDIA L40S, 0 %, 40361 MiB, 46068 MiB, 92.10 W
2026/09/26 17:10:56.569, NVIDIA L40S, 0 %, 40361 MiB, 46068 MiB, 91.92 W
2026/09/26 17:10:57.570, NVIDIA L40S, 0 %, 40361 MiB, 46068 MiB, 91.78 W
2026/09/26 17:10:58.570, NVIDIA L40S, 0 %, 40361 MiB, 46068 MiB, 91.90 W
2026/09/26 17:10:59.571, NVIDIA L40S, 0 %, 40361 MiB, 46068 MiB, 92.05 W
2026/09/26 17:11:00.571, NVIDIA L40S, 0 %, 40361 MiB, 46068 MiB, 91.96 W
2026/09/26 17:11:01.572, NVIDIA L40S, 0 %, 40361 MiB, 46068 MiB, 91.96 W
2026/09/26 17:11:02.572, NVIDIA L40S, 0 %, 40361 MiB, 46068 MiB, 91.81 W
2026/09/26 17:11:03.572, NVIDIA L40S, 0 %, 40361 MiB, 46068 MiB, 91.75 W
2026/09/26 17:11:04.575, NVIDIA L40S, 0 %, 40361 MiB, 46068 MiB, 91.75 W
2026/09/26 17:11:05.575, NVIDIA L40S, 0 %, 40361 MiB, 46068 MiB, 91.78 W
2026/09/26 17:11:06.575, NVIDIA L40S, 0 %, 40361 MiB, 46068 MiB, 91.89 W
2026/09/26 17:11:07.575, NVIDIA L40S, 0 %, 40361 MiB, 46068 MiB, 91.92 W
2026/09/26 17:11:08.575, NVIDIA L40S, 0 %, 40361 MiB, 46068 MiB, 91.83 W
2026/09/26 17:11:09.576, NVIDIA L40S, 0 %, 40361 MiB, 46068 MiB, 91.80 W
2026/09/26 17:11:10.576, NVIDIA L40S, 0 %, 40361 MiB, 46068 MiB, 91.78 W
2026/09/26 17:11:11.576, NVIDIA L40S, 0 %, 40361 MiB, 46068 MiB, 91.81 W
2026/09/26 17:11:12.577, NVIDIA L40S, 0 %, 40361 MiB, 46068 MiB, 91.81 W
2026/09/26 17:11:13.577, NVIDIA L40S, 0 %, 40361 MiB, 46068 MiB, 91.83 W
2026/09/26 17:11:14.578, NVIDIA L40S, 0 %, 40361 MiB, 46068 MiB, 91.95 W
2026/09/26 17:11:15.578, NVIDIA L40S, 0 %, 40361 MiB, 46068 MiB, 92.02 W
2026/09/26 17:11:16.578, NVIDIA L40S, 0 %, 40361 MiB, 46068 MiB, 91.93 W
2026/09/26 17:11:17.579, NVIDIA L40S, 0 %, 40361 MiB, 46068 MiB, 91.81 W
2026/09/26 17:11:18.579, NVIDIA L40S, 0 %, 40361 MiB, 46068 MiB, 91.93 W
2026/09/26 17:11:19.579, NVIDIA L40S, 0 %, 40361 MiB, 46068 MiB, 91.95 W
2026/09/26 17:11:20.580, NVIDIA L40S, 0 %, 40361 MiB, 46068 MiB, 91.92 W
2026/09/26 17:11:21.580, NVIDIA L40S, 0 %, 40361 MiB, 46068 MiB, 92.11 W
2026/09/26 17:11:22.582, NVIDIA L40S, 0 %, 40361 MiB, 46068 MiB, 92.08 W
2026/09/26 17:11:23.582, NVIDIA L40S, 0 %, 40361 MiB, 46068 MiB, 92.08 W
2026/09/26 17:11:24.583, NVIDIA L40S, 0 %, 40361 MiB, 46068 MiB, 92.05 W
2026/09/26 17:11:25.583, NVIDIA L40S, 0 %, 40361 MiB, 46068 MiB, 91.81 W
2026/09/26 17:11:26.583, NVIDIA L40S, 0 %, 40361 MiB, 46068 MiB, 91.84 W
2026/09/26 17:11:27.584, NVIDIA L40S, 0 %, 40361 MiB, 46068 MiB, 91.94 W
2026/09/26 17:11:28.584, NVIDIA L40S, 0 %, 40361 MiB, 46068 MiB, 91.94 W
2026/09/26 17:11:29.584, NVIDIA L40S, 0 %, 40361 MiB, 46068 MiB, 91.81 W
2026/09/26 17:11:30.584, NVIDIA L40S, 0 %, 40361 MiB, 46068 MiB, 91.93 W
2026/09/26 17:11:31.585, NVIDIA L40S, 0 %, 40361 MiB, 46068 MiB, 91.93 W
2026/09/26 17:11:32.585, NVIDIA L40S, 0 %, 40361 MiB, 46068 MiB, 91.81 W
2026/09/26 17:11:33.586, NVIDIA L40S, 0 %, 40361 MiB, 46068 MiB, 91.93 W
2026/09/26 17:11:34.587, NVIDIA L40S, 0 %, 40361 MiB, 46068 MiB, 91.90 W
2026/09/26 17:11:35.587, NVIDIA L40S, 0 %, 40361 MiB, 46068 MiB, 92.06 W
2026/09/26 17:11:36.588, NVIDIA L40S, 0 %, 40361 MiB, 46068 MiB, 92.18 W
2026/09/26 17:11:37.588, NVIDIA L40S, 0 %, 40361 MiB, 46068 MiB, 92.02 W
2026/09/26 17:11:38.588, NVIDIA L40S, 0 %, 40361 MiB, 46068 MiB, 91.93 W
2026/09/26 17:11:39.589, NVIDIA L40S, 0 %, 40361 MiB, 46068 MiB, 91.96 W
2026/09/26 17:11:40.589, NVIDIA L40S, 0 %, 40361 MiB, 46068 MiB, 92.08 W
2026/09/26 17:11:41.589, NVIDIA L40S, 0 %, 40361 MiB, 46068 MiB, 92.08 W
2026/09/26 17:11:42.590, NVIDIA L40S, 0 %, 40361 MiB, 46068 MiB, 91.93 W
2026/09/26 17:11:43.592, NVIDIA L40S, 0 %, 40361 MiB, 46068 MiB, 91.81 W
2026/09/26 17:11:44.592, NVIDIA L40S, 0 %, 40361 MiB, 46068 MiB, 91.72 W
2026/09/26 17:11:45.592, NVIDIA L40S, 0 %, 40361 MiB, 46068 MiB, 91.69 W
2026/09/26 17:11:46.592, NVIDIA L40S, 0 %, 40361 MiB, 46068 MiB, 91.79 W
2026/09/26 17:11:47.593, NVIDIA L40S, 0 %, 40361 MiB, 46068 MiB, 91.84 W
2026/09/26 17:11:48.593, NVIDIA L40S, 0 %, 40361 MiB, 46068 MiB, 91.84 W
2026/09/26 17:11:49.593, NVIDIA L40S, 0 %, 40361 MiB, 46068 MiB, 91.84 W
2026/09/26 17:11:50.593, NVIDIA L40S, 0 %, 40361 MiB, 46068 MiB, 91.90 W
2026/09/26 17:11:51.595, NVIDIA L40S, 0 %, 40361 MiB, 46068 MiB, 91.92 W
2026/09/26 17:11:52.607, NVIDIA L40S, 0 %, 40361 MiB, 46068 MiB, 91.92 W
2026/09/26 17:11:53.607, NVIDIA L40S, 0 %, 40361 MiB, 46068 MiB, 92.02 W
2026/09/26 17:11:54.607, NVIDIA L40S, 0 %, 40361 MiB, 46068 MiB, 92.01 W
2026/09/26 17:11:55.607, NVIDIA L40S, 0 %, 40361 MiB, 46068 MiB, 92.04 W
2026/09/26 17:11:56.608, NVIDIA L40S, 0 %, 40361 MiB, 46068 MiB, 92.17 W
2026/09/26 17:11:57.608, NVIDIA L40S, 0 %, 40361 MiB, 46068 MiB, 92.05 W
2026/09/26 17:11:58.608, NVIDIA L40S, 0 %, 40361 MiB, 46068 MiB, 91.99 W
2026/09/26 17:11:59.609, NVIDIA L40S, 0 %, 40361 MiB, 46068 MiB, 91.99 W
2026/09/26 17:12:00.609, NVIDIA L40S, 0 %, 40361 MiB, 46068 MiB, 92.02 W
2026/09/26 17:12:01.609, NVIDIA L40S, 0 %, 40361 MiB, 46068 MiB, 91.99 W
2026/09/26 17:12:02.609, NVIDIA L40S, 0 %, 40361 MiB, 46068 MiB, 91.99 W
2026/09/26 17:12:03.609, NVIDIA L40S, 0 %, 40361 MiB, 46068 MiB, 91.99 W
2026/09/26 17:12:04.610, NVIDIA L40S, 0 %, 40361 MiB, 46068 MiB, 92.02 W
2026/09/26 17:12:05.610, NVIDIA L40S, 0 %, 40361 MiB, 46068 MiB, 91.90 W
2026/09/26 17:12:06.611, NVIDIA L40S, 0 %, 40361 MiB, 46068 MiB, 91.90 W
2026/09/26 17:12:07.611, NVIDIA L40S, 0 %, 40361 MiB, 46068 MiB, 91.95 W
2026/09/26 17:12:08.611, NVIDIA L40S, 0 %, 40361 MiB, 46068 MiB, 91.92 W
2026/09/26 17:12:09.612, NVIDIA L40S, 0 %, 40361 MiB, 46068 MiB, 92.23 W
2026/09/26 17:12:10.612, NVIDIA L40S, 0 %, 40361 MiB, 46068 MiB, 92.36 W
2026/09/26 17:12:11.612, NVIDIA L40S, 0 %, 40361 MiB, 46068 MiB, 92.08 W
2026/09/26 17:12:12.612, NVIDIA L40S, 0 %, 40361 MiB, 46068 MiB, 91.92 W
2026/09/26 17:12:13.613, NVIDIA L40S, 0 %, 40361 MiB, 46068 MiB, 91.89 W
2026/09/26 17:12:14.615, NVIDIA L40S, 0 %, 40361 MiB, 46068 MiB, 91.80 W
2026/09/26 17:12:15.615, NVIDIA L40S, 0 %, 40361 MiB, 46068 MiB, 91.84 W
2026/09/26 17:12:16.616, NVIDIA L40S, 0 %, 40361 MiB, 46068 MiB, 92.02 W
2026/09/26 17:12:17.616, NVIDIA L40S, 0 %, 40361 MiB, 46068 MiB, 91.96 W
2026/09/26 17:12:18.617, NVIDIA L40S, 0 %, 40361 MiB, 46068 MiB, 91.77 W
2026/09/26 17:12:19.617, NVIDIA L40S, 0 %, 40361 MiB, 46068 MiB, 91.77 W
2026/09/26 17:12:20.617, NVIDIA L40S, 0 %, 40361 MiB, 46068 MiB, 92.05 W
2026/09/26 17:12:21.620, NVIDIA L40S, 0 %, 40361 MiB, 46068 MiB, 92.11 W
2026/09/26 17:12:22.620, NVIDIA L40S, 0 %, 40361 MiB, 46068 MiB, 92.01 W
2026/09/26 17:12:23.620, NVIDIA L40S, 0 %, 40361 MiB, 46068 MiB, 92.01 W
2026/09/26 17:12:24.621, NVIDIA L40S, 0 %, 40361 MiB, 46068 MiB, 91.98 W
2026/09/26 17:12:25.748, NVIDIA L40S, 0 %, 40361 MiB, 46068 MiB, 91.81 W
2026/09/26 17:12:26.748, NVIDIA L40S, 0 %, 40361 MiB, 46068 MiB, 91.81 W
2026/09/26 17:12:27.748, NVIDIA L40S, 0 %, 40361 MiB, 46068 MiB, 91.98 W
2026/09/26 17:12:28.748, NVIDIA L40S, 0 %, 40361 MiB, 46068 MiB, 92.01 W
2026/09/26 17:12:29.749, NVIDIA L40S, 0 %, 40361 MiB, 46068 MiB, 92.16 W
2026/09/26 17:12:30.749, NVIDIA L40S, 0 %, 40361 MiB, 46068 MiB, 92.04 W
2026/09/26 17:12:31.751, NVIDIA L40S, 0 %, 40361 MiB, 46068 MiB, 91.92 W
2026/09/26 17:12:32.753, NVIDIA L40S, 0 %, 40361 MiB, 46068 MiB, 91.95 W
2026/09/26 17:12:33.753, NVIDIA L40S, 0 %, 40361 MiB, 46068 MiB, 91.92 W
2026/09/26 17:12:34.753, NVIDIA L40S, 0 %, 40361 MiB, 46068 MiB, 92.07 W
2026/09/26 17:12:35.753, NVIDIA L40S, 0 %, 40361 MiB, 46068 MiB, 92.14 W
2026/09/26 17:12:36.753, NVIDIA L40S, 0 %, 40361 MiB, 46068 MiB, 92.11 W
2026/09/26 17:12:37.753, NVIDIA L40S, 0 %, 40361 MiB, 46068 MiB, 91.99 W
2026/09/26 17:12:38.754, NVIDIA L40S, 0 %, 40361 MiB, 46068 MiB, 92.14 W
2026/09/26 17:12:39.754, NVIDIA L40S, 0 %, 40361 MiB, 46068 MiB, 92.38 W
2026/09/26 17:12:40.754, NVIDIA L40S, 0 %, 40361 MiB, 46068 MiB, 92.20 W
2026/09/26 17:12:41.754, NVIDIA L40S, 0 %, 40361 MiB, 46068 MiB, 91.99 W
2026/09/26 17:12:42.754, NVIDIA L40S, 0 %, 40361 MiB, 46068 MiB, 91.98 W
2026/09/26 17:12:43.755, NVIDIA L40S, 0 %, 40361 MiB, 46068 MiB, 92.08 W
2026/09/26 17:12:44.756, NVIDIA L40S, 0 %, 40361 MiB, 46068 MiB, 92.02 W
2026/09/26 17:12:45.775, NVIDIA L40S, 0 %, 40361 MiB, 46068 MiB, 92.05 W
2026/09/26 17:12:46.775, NVIDIA L40S, 0 %, 40361 MiB, 46068 MiB, 92.11 W
2026/09/26 17:12:47.776, NVIDIA L40S, 0 %, 40361 MiB, 46068 MiB, 92.08 W
2026/09/26 17:12:48.777, NVIDIA L40S, 0 %, 40361 MiB, 46068 MiB, 92.05 W
2026/09/26 17:12:49.778, NVIDIA L40S, 0 %, 40361 MiB, 46068 MiB, 91.95 W
2026/09/26 17:12:50.778, NVIDIA L40S, 0 %, 40361 MiB, 46068 MiB, 91.86 W
2026/09/26 17:12:51.778, NVIDIA L40S, 0 %, 40361 MiB, 46068 MiB, 91.77 W
2026/09/26 17:12:52.779, NVIDIA L40S, 0 %, 40361 MiB, 46068 MiB, 91.83 W
2026/09/26 17:12:53.779, NVIDIA L40S, 0 %, 40361 MiB, 46068 MiB, 91.92 W
2026/09/26 17:12:54.781, NVIDIA L40S, 0 %, 40361 MiB, 46068 MiB, 91.89 W
2026/09/26 17:12:55.781, NVIDIA L40S, 0 %, 40361 MiB, 46068 MiB, 91.95 W
2026/09/26 17:12:56.781, NVIDIA L40S, 0 %, 40361 MiB, 46068 MiB, 92.01 W
2026/09/26 17:12:57.782, NVIDIA L40S, 0 %, 40361 MiB, 46068 MiB, 91.96 W
2026/09/26 17:12:58.782, NVIDIA L40S, 0 %, 40361 MiB, 46068 MiB, 92.11 W
2026/09/26 17:12:59.782, NVIDIA L40S, 0 %, 40361 MiB, 46068 MiB, 92.13 W
2026/09/26 17:13:00.782, NVIDIA L40S, 0 %, 40361 MiB, 46068 MiB, 91.92 W
2026/09/26 17:13:01.783, NVIDIA L40S, 0 %, 40361 MiB, 46068 MiB, 91.92 W
2026/09/26 17:13:02.784, NVIDIA L40S, 0 %, 40361 MiB, 46068 MiB, 92.04 W
2026/09/26 17:13:03.784, NVIDIA L40S, 0 %, 40361 MiB, 46068 MiB, 91.95 W
2026/09/26 17:13:04.785, NVIDIA L40S, 0 %, 40361 MiB, 46068 MiB, 91.79 W
2026/09/26 17:13:05.785, NVIDIA L40S, 0 %, 40361 MiB, 46068 MiB, 91.86 W
2026/09/26 17:13:06.785, NVIDIA L40S, 0 %, 40361 MiB, 46068 MiB, 91.86 W
2026/09/26 17:13:07.785, NVIDIA L40S, 0 %, 40361 MiB, 46068 MiB, 91.92 W
2026/09/26 17:13:08.786, NVIDIA L40S, 0 %, 40361 MiB, 46068 MiB, 92.04 W
2026/09/26 17:13:09.787, NVIDIA L40S, 0 %, 40361 MiB, 46068 MiB, 91.89 W
2026/09/26 17:13:10.788, NVIDIA L40S, 0 %, 40361 MiB, 46068 MiB, 91.77 W
2026/09/26 17:13:11.788, NVIDIA L40S, 0 %, 40361 MiB, 46068 MiB, 91.83 W
2026/09/26 17:13:12.788, NVIDIA L40S, 0 %, 40361 MiB, 46068 MiB, 91.95 W
2026/09/26 17:13:13.789, NVIDIA L40S, 0 %, 40361 MiB, 46068 MiB, 92.01 W
2026/09/26 17:13:14.789, NVIDIA L40S, 0 %, 40361 MiB, 46068 MiB, 91.86 W
2026/09/26 17:13:15.789, NVIDIA L40S, 0 %, 40361 MiB, 46068 MiB, 91.80 W
2026/09/26 17:13:16.789, NVIDIA L40S, 0 %, 40361 MiB, 46068 MiB, 92.07 W
2026/09/26 17:13:17.790, NVIDIA L40S, 0 %, 40361 MiB, 46068 MiB, 92.11 W
2026/09/26 17:13:18.790, NVIDIA L40S, 0 %, 40361 MiB, 46068 MiB, 91.93 W
2026/09/26 17:13:19.791, NVIDIA L40S, 0 %, 40361 MiB, 46068 MiB, 91.96 W
2026/09/26 17:13:20.791, NVIDIA L40S, 0 %, 40361 MiB, 46068 MiB, 91.95 W
2026/09/26 17:13:21.791, NVIDIA L40S, 0 %, 40361 MiB, 46068 MiB, 91.93 W
2026/09/26 17:13:22.791, NVIDIA L40S, 0 %, 40361 MiB, 46068 MiB, 91.95 W
2026/09/26 17:13:23.792, NVIDIA L40S, 0 %, 40361 MiB, 46068 MiB, 91.80 W
2026/09/26 17:13:24.792, NVIDIA L40S, 0 %, 40361 MiB, 46068 MiB, 91.83 W
2026/09/26 17:13:25.792, NVIDIA L40S, 0 %, 40361 MiB, 46068 MiB, 92.05 W
2026/09/26 17:13:26.794, NVIDIA L40S, 0 %, 40361 MiB, 46068 MiB, 91.99 W
2026/09/26 17:13:27.794, NVIDIA L40S, 0 %, 40361 MiB, 46068 MiB, 91.81 W
2026/09/26 17:13:28.794, NVIDIA L40S, 0 %, 40361 MiB, 46068 MiB, 91.74 W
2026/09/26 17:13:29.795, NVIDIA L40S, 0 %, 40361 MiB, 46068 MiB, 91.89 W
2026/09/26 17:13:30.795, NVIDIA L40S, 0 %, 40361 MiB, 46068 MiB, 91.92 W
2026/09/26 17:13:31.796, NVIDIA L40S, 0 %, 40361 MiB, 46068 MiB, 91.83 W
2026/09/26 17:13:32.796, NVIDIA L40S, 0 %, 40361 MiB, 46068 MiB, 91.83 W
2026/09/26 17:13:33.796, NVIDIA L40S, 0 %, 40361 MiB, 46068 MiB, 91.93 W
2026/09/26 17:13:34.797, NVIDIA L40S, 0 %, 40361 MiB, 46068 MiB, 92.11 W
2026/09/26 17:13:35.798, NVIDIA L40S, 0 %, 40361 MiB, 46068 MiB, 92.23 W
2026/09/26 17:13:36.799, NVIDIA L40S, 0 %, 40361 MiB, 46068 MiB, 92.04 W
2026/09/26 17:13:37.800, NVIDIA L40S, 0 %, 40361 MiB, 46068 MiB, 91.83 W
2026/09/26 17:13:38.802, NVIDIA L40S, 0 %, 40361 MiB, 46068 MiB, 91.80 W
2026/09/26 17:13:39.802, NVIDIA L40S, 0 %, 40361 MiB, 46068 MiB, 91.89 W
2026/09/26 17:13:40.803, NVIDIA L40S, 0 %, 40361 MiB, 46068 MiB, 91.95 W
2026/09/26 17:13:41.804, NVIDIA L40S, 0 %, 40361 MiB, 46068 MiB, 91.92 W
2026/09/26 17:13:42.804, NVIDIA L40S, 0 %, 40361 MiB, 46068 MiB, 91.83 W
2026/09/26 17:13:43.804, NVIDIA L40S, 0 %, 40361 MiB, 46068 MiB, 91.78 W
2026/09/26 17:13:44.804, NVIDIA L40S, 0 %, 40361 MiB, 46068 MiB, 92.02 W
2026/09/26 17:13:45.805, NVIDIA L40S, 0 %, 40361 MiB, 46068 MiB, 92.14 W
2026/09/26 17:13:46.806, NVIDIA L40S, 0 %, 40361 MiB, 46068 MiB, 91.96 W
2026/09/26 17:13:47.806, NVIDIA L40S, 0 %, 40361 MiB, 46068 MiB, 91.84 W
2026/09/26 17:13:48.806, NVIDIA L40S, 0 %, 40361 MiB, 46068 MiB, 91.90 W
2026/09/26 17:13:49.807, NVIDIA L40S, 0 %, 40361 MiB, 46068 MiB, 92.08 W
2026/09/26 17:13:50.810, NVIDIA L40S, 0 %, 40361 MiB, 46068 MiB, 92.03 W
2026/09/26 17:13:51.811, NVIDIA L40S, 0 %, 40361 MiB, 46068 MiB, 91.81 W
2026/09/26 17:13:52.811, NVIDIA L40S, 0 %, 40361 MiB, 46068 MiB, 91.66 W
2026/09/26 17:13:53.811, NVIDIA L40S, 0 %, 40361 MiB, 46068 MiB, 91.63 W
2026/09/26 17:13:54.812, NVIDIA L40S, 0 %, 40361 MiB, 46068 MiB, 91.78 W
2026/09/26 17:13:55.812, NVIDIA L40S, 0 %, 40361 MiB, 46068 MiB, 91.90 W
2026/09/26 17:13:56.813, NVIDIA L40S, 0 %, 40361 MiB, 46068 MiB, 91.83 W
2026/09/26 17:13:57.815, NVIDIA L40S, 0 %, 40361 MiB, 46068 MiB, 91.93 W
2026/09/26 17:13:58.816, NVIDIA L40S, 0 %, 40361 MiB, 46068 MiB, 92.05 W
2026/09/26 17:13:59.816, NVIDIA L40S, 0 %, 40361 MiB, 46068 MiB, 91.96 W
2026/09/26 17:14:00.816, NVIDIA L40S, 0 %, 40361 MiB, 46068 MiB, 92.01 W
2026/09/26 17:14:01.818, NVIDIA L40S, 0 %, 40361 MiB, 46068 MiB, 91.89 W
2026/09/26 17:14:02.818, NVIDIA L40S, 0 %, 40361 MiB, 46068 MiB, 91.93 W
2026/09/26 17:14:03.818, NVIDIA L40S, 0 %, 40361 MiB, 46068 MiB, 92.05 W
2026/09/26 17:14:04.818, NVIDIA L40S, 0 %, 40361 MiB, 46068 MiB, 91.93 W
2026/09/26 17:14:05.819, NVIDIA L40S, 0 %, 40361 MiB, 46068 MiB, 91.92 W
2026/09/26 17:14:06.819, NVIDIA L40S, 0 %, 40361 MiB, 46068 MiB, 92.02 W
2026/09/26 17:14:07.819, NVIDIA L40S, 0 %, 40361 MiB, 46068 MiB, 91.90 W
2026/09/26 17:14:08.819, NVIDIA L40S, 0 %, 40361 MiB, 46068 MiB, 91.86 W
2026/09/26 17:14:09.819, NVIDIA L40S, 0 %, 40361 MiB, 46068 MiB, 91.95 W
2026/09/26 17:14:10.821, NVIDIA L40S, 0 %, 40361 MiB, 46068 MiB, 91.83 W
2026/09/26 17:14:11.821, NVIDIA L40S, 0 %, 40361 MiB, 46068 MiB, 91.89 W
2026/09/26 17:14:12.821, NVIDIA L40S, 0 %, 40361 MiB, 46068 MiB, 92.11 W
2026/09/26 17:14:13.822, NVIDIA L40S, 0 %, 40361 MiB, 46068 MiB, 92.08 W
2026/09/26 17:14:14.823, NVIDIA L40S, 0 %, 40361 MiB, 46068 MiB, 91.96 W
2026/09/26 17:14:15.823, NVIDIA L40S, 0 %, 40361 MiB, 46068 MiB, 91.89 W
2026/09/26 17:14:16.823, NVIDIA L40S, 0 %, 40361 MiB, 46068 MiB, 91.98 W
2026/09/26 17:14:17.823, NVIDIA L40S, 0 %, 40361 MiB, 46068 MiB, 92.19 W
2026/09/26 17:14:18.824, NVIDIA L40S, 0 %, 40361 MiB, 46068 MiB, 92.01 W
2026/09/26 17:14:19.824, NVIDIA L40S, 0 %, 40361 MiB, 46068 MiB, 91.79 W
2026/09/26 17:14:20.826, NVIDIA L40S, 0 %, 40361 MiB, 46068 MiB, 91.89 W
2026/09/26 17:14:21.827, NVIDIA L40S, 0 %, 40361 MiB, 46068 MiB, 92.01 W
2026/09/26 17:14:22.827, NVIDIA L40S, 0 %, 40361 MiB, 46068 MiB, 92.04 W
2026/09/26 17:14:23.828, NVIDIA L40S, 0 %, 40361 MiB, 46068 MiB, 91.87 W
2026/09/26 17:14:24.828, NVIDIA L40S, 0 %, 40361 MiB, 46068 MiB, 91.83 W
2026/09/26 17:14:25.829, NVIDIA L40S, 0 %, 40361 MiB, 46068 MiB, 91.99 W
2026/09/26 17:14:26.829, NVIDIA L40S, 0 %, 40361 MiB, 46068 MiB, 92.11 W
2026/09/26 17:14:27.829, NVIDIA L40S, 0 %, 40361 MiB, 46068 MiB, 91.95 W
2026/09/26 17:14:28.830, NVIDIA L40S, 0 %, 40361 MiB, 46068 MiB, 91.83 W
2026/09/26 17:14:29.830, NVIDIA L40S, 0 %, 40361 MiB, 46068 MiB, 91.83 W
2026/09/26 17:14:30.830, NVIDIA L40S, 0 %, 40361 MiB, 46068 MiB, 91.90 W
2026/09/26 17:14:31.830, NVIDIA L40S, 0 %, 40361 MiB, 46068 MiB, 92.05 W
2026/09/26 17:14:32.831, NVIDIA L40S, 0 %, 40361 MiB, 46068 MiB, 92.08 W
2026/09/26 17:14:33.831, NVIDIA L40S, 0 %, 40361 MiB, 46068 MiB, 92.02 W
2026/09/26 17:14:34.832, NVIDIA L40S, 0 %, 40361 MiB, 46068 MiB, 91.92 W
2026/09/26 17:14:35.832, NVIDIA L40S, 0 %, 40361 MiB, 46068 MiB, 91.92 W
2026/09/26 17:14:36.832, NVIDIA L40S, 0 %, 40361 MiB, 46068 MiB, 91.95 W
2026/09/26 17:14:37.832, NVIDIA L40S, 0 %, 40361 MiB, 46068 MiB, 91.95 W
2026/09/26 17:14:38.832, NVIDIA L40S, 0 %, 40361 MiB, 46068 MiB, 91.99 W
2026/09/26 17:14:39.833, NVIDIA L40S, 0 %, 40361 MiB, 46068 MiB, 92.02 W
2026/09/26 17:14:40.833, NVIDIA L40S, 0 %, 40361 MiB, 46068 MiB, 92.02 W
2026/09/26 17:14:41.833, NVIDIA L40S, 0 %, 40361 MiB, 46068 MiB, 92.11 W
2026/09/26 17:14:42.833, NVIDIA L40S, 0 %, 40361 MiB, 46068 MiB, 92.02 W
2026/09/26 17:14:43.836, NVIDIA L40S, 0 %, 40361 MiB, 46068 MiB, 91.90 W
2026/09/26 17:14:44.836, NVIDIA L40S, 0 %, 40361 MiB, 46068 MiB, 91.90 W
2026/09/26 17:14:45.836, NVIDIA L40S, 0 %, 40361 MiB, 46068 MiB, 92.11 W
2026/09/26 17:14:46.836, NVIDIA L40S, 0 %, 40361 MiB, 46068 MiB, 92.14 W
2026/09/26 17:14:47.837, NVIDIA L40S, 0 %, 40361 MiB, 46068 MiB, 91.83 W
2026/09/26 17:14:48.838, NVIDIA L40S, 0 %, 40361 MiB, 46068 MiB, 91.83 W
2026/09/26 17:14:49.838, NVIDIA L40S, 0 %, 40361 MiB, 46068 MiB, 91.86 W
2026/09/26 17:14:50.839, NVIDIA L40S, 0 %, 40361 MiB, 46068 MiB, 91.86 W
2026/09/26 17:14:51.839, NVIDIA L40S, 0 %, 40361 MiB, 46068 MiB, 91.96 W
2026/09/26 17:14:52.839, NVIDIA L40S, 0 %, 40361 MiB, 46068 MiB, 91.90 W
2026/09/26 17:14:53.839, NVIDIA L40S, 0 %, 40361 MiB, 46068 MiB, 92.02 W
2026/09/26 17:14:54.839, NVIDIA L40S, 0 %, 40361 MiB, 46068 MiB, 91.98 W
2026/09/26 17:14:55.846, NVIDIA L40S, 0 %, 40361 MiB, 46068 MiB, 91.95 W
2026/09/26 17:14:56.847, NVIDIA L40S, 0 %, 40361 MiB, 46068 MiB, 91.83 W
2026/09/26 17:14:57.847, NVIDIA L40S, 0 %, 40361 MiB, 46068 MiB, 91.71 W
2026/09/26 17:14:58.847, NVIDIA L40S, 0 %, 40361 MiB, 46068 MiB, 91.96 W
2026/09/26 17:14:59.847, NVIDIA L40S, 0 %, 40361 MiB, 46068 MiB, 91.99 W
2026/09/26 17:15:00.848, NVIDIA L40S, 0 %, 40361 MiB, 46068 MiB, 91.92 W
2026/09/26 17:15:01.848, NVIDIA L40S, 0 %, 40361 MiB, 46068 MiB, 91.93 W
2026/09/26 17:15:02.849, NVIDIA L40S, 0 %, 40361 MiB, 46068 MiB, 91.96 W
2026/09/26 17:15:03.850, NVIDIA L40S, 0 %, 40361 MiB, 46068 MiB, 92.02 W
2026/09/26 17:15:04.851, NVIDIA L40S, 0 %, 40361 MiB, 46068 MiB, 91.95 W
2026/09/26 17:15:05.851, NVIDIA L40S, 0 %, 40361 MiB, 46068 MiB, 91.93 W
2026/09/26 17:15:06.851, NVIDIA L40S, 0 %, 40392 MiB, 46068 MiB, 92.28 W
2026/09/26 17:15:07.852, NVIDIA L40S, 0 %, 40361 MiB, 46068 MiB, 93.17 W
2026/09/26 17:15:09.108, NVIDIA L40S, 0 %, 40361 MiB, 46068 MiB, 93.14 W
2026/09/26 17:15:10.110, NVIDIA L40S, 0 %, 40361 MiB, 46068 MiB, 92.16 W
2026/09/26 17:15:11.110, NVIDIA L40S, 0 %, 40361 MiB, 46068 MiB, 92.11 W
2026/09/26 17:15:12.112, NVIDIA L40S, 0 %, 40361 MiB, 46068 MiB, 92.05 W
2026/09/26 17:15:13.114, NVIDIA L40S, 0 %, 40361 MiB, 46068 MiB, 91.90 W
2026/09/26 17:15:14.115, NVIDIA L40S, 0 %, 40361 MiB, 46068 MiB, 91.83 W
2026/09/26 17:15:15.115, NVIDIA L40S, 0 %, 40361 MiB, 46068 MiB, 91.84 W
2026/09/26 17:15:16.116, NVIDIA L40S, 0 %, 40361 MiB, 46068 MiB, 91.78 W
2026/09/26 17:15:17.116, NVIDIA L40S, 0 %, 40361 MiB, 46068 MiB, 91.93 W
2026/09/26 17:15:18.116, NVIDIA L40S, 0 %, 40361 MiB, 46068 MiB, 92.08 W
2026/09/26 17:15:19.116, NVIDIA L40S, 0 %, 40361 MiB, 46068 MiB, 91.99 W
2026/09/26 17:15:20.117, NVIDIA L40S, 0 %, 40361 MiB, 46068 MiB, 91.96 W
2026/09/26 17:15:21.117, NVIDIA L40S, 0 %, 40361 MiB, 46068 MiB, 92.12 W
2026/09/26 17:15:22.118, NVIDIA L40S, 0 %, 40361 MiB, 46068 MiB, 92.02 W
2026/09/26 17:15:23.119, NVIDIA L40S, 0 %, 40361 MiB, 46068 MiB, 91.81 W
2026/09/26 17:15:24.119, NVIDIA L40S, 0 %, 40361 MiB, 46068 MiB, 91.96 W
2026/09/26 17:15:25.119, NVIDIA L40S, 0 %, 40361 MiB, 46068 MiB, 91.87 W
2026/09/26 17:15:26.120, NVIDIA L40S, 0 %, 40361 MiB, 46068 MiB, 91.96 W
2026/09/26 17:15:27.122, NVIDIA L40S, 0 %, 40361 MiB, 46068 MiB, 92.17 W
2026/09/26 17:15:28.125, NVIDIA L40S, 0 %, 40361 MiB, 46068 MiB, 92.01 W
2026/09/26 17:15:29.126, NVIDIA L40S, 0 %, 40361 MiB, 46068 MiB, 92.04 W
2026/09/26 17:15:30.126, NVIDIA L40S, 0 %, 40361 MiB, 46068 MiB, 92.14 W
2026/09/26 17:15:31.126, NVIDIA L40S, 0 %, 40361 MiB, 46068 MiB, 91.96 W
2026/09/26 17:15:32.127, NVIDIA L40S, 0 %, 40361 MiB, 46068 MiB, 91.86 W
2026/09/26 17:15:33.127, NVIDIA L40S, 0 %, 40361 MiB, 46068 MiB, 91.89 W
2026/09/26 17:15:34.127, NVIDIA L40S, 0 %, 40361 MiB, 46068 MiB, 91.89 W
2026/09/26 17:15:35.128, NVIDIA L40S, 0 %, 40361 MiB, 46068 MiB, 91.98 W
2026/09/26 17:15:36.128, NVIDIA L40S, 0 %, 40361 MiB, 46068 MiB, 91.98 W
2026/09/26 17:15:37.129, NVIDIA L40S, 0 %, 40361 MiB, 46068 MiB, 91.92 W
2026/09/26 17:15:38.129, NVIDIA L40S, 0 %, 40361 MiB, 46068 MiB, 91.94 W
2026/09/26 17:15:39.132, NVIDIA L40S, 0 %, 40361 MiB, 46068 MiB, 92.01 W
2026/09/26 17:15:40.132, NVIDIA L40S, 0 %, 40361 MiB, 46068 MiB, 92.11 W
2026/09/26 17:15:41.133, NVIDIA L40S, 0 %, 40361 MiB, 46068 MiB, 92.13 W
2026/09/26 17:15:42.133, NVIDIA L40S, 0 %, 40361 MiB, 46068 MiB, 92.01 W
2026/09/26 17:15:43.133, NVIDIA L40S, 0 %, 40361 MiB, 46068 MiB, 91.89 W
2026/09/26 17:15:44.134, NVIDIA L40S, 0 %, 40361 MiB, 46068 MiB, 92.04 W
2026/09/26 17:15:45.134, NVIDIA L40S, 0 %, 40361 MiB, 46068 MiB, 92.26 W
2026/09/26 17:15:46.135, NVIDIA L40S, 0 %, 40361 MiB, 46068 MiB, 92.25 W
2026/09/26 17:15:47.135, NVIDIA L40S, 0 %, 40361 MiB, 46068 MiB, 92.04 W
2026/09/26 17:15:48.135, NVIDIA L40S, 0 %, 40361 MiB, 46068 MiB, 91.86 W
2026/09/26 17:15:49.136, NVIDIA L40S, 0 %, 40361 MiB, 46068 MiB, 91.96 W
2026/09/26 17:15:50.136, NVIDIA L40S, 0 %, 40361 MiB, 46068 MiB, 91.83 W
2026/09/26 17:15:51.136, NVIDIA L40S, 0 %, 40361 MiB, 46068 MiB, 91.93 W
2026/09/26 17:15:52.137, NVIDIA L40S, 0 %, 40361 MiB, 46068 MiB, 92.14 W
2026/09/26 17:15:53.137, NVIDIA L40S, 0 %, 40361 MiB, 46068 MiB, 92.08 W
2026/09/26 17:15:54.137, NVIDIA L40S, 0 %, 40361 MiB, 46068 MiB, 92.11 W
2026/09/26 17:15:55.138, NVIDIA L40S, 0 %, 40361 MiB, 46068 MiB, 92.01 W
2026/09/26 17:15:56.139, NVIDIA L40S, 0 %, 40361 MiB, 46068 MiB, 91.86 W
2026/09/26 17:15:57.139, NVIDIA L40S, 0 %, 40361 MiB, 46068 MiB, 92.08 W
2026/09/26 17:15:58.140, NVIDIA L40S, 0 %, 40361 MiB, 46068 MiB, 92.16 W
2026/09/26 17:15:59.140, NVIDIA L40S, 0 %, 40361 MiB, 46068 MiB, 92.16 W
2026/09/26 17:16:00.140, NVIDIA L40S, 0 %, 40361 MiB, 46068 MiB, 92.13 W
2026/09/26 17:16:01.141, NVIDIA L40S, 0 %, 40361 MiB, 46068 MiB, 91.86 W
2026/09/26 17:16:02.141, NVIDIA L40S, 0 %, 40361 MiB, 46068 MiB, 91.74 W
2026/09/26 17:16:03.142, NVIDIA L40S, 0 %, 40361 MiB, 46068 MiB, 91.89 W
2026/09/26 17:16:04.142, NVIDIA L40S, 0 %, 40361 MiB, 46068 MiB, 91.95 W
2026/09/26 17:16:05.142, NVIDIA L40S, 0 %, 40361 MiB, 46068 MiB, 91.92 W
2026/09/26 17:16:06.143, NVIDIA L40S, 0 %, 40361 MiB, 46068 MiB, 91.86 W
2026/09/26 17:16:07.144, NVIDIA L40S, 0 %, 40361 MiB, 46068 MiB, 91.95 W
2026/09/26 17:16:08.144, NVIDIA L40S, 0 %, 40361 MiB, 46068 MiB, 92.22 W
2026/09/26 17:16:09.145, NVIDIA L40S, 0 %, 40361 MiB, 46068 MiB, 92.10 W
2026/09/26 17:16:10.145, NVIDIA L40S, 0 %, 40361 MiB, 46068 MiB, 91.83 W
2026/09/26 17:16:11.145, NVIDIA L40S, 0 %, 40361 MiB, 46068 MiB, 91.92 W
2026/09/26 17:16:12.146, NVIDIA L40S, 0 %, 40361 MiB, 46068 MiB, 92.04 W
2026/09/26 17:16:13.147, NVIDIA L40S, 0 %, 40361 MiB, 46068 MiB, 92.07 W
2026/09/26 17:16:14.176, NVIDIA L40S, 0 %, 40361 MiB, 46068 MiB, 91.97 W
2026/09/26 17:16:15.193, NVIDIA L40S, 0 %, 40361 MiB, 46068 MiB, 91.92 W
2026/09/26 17:16:16.193, NVIDIA L40S, 0 %, 40361 MiB, 46068 MiB, 92.01 W
2026/09/26 17:16:17.194, NVIDIA L40S, 0 %, 40361 MiB, 46068 MiB, 91.89 W
2026/09/26 17:16:18.197, NVIDIA L40S, 0 %, 40361 MiB, 46068 MiB, 91.76 W
2026/09/26 17:16:19.197, NVIDIA L40S, 0 %, 40361 MiB, 46068 MiB, 91.76 W
2026/09/26 17:16:20.197, NVIDIA L40S, 0 %, 40361 MiB, 46068 MiB, 91.67 W
2026/09/26 17:16:21.198, NVIDIA L40S, 0 %, 40361 MiB, 46068 MiB, 91.70 W
2026/09/26 17:16:22.198, NVIDIA L40S, 0 %, 40361 MiB, 46068 MiB, 91.92 W
2026/09/26 17:16:23.199, NVIDIA L40S, 0 %, 40361 MiB, 46068 MiB, 91.92 W
2026/09/26 17:16:24.200, NVIDIA L40S, 0 %, 40361 MiB, 46068 MiB, 91.70 W
2026/09/26 17:16:25.200, NVIDIA L40S, 0 %, 40361 MiB, 46068 MiB, 91.77 W
2026/09/26 17:16:26.200, NVIDIA L40S, 0 %, 40361 MiB, 46068 MiB, 92.08 W
2026/09/26 17:16:27.201, NVIDIA L40S, 0 %, 40361 MiB, 46068 MiB, 92.08 W
2026/09/26 17:16:28.201, NVIDIA L40S, 0 %, 40361 MiB, 46068 MiB, 91.96 W
2026/09/26 17:16:29.201, NVIDIA L40S, 0 %, 40361 MiB, 46068 MiB, 91.78 W
2026/09/26 17:16:30.202, NVIDIA L40S, 0 %, 40361 MiB, 46068 MiB, 91.84 W
2026/09/26 17:16:31.202, NVIDIA L40S, 0 %, 40361 MiB, 46068 MiB, 92.07 W
2026/09/26 17:16:32.202, NVIDIA L40S, 0 %, 40361 MiB, 46068 MiB, 92.16 W
2026/09/26 17:16:33.203, NVIDIA L40S, 0 %, 40361 MiB, 46068 MiB, 92.04 W
2026/09/26 17:16:34.203, NVIDIA L40S, 0 %, 40361 MiB, 46068 MiB, 91.92 W
2026/09/26 17:16:35.204, NVIDIA L40S, 0 %, 40361 MiB, 46068 MiB, 91.92 W
2026/09/26 17:16:36.204, NVIDIA L40S, 0 %, 40361 MiB, 46068 MiB, 91.89 W
2026/09/26 17:16:37.204, NVIDIA L40S, 0 %, 40361 MiB, 46068 MiB, 92.08 W
2026/09/26 17:16:38.204, NVIDIA L40S, 0 %, 40361 MiB, 46068 MiB, 92.10 W
2026/09/26 17:16:39.205, NVIDIA L40S, 0 %, 40361 MiB, 46068 MiB, 92.01 W
2026/09/26 17:16:40.205, NVIDIA L40S, 0 %, 40361 MiB, 46068 MiB, 91.98 W
2026/09/26 17:16:41.205, NVIDIA L40S, 0 %, 40361 MiB, 46068 MiB, 91.95 W
2026/09/26 17:16:42.206, NVIDIA L40S, 0 %, 40361 MiB, 46068 MiB, 91.92 W
2026/09/26 17:16:43.229, NVIDIA L40S, 0 %, 40361 MiB, 46068 MiB, 91.85 W
2026/09/26 17:16:44.229, NVIDIA L40S, 0 %, 40361 MiB, 46068 MiB, 91.92 W
2026/09/26 17:16:45.230, NVIDIA L40S, 0 %, 40361 MiB, 46068 MiB, 92.04 W
2026/09/26 17:16:46.230, NVIDIA L40S, 0 %, 40361 MiB, 46068 MiB, 92.10 W
2026/09/26 17:16:47.230, NVIDIA L40S, 0 %, 40361 MiB, 46068 MiB, 92.00 W
2026/09/26 17:16:48.231, NVIDIA L40S, 0 %, 40361 MiB, 46068 MiB, 91.88 W
2026/09/26 17:16:49.231, NVIDIA L40S, 0 %, 40361 MiB, 46068 MiB, 91.88 W
2026/09/26 17:16:50.231, NVIDIA L40S, 0 %, 40361 MiB, 46068 MiB, 91.85 W
2026/09/26 17:16:51.232, NVIDIA L40S, 0 %, 40361 MiB, 46068 MiB, 92.07 W
2026/09/26 17:16:52.232, NVIDIA L40S, 0 %, 40361 MiB, 46068 MiB, 92.22 W
2026/09/26 17:16:53.233, NVIDIA L40S, 0 %, 40361 MiB, 46068 MiB, 92.00 W
2026/09/26 17:16:54.233, NVIDIA L40S, 0 %, 40361 MiB, 46068 MiB, 91.88 W
2026/09/26 17:16:55.233, NVIDIA L40S, 0 %, 40361 MiB, 46068 MiB, 91.92 W
2026/09/26 17:16:56.234, NVIDIA L40S, 0 %, 40361 MiB, 46068 MiB, 91.98 W
2026/09/26 17:16:57.234, NVIDIA L40S, 0 %, 40361 MiB, 46068 MiB, 91.89 W
2026/09/26 17:16:58.235, NVIDIA L40S, 0 %, 40361 MiB, 46068 MiB, 91.89 W
2026/09/26 17:16:59.235, NVIDIA L40S, 0 %, 40361 MiB, 46068 MiB, 91.89 W
2026/09/26 17:17:00.235, NVIDIA L40S, 0 %, 40361 MiB, 46068 MiB, 91.91 W
2026/09/26 17:17:01.236, NVIDIA L40S, 0 %, 40361 MiB, 46068 MiB, 92.16 W
2026/09/26 17:17:02.237, NVIDIA L40S, 0 %, 40361 MiB, 46068 MiB, 92.01 W
2026/09/26 17:17:03.237, NVIDIA L40S, 0 %, 40361 MiB, 46068 MiB, 91.79 W
2026/09/26 17:17:04.237, NVIDIA L40S, 0 %, 40361 MiB, 46068 MiB, 91.94 W
2026/09/26 17:17:05.238, NVIDIA L40S, 0 %, 40361 MiB, 46068 MiB, 92.19 W
2026/09/26 17:17:06.239, NVIDIA L40S, 0 %, 40361 MiB, 46068 MiB, 92.19 W
2026/09/26 17:17:07.239, NVIDIA L40S, 0 %, 40361 MiB, 46068 MiB, 92.04 W
2026/09/26 17:17:08.240, NVIDIA L40S, 0 %, 40361 MiB, 46068 MiB, 92.01 W
2026/09/26 17:17:09.240, NVIDIA L40S, 0 %, 40361 MiB, 46068 MiB, 92.01 W
2026/09/26 17:17:10.241, NVIDIA L40S, 0 %, 40361 MiB, 46068 MiB, 92.07 W
2026/09/26 17:17:11.243, NVIDIA L40S, 0 %, 40361 MiB, 46068 MiB, 91.93 W
2026/09/26 17:17:12.243, NVIDIA L40S, 0 %, 40361 MiB, 46068 MiB, 91.95 W
2026/09/26 17:17:13.244, NVIDIA L40S, 0 %, 40361 MiB, 46068 MiB, 92.10 W
2026/09/26 17:17:14.244, NVIDIA L40S, 0 %, 40361 MiB, 46068 MiB, 92.04 W
2026/09/26 17:17:15.246, NVIDIA L40S, 0 %, 40361 MiB, 46068 MiB, 92.14 W
2026/09/26 17:17:16.246, NVIDIA L40S, 0 %, 40361 MiB, 46068 MiB, 92.05 W
2026/09/26 17:17:17.246, NVIDIA L40S, 0 %, 40361 MiB, 46068 MiB, 91.81 W
2026/09/26 17:17:18.247, NVIDIA L40S, 0 %, 40361 MiB, 46068 MiB, 91.74 W
2026/09/26 17:17:19.247, NVIDIA L40S, 0 %, 40361 MiB, 46068 MiB, 91.86 W
2026/09/26 17:17:20.248, NVIDIA L40S, 0 %, 40361 MiB, 46068 MiB, 91.95 W
2026/09/26 17:17:21.248, NVIDIA L40S, 0 %, 40361 MiB, 46068 MiB, 91.89 W
2026/09/26 17:17:22.248, NVIDIA L40S, 0 %, 40361 MiB, 46068 MiB, 91.92 W
2026/09/26 17:17:23.249, NVIDIA L40S, 0 %, 40361 MiB, 46068 MiB, 91.89 W
2026/09/26 17:17:24.249, NVIDIA L40S, 0 %, 40361 MiB, 46068 MiB, 91.89 W
2026/09/26 17:17:25.250, NVIDIA L40S, 0 %, 40361 MiB, 46068 MiB, 91.86 W
2026/09/26 17:17:26.250, NVIDIA L40S, 0 %, 40361 MiB, 46068 MiB, 91.83 W
2026/09/26 17:17:27.250, NVIDIA L40S, 0 %, 40361 MiB, 46068 MiB, 91.92 W
2026/09/26 17:17:28.250, NVIDIA L40S, 0 %, 40361 MiB, 46068 MiB, 91.93 W
2026/09/26 17:17:29.251, NVIDIA L40S, 0 %, 40361 MiB, 46068 MiB, 91.95 W
2026/09/26 17:17:30.252, NVIDIA L40S, 0 %, 40361 MiB, 46068 MiB, 91.86 W
2026/09/26 17:17:31.252, NVIDIA L40S, 0 %, 40361 MiB, 46068 MiB, 91.89 W
2026/09/26 17:17:32.252, NVIDIA L40S, 0 %, 40361 MiB, 46068 MiB, 92.01 W
2026/09/26 17:17:33.253, NVIDIA L40S, 0 %, 40361 MiB, 46068 MiB, 91.98 W
2026/09/26 17:17:34.253, NVIDIA L40S, 0 %, 40361 MiB, 46068 MiB, 91.89 W
2026/09/26 17:17:35.253, NVIDIA L40S, 0 %, 40361 MiB, 46068 MiB, 91.94 W
2026/09/26 17:17:36.254, NVIDIA L40S, 0 %, 40361 MiB, 46068 MiB, 92.10 W
2026/09/26 17:17:37.254, NVIDIA L40S, 0 %, 40361 MiB, 46068 MiB, 92.00 W
2026/09/26 17:17:38.254, NVIDIA L40S, 0 %, 40361 MiB, 46068 MiB, 91.95 W
2026/09/26 17:17:39.255, NVIDIA L40S, 0 %, 40361 MiB, 46068 MiB, 92.04 W
2026/09/26 17:17:40.255, NVIDIA L40S, 0 %, 40361 MiB, 46068 MiB, 92.04 W
2026/09/26 17:17:41.255, NVIDIA L40S, 0 %, 40361 MiB, 46068 MiB, 91.89 W
2026/09/26 17:17:42.256, NVIDIA L40S, 0 %, 40361 MiB, 46068 MiB, 91.95 W
2026/09/26 17:17:43.256, NVIDIA L40S, 0 %, 40361 MiB, 46068 MiB, 92.19 W
2026/09/26 17:17:44.256, NVIDIA L40S, 0 %, 40361 MiB, 46068 MiB, 92.13 W
2026/09/26 17:17:45.257, NVIDIA L40S, 0 %, 40361 MiB, 46068 MiB, 91.89 W
2026/09/26 17:17:46.257, NVIDIA L40S, 0 %, 40361 MiB, 46068 MiB, 91.98 W
2026/09/26 17:17:47.257, NVIDIA L40S, 0 %, 40361 MiB, 46068 MiB, 92.08 W
2026/09/26 17:17:48.257, NVIDIA L40S, 0 %, 40361 MiB, 46068 MiB, 92.04 W
2026/09/26 17:17:49.267, NVIDIA L40S, 0 %, 40361 MiB, 46068 MiB, 91.98 W
2026/09/26 17:17:50.267, NVIDIA L40S, 0 %, 40361 MiB, 46068 MiB, 91.83 W
2026/09/26 17:17:51.268, NVIDIA L40S, 0 %, 40361 MiB, 46068 MiB, 92.04 W
2026/09/26 17:17:52.268, NVIDIA L40S, 0 %, 40361 MiB, 46068 MiB, 92.13 W
2026/09/26 17:17:53.268, NVIDIA L40S, 0 %, 40361 MiB, 46068 MiB, 91.89 W
2026/09/26 17:17:54.269, NVIDIA L40S, 0 %, 40361 MiB, 46068 MiB, 91.89 W
2026/09/26 17:17:55.271, NVIDIA L40S, 0 %, 40361 MiB, 46068 MiB, 91.98 W
2026/09/26 17:17:56.271, NVIDIA L40S, 0 %, 40361 MiB, 46068 MiB, 91.98 W
2026/09/26 17:17:57.272, NVIDIA L40S, 0 %, 40361 MiB, 46068 MiB, 91.92 W
2026/09/26 17:17:58.272, NVIDIA L40S, 0 %, 40361 MiB, 46068 MiB, 91.92 W
2026/09/26 17:17:59.272, NVIDIA L40S, 0 %, 40361 MiB, 46068 MiB, 91.89 W
2026/09/26 17:18:00.274, NVIDIA L40S, 0 %, 40361 MiB, 46068 MiB, 91.74 W
2026/09/26 17:18:01.274, NVIDIA L40S, 0 %, 40361 MiB, 46068 MiB, 91.74 W
2026/09/26 17:18:02.274, NVIDIA L40S, 0 %, 40361 MiB, 46068 MiB, 91.89 W
2026/09/26 17:18:03.275, NVIDIA L40S, 0 %, 40361 MiB, 46068 MiB, 91.93 W
2026/09/26 17:18:04.275, NVIDIA L40S, 0 %, 40361 MiB, 46068 MiB, 91.93 W
2026/09/26 17:18:05.275, NVIDIA L40S, 0 %, 40361 MiB, 46068 MiB, 92.01 W
2026/09/26 17:18:06.276, NVIDIA L40S, 0 %, 40361 MiB, 46068 MiB, 91.92 W
2026/09/26 17:18:07.276, NVIDIA L40S, 0 %, 40361 MiB, 46068 MiB, 91.86 W
2026/09/26 17:18:08.276, NVIDIA L40S, 0 %, 40361 MiB, 46068 MiB, 91.96 W
2026/09/26 17:18:09.277, NVIDIA L40S, 0 %, 40361 MiB, 46068 MiB, 92.01 W
2026/09/26 17:18:10.277, NVIDIA L40S, 0 %, 40361 MiB, 46068 MiB, 92.13 W
2026/09/26 17:18:11.278, NVIDIA L40S, 0 %, 40361 MiB, 46068 MiB, 92.22 W
2026/09/26 17:18:12.278, NVIDIA L40S, 0 %, 40361 MiB, 46068 MiB, 92.01 W
2026/09/26 17:18:13.285, NVIDIA L40S, 0 %, 40361 MiB, 46068 MiB, 91.89 W
2026/09/26 17:18:14.286, NVIDIA L40S, 0 %, 40361 MiB, 46068 MiB, 91.86 W
2026/09/26 17:18:15.286, NVIDIA L40S, 0 %, 40361 MiB, 46068 MiB, 91.92 W
2026/09/26 17:18:16.286, NVIDIA L40S, 0 %, 40361 MiB, 46068 MiB, 92.07 W
2026/09/26 17:18:17.288, NVIDIA L40S, 0 %, 40361 MiB, 46068 MiB, 92.04 W
2026/09/26 17:18:18.288, NVIDIA L40S, 0 %, 40361 MiB, 46068 MiB, 92.01 W
2026/09/26 17:18:19.288, NVIDIA L40S, 0 %, 40361 MiB, 46068 MiB, 91.89 W
2026/09/26 17:18:20.289, NVIDIA L40S, 0 %, 40361 MiB, 46068 MiB, 91.89 W
2026/09/26 17:18:21.289, NVIDIA L40S, 0 %, 40361 MiB, 46068 MiB, 91.92 W
2026/09/26 17:18:22.290, NVIDIA L40S, 0 %, 40361 MiB, 46068 MiB, 91.94 W
2026/09/26 17:18:23.290, NVIDIA L40S, 0 %, 40361 MiB, 46068 MiB, 92.07 W
2026/09/26 17:18:24.290, NVIDIA L40S, 0 %, 40361 MiB, 46068 MiB, 91.94 W
2026/09/26 17:18:25.291, NVIDIA L40S, 0 %, 40361 MiB, 46068 MiB, 91.92 W
2026/09/26 17:18:26.291, NVIDIA L40S, 0 %, 40361 MiB, 46068 MiB, 91.89 W
2026/09/26 17:18:27.292, NVIDIA L40S, 0 %, 40361 MiB, 46068 MiB, 91.83 W
2026/09/26 17:18:28.293, NVIDIA L40S, 0 %, 40361 MiB, 46068 MiB, 92.00 W
2026/09/26 17:18:29.293, NVIDIA L40S, 0 %, 40361 MiB, 46068 MiB, 92.10 W
2026/09/26 17:18:30.293, NVIDIA L40S, 0 %, 40361 MiB, 46068 MiB, 92.04 W
2026/09/26 17:18:31.294, NVIDIA L40S, 0 %, 40361 MiB, 46068 MiB, 92.07 W
2026/09/26 17:18:32.294, NVIDIA L40S, 0 %, 40361 MiB, 46068 MiB, 92.13 W
2026/09/26 17:18:33.294, NVIDIA L40S, 0 %, 40361 MiB, 46068 MiB, 92.10 W
2026/09/26 17:18:34.295, NVIDIA L40S, 0 %, 40361 MiB, 46068 MiB, 91.89 W
2026/09/26 17:18:35.295, NVIDIA L40S, 0 %, 40361 MiB, 46068 MiB, 91.92 W
2026/09/26 17:18:36.295, NVIDIA L40S, 0 %, 40361 MiB, 46068 MiB, 92.03 W
2026/09/26 17:18:37.295, NVIDIA L40S, 0 %, 40361 MiB, 46068 MiB, 91.94 W
2026/09/26 17:18:38.296, NVIDIA L40S, 0 %, 40361 MiB, 46068 MiB, 92.06 W
2026/09/26 17:18:39.296, NVIDIA L40S, 0 %, 40361 MiB, 46068 MiB, 92.34 W
2026/09/26 17:18:40.296, NVIDIA L40S, 0 %, 40361 MiB, 46068 MiB, 92.23 W
2026/09/26 17:18:41.296, NVIDIA L40S, 0 %, 40361 MiB, 46068 MiB, 91.96 W
2026/09/26 17:18:42.297, NVIDIA L40S, 0 %, 40361 MiB, 46068 MiB, 91.92 W
2026/09/26 17:18:43.297, NVIDIA L40S, 0 %, 40361 MiB, 46068 MiB, 91.88 W
2026/09/26 17:18:44.297, NVIDIA L40S, 0 %, 40361 MiB, 46068 MiB, 92.07 W
2026/09/26 17:18:45.298, NVIDIA L40S, 0 %, 40361 MiB, 46068 MiB, 92.38 W
2026/09/26 17:18:46.299, NVIDIA L40S, 0 %, 40361 MiB, 46068 MiB, 92.20 W
2026/09/26 17:18:47.299, NVIDIA L40S, 0 %, 40361 MiB, 46068 MiB, 92.08 W
2026/09/26 17:18:48.299, NVIDIA L40S, 0 %, 40361 MiB, 46068 MiB, 92.20 W
2026/09/26 17:18:49.300, NVIDIA L40S, 0 %, 40361 MiB, 46068 MiB, 92.11 W
2026/09/26 17:18:50.300, NVIDIA L40S, 0 %, 40361 MiB, 46068 MiB, 92.07 W
2026/09/26 17:18:51.301, NVIDIA L40S, 0 %, 40361 MiB, 46068 MiB, 92.10 W
2026/09/26 17:18:52.301, NVIDIA L40S, 0 %, 40361 MiB, 46068 MiB, 92.14 W
2026/09/26 17:18:53.301, NVIDIA L40S, 0 %, 40361 MiB, 46068 MiB, 92.32 W
2026/09/26 17:18:54.302, NVIDIA L40S, 0 %, 40361 MiB, 46068 MiB, 92.20 W
2026/09/26 17:18:55.302, NVIDIA L40S, 0 %, 40361 MiB, 46068 MiB, 92.05 W
2026/09/26 17:18:56.303, NVIDIA L40S, 0 %, 40361 MiB, 46068 MiB, 92.29 W
2026/09/26 17:18:57.303, NVIDIA L40S, 0 %, 40361 MiB, 46068 MiB, 92.38 W
2026/09/26 17:18:58.303, NVIDIA L40S, 0 %, 40361 MiB, 46068 MiB, 92.26 W
2026/09/26 17:18:59.304, NVIDIA L40S, 0 %, 40361 MiB, 46068 MiB, 92.14 W
2026/09/26 17:19:00.304, NVIDIA L40S, 0 %, 40361 MiB, 46068 MiB, 92.14 W
2026/09/26 17:19:01.305, NVIDIA L40S, 0 %, 40361 MiB, 46068 MiB, 92.04 W
2026/09/26 17:19:02.305, NVIDIA L40S, 0 %, 40361 MiB, 46068 MiB, 91.98 W
2026/09/26 17:19:03.306, NVIDIA L40S, 0 %, 40361 MiB, 46068 MiB, 92.01 W
2026/09/26 17:19:04.306, NVIDIA L40S, 0 %, 40361 MiB, 46068 MiB, 91.96 W
2026/09/26 17:19:05.306, NVIDIA L40S, 0 %, 40361 MiB, 46068 MiB, 92.01 W
2026/09/26 17:19:06.307, NVIDIA L40S, 0 %, 40361 MiB, 46068 MiB, 92.16 W
2026/09/26 17:19:07.307, NVIDIA L40S, 0 %, 40361 MiB, 46068 MiB, 92.08 W
2026/09/26 17:19:08.308, NVIDIA L40S, 0 %, 40361 MiB, 46068 MiB, 91.96 W
2026/09/26 17:19:09.308, NVIDIA L40S, 0 %, 40361 MiB, 46068 MiB, 91.98 W
2026/09/26 17:19:10.309, NVIDIA L40S, 0 %, 40361 MiB, 46068 MiB, 92.11 W
2026/09/26 17:19:11.309, NVIDIA L40S, 0 %, 40361 MiB, 46068 MiB, 92.07 W
2026/09/26 17:19:12.310, NVIDIA L40S, 0 %, 40361 MiB, 46068 MiB, 91.90 W
2026/09/26 17:19:13.310, NVIDIA L40S, 0 %, 40361 MiB, 46068 MiB, 91.99 W
2026/09/26 17:19:14.310, NVIDIA L40S, 0 %, 40361 MiB, 46068 MiB, 92.08 W
2026/09/26 17:19:15.311, NVIDIA L40S, 0 %, 40361 MiB, 46068 MiB, 91.96 W
2026/09/26 17:19:16.311, NVIDIA L40S, 0 %, 40361 MiB, 46068 MiB, 91.90 W
2026/09/26 17:19:17.315, NVIDIA L40S, 0 %, 40361 MiB, 46068 MiB, 91.92 W
2026/09/26 17:19:18.315, NVIDIA L40S, 0 %, 40361 MiB, 46068 MiB, 92.05 W
2026/09/26 17:19:19.316, NVIDIA L40S, 0 %, 40361 MiB, 46068 MiB, 92.05 W
2026/09/26 17:19:20.316, NVIDIA L40S, 0 %, 40361 MiB, 46068 MiB, 91.86 W
2026/09/26 17:19:21.316, NVIDIA L40S, 0 %, 40361 MiB, 46068 MiB, 91.95 W
2026/09/26 17:19:22.317, NVIDIA L40S, 0 %, 40361 MiB, 46068 MiB, 92.08 W
2026/09/26 17:19:23.317, NVIDIA L40S, 0 %, 40361 MiB, 46068 MiB, 92.01 W
2026/09/26 17:19:24.317, NVIDIA L40S, 0 %, 40361 MiB, 46068 MiB, 91.95 W
2026/09/26 17:19:25.318, NVIDIA L40S, 0 %, 40361 MiB, 46068 MiB, 92.08 W
2026/09/26 17:19:26.318, NVIDIA L40S, 0 %, 40361 MiB, 46068 MiB, 92.08 W
2026/09/26 17:19:27.318, NVIDIA L40S, 0 %, 40361 MiB, 46068 MiB, 91.80 W
2026/09/26 17:19:28.319, NVIDIA L40S, 0 %, 40361 MiB, 46068 MiB, 92.10 W
2026/09/26 17:19:29.319, NVIDIA L40S, 0 %, 40361 MiB, 46068 MiB, 92.11 W
2026/09/26 17:19:30.320, NVIDIA L40S, 0 %, 40361 MiB, 46068 MiB, 91.78 W
2026/09/26 17:19:31.320, NVIDIA L40S, 0 %, 40361 MiB, 46068 MiB, 92.02 W
2026/09/26 17:19:32.321, NVIDIA L40S, 0 %, 40361 MiB, 46068 MiB, 92.08 W
2026/09/26 17:19:33.321, NVIDIA L40S, 0 %, 40361 MiB, 46068 MiB, 91.96 W
2026/09/26 17:19:34.321, NVIDIA L40S, 0 %, 40361 MiB, 46068 MiB, 91.99 W
2026/09/26 17:19:35.322, NVIDIA L40S, 0 %, 40361 MiB, 46068 MiB, 91.99 W
2026/09/26 17:19:36.322, NVIDIA L40S, 0 %, 40361 MiB, 46068 MiB, 91.90 W
2026/09/26 17:19:37.323, NVIDIA L40S, 0 %, 40361 MiB, 46068 MiB, 92.02 W
2026/09/26 17:19:38.323, NVIDIA L40S, 0 %, 40361 MiB, 46068 MiB, 91.96 W
2026/09/26 17:19:39.323, NVIDIA L40S, 0 %, 40361 MiB, 46068 MiB, 91.78 W
2026/09/26 17:19:40.324, NVIDIA L40S, 0 %, 40361 MiB, 46068 MiB, 91.81 W
2026/09/26 17:19:41.324, NVIDIA L40S, 0 %, 40361 MiB, 46068 MiB, 91.86 W
2026/09/26 17:19:42.326, NVIDIA L40S, 0 %, 40361 MiB, 46068 MiB, 91.98 W
2026/09/26 17:19:43.326, NVIDIA L40S, 0 %, 40361 MiB, 46068 MiB, 92.08 W
2026/09/26 17:19:44.326, NVIDIA L40S, 0 %, 40361 MiB, 46068 MiB, 92.14 W
2026/09/26 17:19:45.327, NVIDIA L40S, 0 %, 40361 MiB, 46068 MiB, 92.17 W
2026/09/26 17:19:46.328, NVIDIA L40S, 0 %, 40361 MiB, 46068 MiB, 92.20 W
2026/09/26 17:19:47.328, NVIDIA L40S, 0 %, 40361 MiB, 46068 MiB, 92.11 W
2026/09/26 17:19:48.328, NVIDIA L40S, 0 %, 40361 MiB, 46068 MiB, 92.01 W
2026/09/26 17:19:49.329, NVIDIA L40S, 0 %, 40361 MiB, 46068 MiB, 91.98 W
2026/09/26 17:19:50.329, NVIDIA L40S, 0 %, 40361 MiB, 46068 MiB, 92.05 W
2026/09/26 17:19:51.329, NVIDIA L40S, 0 %, 40361 MiB, 46068 MiB, 92.05 W
2026/09/26 17:19:52.330, NVIDIA L40S, 0 %, 40361 MiB, 46068 MiB, 92.01 W
2026/09/26 17:19:53.332, NVIDIA L40S, 0 %, 40361 MiB, 46068 MiB, 92.01 W
2026/09/26 17:19:54.332, NVIDIA L40S, 0 %, 40361 MiB, 46068 MiB, 92.11 W
2026/09/26 17:19:55.333, NVIDIA L40S, 0 %, 40361 MiB, 46068 MiB, 92.13 W
2026/09/26 17:19:56.333, NVIDIA L40S, 0 %, 40361 MiB, 46068 MiB, 92.16 W
2026/09/26 17:19:57.333, NVIDIA L40S, 0 %, 40361 MiB, 46068 MiB, 92.16 W
2026/09/26 17:19:58.333, NVIDIA L40S, 0 %, 40361 MiB, 46068 MiB, 91.89 W
2026/09/26 17:19:59.334, NVIDIA L40S, 0 %, 40361 MiB, 46068 MiB, 91.99 W
2026/09/26 17:20:00.334, NVIDIA L40S, 0 %, 40361 MiB, 46068 MiB, 92.11 W
2026/09/26 17:20:01.334, NVIDIA L40S, 0 %, 40361 MiB, 46068 MiB, 92.13 W
2026/09/26 17:20:02.335, NVIDIA L40S, 0 %, 40361 MiB, 46068 MiB, 91.98 W
2026/09/26 17:20:03.335, NVIDIA L40S, 0 %, 40361 MiB, 46068 MiB, 91.74 W
2026/09/26 17:20:04.335, NVIDIA L40S, 0 %, 40361 MiB, 46068 MiB, 91.74 W
2026/09/26 17:20:05.336, NVIDIA L40S, 0 %, 40361 MiB, 46068 MiB, 91.83 W
2026/09/26 17:20:06.337, NVIDIA L40S, 0 %, 40361 MiB, 46068 MiB, 91.98 W
2026/09/26 17:20:07.337, NVIDIA L40S, 0 %, 40361 MiB, 46068 MiB, 91.89 W
2026/09/26 17:20:08.337, NVIDIA L40S, 0 %, 40361 MiB, 46068 MiB, 91.86 W
2026/09/26 17:20:09.338, NVIDIA L40S, 0 %, 40361 MiB, 46068 MiB, 91.86 W
2026/09/26 17:20:10.338, NVIDIA L40S, 0 %, 40361 MiB, 46068 MiB, 91.89 W
2026/09/26 17:20:11.339, NVIDIA L40S, 0 %, 40361 MiB, 46068 MiB, 91.86 W
2026/09/26 17:20:12.340, NVIDIA L40S, 0 %, 40361 MiB, 46068 MiB, 91.83 W
2026/09/26 17:20:13.340, NVIDIA L40S, 0 %, 40361 MiB, 46068 MiB, 91.71 W
2026/09/26 17:20:14.340, NVIDIA L40S, 0 %, 40361 MiB, 46068 MiB, 91.74 W
2026/09/26 17:20:15.340, NVIDIA L40S, 0 %, 40361 MiB, 46068 MiB, 92.01 W
2026/09/26 17:20:16.341, NVIDIA L40S, 0 %, 40361 MiB, 46068 MiB, 91.98 W
2026/09/26 17:20:17.341, NVIDIA L40S, 0 %, 40361 MiB, 46068 MiB, 91.90 W
2026/09/26 17:20:18.341, NVIDIA L40S, 0 %, 40361 MiB, 46068 MiB, 91.75 W
2026/09/26 17:20:19.342, NVIDIA L40S, 0 %, 40361 MiB, 46068 MiB, 91.78 W
2026/09/26 17:20:20.342, NVIDIA L40S, 0 %, 40361 MiB, 46068 MiB, 91.90 W
2026/09/26 17:20:21.343, NVIDIA L40S, 0 %, 40361 MiB, 46068 MiB, 92.02 W
2026/09/26 17:20:22.345, NVIDIA L40S, 0 %, 40361 MiB, 46068 MiB, 92.05 W
2026/09/26 17:20:23.345, NVIDIA L40S, 0 %, 40361 MiB, 46068 MiB, 91.83 W
2026/09/26 17:20:24.345, NVIDIA L40S, 0 %, 40361 MiB, 46068 MiB, 91.92 W
2026/09/26 17:20:25.346, NVIDIA L40S, 0 %, 40361 MiB, 46068 MiB, 91.92 W
2026/09/26 17:20:26.346, NVIDIA L40S, 0 %, 40361 MiB, 46068 MiB, 91.68 W
2026/09/26 17:20:27.348, NVIDIA L40S, 0 %, 40361 MiB, 46068 MiB, 91.83 W
2026/09/26 17:20:28.348, NVIDIA L40S, 0 %, 40361 MiB, 46068 MiB, 91.95 W
2026/09/26 17:20:29.349, NVIDIA L40S, 0 %, 40361 MiB, 46068 MiB, 91.83 W
2026/09/26 17:20:30.349, NVIDIA L40S, 0 %, 40361 MiB, 46068 MiB, 91.86 W
2026/09/26 17:20:31.350, NVIDIA L40S, 0 %, 40361 MiB, 46068 MiB, 91.81 W
2026/09/26 17:20:32.351, NVIDIA L40S, 0 %, 40361 MiB, 46068 MiB, 91.71 W
2026/09/26 17:20:33.351, NVIDIA L40S, 0 %, 40361 MiB, 46068 MiB, 91.89 W
2026/09/26 17:20:34.351, NVIDIA L40S, 0 %, 40361 MiB, 46068 MiB, 91.86 W
2026/09/26 17:20:35.352, NVIDIA L40S, 0 %, 40361 MiB, 46068 MiB, 91.86 W
2026/09/26 17:20:36.352, NVIDIA L40S, 0 %, 40361 MiB, 46068 MiB, 91.89 W
2026/09/26 17:20:37.353, NVIDIA L40S, 0 %, 40361 MiB, 46068 MiB, 91.89 W
2026/09/26 17:20:38.353, NVIDIA L40S, 0 %, 40361 MiB, 46068 MiB, 91.98 W
2026/09/26 17:20:39.353, NVIDIA L40S, 0 %, 40361 MiB, 46068 MiB, 91.86 W
2026/09/26 17:20:40.354, NVIDIA L40S, 0 %, 40361 MiB, 46068 MiB, 91.74 W
2026/09/26 17:20:41.354, NVIDIA L40S, 0 %, 40361 MiB, 46068 MiB, 91.74 W
2026/09/26 17:20:42.354, NVIDIA L40S, 0 %, 40361 MiB, 46068 MiB, 92.13 W
2026/09/26 17:20:43.355, NVIDIA L40S, 0 %, 40361 MiB, 46068 MiB, 92.13 W
2026/09/26 17:20:44.356, NVIDIA L40S, 0 %, 40361 MiB, 46068 MiB, 91.98 W
2026/09/26 17:20:45.356, NVIDIA L40S, 0 %, 40361 MiB, 46068 MiB, 92.13 W
2026/09/26 17:20:46.356, NVIDIA L40S, 0 %, 40361 MiB, 46068 MiB, 92.13 W
2026/09/26 17:20:47.357, NVIDIA L40S, 0 %, 40361 MiB, 46068 MiB, 91.98 W
2026/09/26 17:20:48.357, NVIDIA L40S, 0 %, 40361 MiB, 46068 MiB, 91.95 W
2026/09/26 17:20:49.358, NVIDIA L40S, 0 %, 40361 MiB, 46068 MiB, 92.17 W
2026/09/26 17:20:50.358, NVIDIA L40S, 0 %, 40361 MiB, 46068 MiB, 92.20 W
2026/09/26 17:20:51.358, NVIDIA L40S, 0 %, 40361 MiB, 46068 MiB, 92.20 W
2026/09/26 17:20:52.359, NVIDIA L40S, 0 %, 40361 MiB, 46068 MiB, 92.17 W
2026/09/26 17:20:53.359, NVIDIA L40S, 0 %, 40361 MiB, 46068 MiB, 92.05 W
2026/09/26 17:20:54.360, NVIDIA L40S, 0 %, 40361 MiB, 46068 MiB, 92.13 W
2026/09/26 17:20:55.360, NVIDIA L40S, 0 %, 40361 MiB, 46068 MiB, 92.16 W
2026/09/26 17:20:56.361, NVIDIA L40S, 0 %, 40361 MiB, 46068 MiB, 92.13 W
2026/09/26 17:20:57.361, NVIDIA L40S, 0 %, 40361 MiB, 46068 MiB, 91.89 W
2026/09/26 17:20:58.361, NVIDIA L40S, 0 %, 40361 MiB, 46068 MiB, 91.77 W
2026/09/26 17:20:59.362, NVIDIA L40S, 0 %, 40361 MiB, 46068 MiB, 91.98 W
2026/09/26 17:21:00.363, NVIDIA L40S, 0 %, 40361 MiB, 46068 MiB, 91.93 W
2026/09/26 17:21:01.363, NVIDIA L40S, 0 %, 40361 MiB, 46068 MiB, 91.93 W
2026/09/26 17:21:02.364, NVIDIA L40S, 0 %, 40361 MiB, 46068 MiB, 91.98 W
2026/09/26 17:21:03.364, NVIDIA L40S, 0 %, 40361 MiB, 46068 MiB, 91.98 W
2026/09/26 17:21:04.364, NVIDIA L40S, 0 %, 40361 MiB, 46068 MiB, 92.01 W
2026/09/26 17:21:05.365, NVIDIA L40S, 0 %, 40361 MiB, 46068 MiB, 92.07 W
2026/09/26 17:21:06.366, NVIDIA L40S, 0 %, 40361 MiB, 46068 MiB, 92.04 W
2026/09/26 17:21:07.366, NVIDIA L40S, 0 %, 40361 MiB, 46068 MiB, 91.86 W
2026/09/26 17:21:08.367, NVIDIA L40S, 0 %, 40361 MiB, 46068 MiB, 91.86 W
2026/09/26 17:21:09.367, NVIDIA L40S, 0 %, 40361 MiB, 46068 MiB, 92.23 W
2026/09/26 17:21:10.367, NVIDIA L40S, 0 %, 40361 MiB, 46068 MiB, 92.44 W
2026/09/26 17:21:11.368, NVIDIA L40S, 0 %, 40361 MiB, 46068 MiB, 92.14 W
2026/09/26 17:21:12.368, NVIDIA L40S, 0 %, 40361 MiB, 46068 MiB, 92.02 W
2026/09/26 17:21:13.369, NVIDIA L40S, 0 %, 40361 MiB, 46068 MiB, 91.93 W
2026/09/26 17:21:14.369, NVIDIA L40S, 0 %, 40361 MiB, 46068 MiB, 91.71 W
2026/09/26 17:21:15.369, NVIDIA L40S, 0 %, 40361 MiB, 46068 MiB, 91.74 W
2026/09/26 17:21:16.370, NVIDIA L40S, 0 %, 40361 MiB, 46068 MiB, 91.89 W
2026/09/26 17:21:17.370, NVIDIA L40S, 0 %, 40361 MiB, 46068 MiB, 92.16 W
2026/09/26 17:21:18.370, NVIDIA L40S, 0 %, 40361 MiB, 46068 MiB, 91.98 W
2026/09/26 17:21:19.372, NVIDIA L40S, 0 %, 40361 MiB, 46068 MiB, 91.83 W
2026/09/26 17:21:20.372, NVIDIA L40S, 0 %, 40361 MiB, 46068 MiB, 91.96 W
2026/09/26 17:21:21.372, NVIDIA L40S, 0 %, 40361 MiB, 46068 MiB, 91.89 W
2026/09/26 17:21:22.373, NVIDIA L40S, 0 %, 40361 MiB, 46068 MiB, 91.92 W
2026/09/26 17:21:23.373, NVIDIA L40S, 0 %, 40361 MiB, 46068 MiB, 91.89 W
2026/09/26 17:21:24.374, NVIDIA L40S, 0 %, 40361 MiB, 46068 MiB, 91.92 W
2026/09/26 17:21:25.374, NVIDIA L40S, 0 %, 40361 MiB, 46068 MiB, 91.92 W
2026/09/26 17:21:26.374, NVIDIA L40S, 0 %, 40361 MiB, 46068 MiB, 91.89 W
2026/09/26 17:21:27.374, NVIDIA L40S, 0 %, 40361 MiB, 46068 MiB, 92.11 W
2026/09/26 17:21:28.375, NVIDIA L40S, 0 %, 40361 MiB, 46068 MiB, 92.08 W
2026/09/26 17:21:29.375, NVIDIA L40S, 0 %, 40361 MiB, 46068 MiB, 92.08 W
2026/09/26 17:21:30.376, NVIDIA L40S, 0 %, 40361 MiB, 46068 MiB, 92.08 W
2026/09/26 17:21:31.376, NVIDIA L40S, 0 %, 40361 MiB, 46068 MiB, 92.01 W
2026/09/26 17:21:32.377, NVIDIA L40S, 0 %, 40361 MiB, 46068 MiB, 92.04 W
2026/09/26 17:21:33.377, NVIDIA L40S, 0 %, 40361 MiB, 46068 MiB, 92.01 W
2026/09/26 17:21:34.377, NVIDIA L40S, 0 %, 40361 MiB, 46068 MiB, 92.01 W
2026/09/26 17:21:35.377, NVIDIA L40S, 0 %, 40361 MiB, 46068 MiB, 92.01 W
2026/09/26 17:21:36.379, NVIDIA L40S, 0 %, 40361 MiB, 46068 MiB, 92.04 W
2026/09/26 17:21:37.379, NVIDIA L40S, 0 %, 40361 MiB, 46068 MiB, 92.10 W
2026/09/26 17:21:38.379, NVIDIA L40S, 0 %, 40361 MiB, 46068 MiB, 92.02 W
2026/09/26 17:21:39.380, NVIDIA L40S, 0 %, 40361 MiB, 46068 MiB, 91.92 W
2026/09/26 17:21:40.380, NVIDIA L40S, 0 %, 40361 MiB, 46068 MiB, 91.95 W
2026/09/26 17:21:41.380, NVIDIA L40S, 0 %, 40361 MiB, 46068 MiB, 91.83 W
2026/09/26 17:21:42.382, NVIDIA L40S, 0 %, 40361 MiB, 46068 MiB, 91.83 W
2026/09/26 17:21:43.382, NVIDIA L40S, 0 %, 40361 MiB, 46068 MiB, 92.08 W
2026/09/26 17:21:44.382, NVIDIA L40S, 0 %, 40361 MiB, 46068 MiB, 92.17 W
2026/09/26 17:21:45.383, NVIDIA L40S, 0 %, 40361 MiB, 46068 MiB, 92.11 W
2026/09/26 17:21:46.384, NVIDIA L40S, 0 %, 40361 MiB, 46068 MiB, 91.96 W
2026/09/26 17:21:47.385, NVIDIA L40S, 0 %, 40361 MiB, 46068 MiB, 91.90 W
2026/09/26 17:21:48.385, NVIDIA L40S, 0 %, 40361 MiB, 46068 MiB, 91.81 W
2026/09/26 17:21:49.385, NVIDIA L40S, 0 %, 40361 MiB, 46068 MiB, 91.68 W
2026/09/26 17:21:50.386, NVIDIA L40S, 0 %, 40361 MiB, 46068 MiB, 91.81 W
2026/09/26 17:21:51.386, NVIDIA L40S, 0 %, 40361 MiB, 46068 MiB, 91.83 W
2026/09/26 17:21:52.387, NVIDIA L40S, 0 %, 40361 MiB, 46068 MiB, 92.01 W
2026/09/26 17:21:53.387, NVIDIA L40S, 0 %, 40361 MiB, 46068 MiB, 92.10 W
2026/09/26 17:21:54.387, NVIDIA L40S, 0 %, 40361 MiB, 46068 MiB, 91.86 W
2026/09/26 17:21:55.387, NVIDIA L40S, 0 %, 40361 MiB, 46068 MiB, 91.83 W
2026/09/26 17:21:56.389, NVIDIA L40S, 0 %, 40361 MiB, 46068 MiB, 91.90 W
2026/09/26 17:21:57.389, NVIDIA L40S, 0 %, 40361 MiB, 46068 MiB, 91.92 W
2026/09/26 17:21:58.389, NVIDIA L40S, 0 %, 40361 MiB, 46068 MiB, 92.04 W
2026/09/26 17:21:59.389, NVIDIA L40S, 0 %, 40361 MiB, 46068 MiB, 92.05 W
2026/09/26 17:22:00.390, NVIDIA L40S, 0 %, 40361 MiB, 46068 MiB, 91.98 W
2026/09/26 17:22:01.390, NVIDIA L40S, 0 %, 40361 MiB, 46068 MiB, 92.01 W
2026/09/26 17:22:02.390, NVIDIA L40S, 0 %, 40361 MiB, 46068 MiB, 91.86 W
2026/09/26 17:22:03.391, NVIDIA L40S, 0 %, 40361 MiB, 46068 MiB, 91.83 W
2026/09/26 17:22:04.391, NVIDIA L40S, 0 %, 40361 MiB, 46068 MiB, 91.95 W
2026/09/26 17:22:05.391, NVIDIA L40S, 0 %, 40361 MiB, 46068 MiB, 91.95 W
2026/09/26 17:22:06.391, NVIDIA L40S, 0 %, 40361 MiB, 46068 MiB, 91.96 W
2026/09/26 17:22:07.745, NVIDIA L40S, 0 %, 40361 MiB, 46068 MiB, 92.08 W
2026/09/26 17:22:08.745, NVIDIA L40S, 0 %, 40361 MiB, 46068 MiB, 102.56 W
2026/09/26 17:22:09.798, NVIDIA L40S, 100 %, 40361 MiB, 46068 MiB, 241.30 W
2026/09/26 17:22:10.799, NVIDIA L40S, 100 %, 40361 MiB, 46068 MiB, 256.66 W
2026/09/26 17:22:11.799, NVIDIA L40S, 100 %, 40361 MiB, 46068 MiB, 258.32 W
2026/09/26 17:22:12.799, NVIDIA L40S, 100 %, 40361 MiB, 46068 MiB, 258.52 W
2026/09/26 17:22:13.799, NVIDIA L40S, 100 %, 40361 MiB, 46068 MiB, 258.09 W
2026/09/26 17:22:14.800, NVIDIA L40S, 100 %, 40361 MiB, 46068 MiB, 251.36 W
2026/09/26 17:22:15.801, NVIDIA L40S, 100 %, 40361 MiB, 46068 MiB, 259.49 W
2026/09/26 17:22:16.801, NVIDIA L40S, 100 %, 40361 MiB, 46068 MiB, 256.84 W
2026/09/26 17:22:17.801, NVIDIA L40S, 100 %, 40361 MiB, 46068 MiB, 259.35 W
2026/09/26 17:22:18.801, NVIDIA L40S, 100 %, 40361 MiB, 46068 MiB, 260.32 W
2026/09/26 17:22:19.802, NVIDIA L40S, 100 %, 40361 MiB, 46068 MiB, 261.27 W
2026/09/26 17:22:20.802, NVIDIA L40S, 100 %, 40361 MiB, 46068 MiB, 260.12 W
2026/09/26 17:22:21.802, NVIDIA L40S, 100 %, 40361 MiB, 46068 MiB, 261.12 W
2026/09/26 17:22:22.803, NVIDIA L40S, 100 %, 40361 MiB, 46068 MiB, 268.24 W
2026/09/26 17:22:23.803, NVIDIA L40S, 100 %, 40361 MiB, 46068 MiB, 261.05 W
2026/09/26 17:22:24.803, NVIDIA L40S, 100 %, 40361 MiB, 46068 MiB, 267.83 W
2026/09/26 17:22:25.804, NVIDIA L40S, 100 %, 40361 MiB, 46068 MiB, 262.45 W
2026/09/26 17:22:26.805, NVIDIA L40S, 100 %, 40361 MiB, 46068 MiB, 263.77 W
2026/09/26 17:22:27.805, NVIDIA L40S, 100 %, 40361 MiB, 46068 MiB, 251.83 W
2026/09/26 17:22:28.805, NVIDIA L40S, 100 %, 40361 MiB, 46068 MiB, 263.92 W
2026/09/26 17:22:29.806, NVIDIA L40S, 100 %, 40361 MiB, 46068 MiB, 261.73 W
2026/09/26 17:22:30.812, NVIDIA L40S, 100 %, 40361 MiB, 46068 MiB, 260.37 W
2026/09/26 17:22:31.812, NVIDIA L40S, 100 %, 40361 MiB, 46068 MiB, 262.89 W
2026/09/26 17:22:32.812, NVIDIA L40S, 100 %, 40361 MiB, 46068 MiB, 261.41 W
2026/09/26 17:22:33.812, NVIDIA L40S, 100 %, 40361 MiB, 46068 MiB, 264.37 W
2026/09/26 17:22:34.813, NVIDIA L40S, 100 %, 40361 MiB, 46068 MiB, 265.40 W
2026/09/26 17:22:35.813, NVIDIA L40S, 100 %, 40361 MiB, 46068 MiB, 268.63 W
2026/09/26 17:22:36.814, NVIDIA L40S, 100 %, 40361 MiB, 46068 MiB, 265.21 W
2026/09/26 17:22:37.814, NVIDIA L40S, 87 %, 40361 MiB, 46068 MiB, 274.80 W
2026/09/26 17:22:38.814, NVIDIA L40S, 100 %, 40361 MiB, 46068 MiB, 265.05 W
2026/09/26 17:22:39.815, NVIDIA L40S, 100 %, 40361 MiB, 46068 MiB, 265.61 W
2026/09/26 17:22:40.815, NVIDIA L40S, 100 %, 40361 MiB, 46068 MiB, 253.34 W
2026/09/26 17:22:41.815, NVIDIA L40S, 100 %, 40361 MiB, 46068 MiB, 263.81 W
2026/09/26 17:22:42.815, NVIDIA L40S, 100 %, 40361 MiB, 46068 MiB, 264.92 W
2026/09/26 17:22:43.816, NVIDIA L40S, 100 %, 40361 MiB, 46068 MiB, 261.62 W
2026/09/26 17:22:44.816, NVIDIA L40S, 100 %, 40361 MiB, 46068 MiB, 264.55 W
2026/09/26 17:22:45.816, NVIDIA L40S, 100 %, 40361 MiB, 46068 MiB, 263.09 W
2026/09/26 17:22:46.816, NVIDIA L40S, 100 %, 40361 MiB, 46068 MiB, 265.97 W
2026/09/26 17:22:47.817, NVIDIA L40S, 100 %, 40361 MiB, 46068 MiB, 267.05 W
2026/09/26 17:22:48.817, NVIDIA L40S, 100 %, 40361 MiB, 46068 MiB, 271.22 W
2026/09/26 17:22:49.818, NVIDIA L40S, 100 %, 40361 MiB, 46068 MiB, 266.71 W
2026/09/26 17:22:50.818, NVIDIA L40S, 100 %, 40361 MiB, 46068 MiB, 275.73 W
2026/09/26 17:22:51.818, NVIDIA L40S, 100 %, 40361 MiB, 46068 MiB, 273.73 W
2026/09/26 17:22:52.818, NVIDIA L40S, 100 %, 40361 MiB, 46068 MiB, 267.81 W
2026/09/26 17:22:53.820, NVIDIA L40S, 100 %, 40361 MiB, 46068 MiB, 255.71 W
2026/09/26 17:22:54.821, NVIDIA L40S, 100 %, 40361 MiB, 46068 MiB, 265.30 W
2026/09/26 17:22:55.822, NVIDIA L40S, 100 %, 40361 MiB, 46068 MiB, 266.02 W
2026/09/26 17:22:56.822, NVIDIA L40S, 100 %, 40361 MiB, 46068 MiB, 263.24 W
2026/09/26 17:22:57.822, NVIDIA L40S, 100 %, 40361 MiB, 46068 MiB, 265.89 W
2026/09/26 17:22:58.822, NVIDIA L40S, 100 %, 40361 MiB, 46068 MiB, 264.08 W
2026/09/26 17:22:59.823, NVIDIA L40S, 100 %, 40361 MiB, 46068 MiB, 265.75 W
2026/09/26 17:23:00.824, NVIDIA L40S, 100 %, 40361 MiB, 46068 MiB, 266.34 W
2026/09/26 17:23:01.824, NVIDIA L40S, 100 %, 40361 MiB, 46068 MiB, 271.95 W
2026/09/26 17:23:02.824, NVIDIA L40S, 100 %, 40361 MiB, 46068 MiB, 268.26 W
2026/09/26 17:23:03.825, NVIDIA L40S, 100 %, 40361 MiB, 46068 MiB, 279.30 W
2026/09/26 17:23:04.825, NVIDIA L40S, 100 %, 40361 MiB, 46068 MiB, 277.03 W
2026/09/26 17:23:05.825, NVIDIA L40S, 100 %, 40361 MiB, 46068 MiB, 268.69 W
2026/09/26 17:23:06.826, NVIDIA L40S, 100 %, 40361 MiB, 46068 MiB, 265.59 W
2026/09/26 17:23:07.826, NVIDIA L40S, 100 %, 40361 MiB, 46068 MiB, 268.75 W
2026/09/26 17:23:08.826, NVIDIA L40S, 100 %, 40361 MiB, 46068 MiB, 269.15 W
2026/09/26 17:23:09.826, NVIDIA L40S, 100 %, 40361 MiB, 46068 MiB, 263.40 W
2026/09/26 17:23:10.827, NVIDIA L40S, 100 %, 40361 MiB, 46068 MiB, 267.52 W
2026/09/26 17:23:11.827, NVIDIA L40S, 86 %, 40361 MiB, 46068 MiB, 264.40 W
2026/09/26 17:23:12.827, NVIDIA L40S, 100 %, 40361 MiB, 46068 MiB, 266.42 W
2026/09/26 17:23:13.828, NVIDIA L40S, 100 %, 40361 MiB, 46068 MiB, 267.17 W
2026/09/26 17:23:14.828, NVIDIA L40S, 100 %, 40361 MiB, 46068 MiB, 267.81 W
2026/09/26 17:23:15.828, NVIDIA L40S, 100 %, 40361 MiB, 46068 MiB, 267.61 W
2026/09/26 17:23:16.829, NVIDIA L40S, 100 %, 40361 MiB, 46068 MiB, 267.25 W
2026/09/26 17:23:17.829, NVIDIA L40S, 100 %, 40361 MiB, 46068 MiB, 278.25 W
2026/09/26 17:23:18.829, NVIDIA L40S, 100 %, 40361 MiB, 46068 MiB, 269.73 W
2026/09/26 17:23:19.830, NVIDIA L40S, 100 %, 40361 MiB, 46068 MiB, 267.88 W
2026/09/26 17:23:20.830, NVIDIA L40S, 100 %, 40361 MiB, 46068 MiB, 267.27 W
2026/09/26 17:23:21.830, NVIDIA L40S, 100 %, 40361 MiB, 46068 MiB, 267.62 W
2026/09/26 17:23:22.830, NVIDIA L40S, 100 %, 40361 MiB, 46068 MiB, 261.52 W
2026/09/26 17:23:23.830, NVIDIA L40S, 100 %, 40361 MiB, 46068 MiB, 267.74 W
2026/09/26 17:23:24.831, NVIDIA L40S, 100 %, 40361 MiB, 46068 MiB, 265.71 W
2026/09/26 17:23:25.832, NVIDIA L40S, 100 %, 40361 MiB, 46068 MiB, 265.12 W
2026/09/26 17:23:26.832, NVIDIA L40S, 100 %, 40361 MiB, 46068 MiB, 267.84 W
2026/09/26 17:23:27.832, NVIDIA L40S, 100 %, 40361 MiB, 46068 MiB, 272.51 W
2026/09/26 17:23:28.833, NVIDIA L40S, 100 %, 40361 MiB, 46068 MiB, 267.86 W
2026/09/26 17:23:29.833, NVIDIA L40S, 100 %, 40361 MiB, 46068 MiB, 268.57 W
2026/09/26 17:23:30.833, NVIDIA L40S, 100 %, 40361 MiB, 46068 MiB, 276.22 W
2026/09/26 17:23:31.835, NVIDIA L40S, 100 %, 40361 MiB, 46068 MiB, 268.21 W
2026/09/26 17:23:32.835, NVIDIA L40S, 100 %, 40361 MiB, 46068 MiB, 266.45 W
2026/09/26 17:23:33.835, NVIDIA L40S, 100 %, 40361 MiB, 46068 MiB, 268.62 W
2026/09/26 17:23:34.836, NVIDIA L40S, 100 %, 40361 MiB, 46068 MiB, 268.34 W
2026/09/26 17:23:35.836, NVIDIA L40S, 100 %, 40361 MiB, 46068 MiB, 264.91 W
2026/09/26 17:23:36.836, NVIDIA L40S, 100 %, 40361 MiB, 46068 MiB, 267.97 W
2026/09/26 17:23:37.838, NVIDIA L40S, 100 %, 40361 MiB, 46068 MiB, 268.93 W
2026/09/26 17:23:38.838, NVIDIA L40S, 100 %, 40361 MiB, 46068 MiB, 264.44 W
2026/09/26 17:23:39.838, NVIDIA L40S, 100 %, 40361 MiB, 46068 MiB, 268.47 W
2026/09/26 17:23:40.838, NVIDIA L40S, 100 %, 40361 MiB, 46068 MiB, 273.47 W
2026/09/26 17:23:41.838, NVIDIA L40S, 100 %, 40361 MiB, 46068 MiB, 268.64 W
2026/09/26 17:23:42.839, NVIDIA L40S, 100 %, 40361 MiB, 46068 MiB, 269.30 W
2026/09/26 17:23:43.845, NVIDIA L40S, 100 %, 40361 MiB, 46068 MiB, 276.93 W
2026/09/26 17:23:44.860, NVIDIA L40S, 100 %, 40361 MiB, 46068 MiB, 268.45 W
2026/09/26 17:23:45.860, NVIDIA L40S, 82 %, 40361 MiB, 46068 MiB, 260.85 W
2026/09/26 17:23:46.861, NVIDIA L40S, 100 %, 40361 MiB, 46068 MiB, 267.40 W
2026/09/26 17:23:47.861, NVIDIA L40S, 100 %, 40361 MiB, 46068 MiB, 269.19 W
2026/09/26 17:23:48.861, NVIDIA L40S, 100 %, 40361 MiB, 46068 MiB, 266.12 W
2026/09/26 17:23:49.862, NVIDIA L40S, 100 %, 40361 MiB, 46068 MiB, 269.79 W
2026/09/26 17:23:50.862, NVIDIA L40S, 100 %, 40361 MiB, 46068 MiB, 268.90 W
2026/09/26 17:23:51.862, NVIDIA L40S, 100 %, 40361 MiB, 46068 MiB, 270.73 W
2026/09/26 17:23:52.862, NVIDIA L40S, 100 %, 40361 MiB, 46068 MiB, 269.23 W
2026/09/26 17:23:53.863, NVIDIA L40S, 100 %, 40361 MiB, 46068 MiB, 278.43 W
2026/09/26 17:23:54.863, NVIDIA L40S, 100 %, 40361 MiB, 46068 MiB, 269.21 W
2026/09/26 17:23:55.863, NVIDIA L40S, 100 %, 40361 MiB, 46068 MiB, 268.94 W
2026/09/26 17:23:56.864, NVIDIA L40S, 100 %, 40361 MiB, 46068 MiB, 270.92 W
2026/09/26 17:23:57.864, NVIDIA L40S, 100 %, 40361 MiB, 46068 MiB, 272.25 W
2026/09/26 17:23:58.864, NVIDIA L40S, 100 %, 40361 MiB, 46068 MiB, 265.20 W
2026/09/26 17:23:59.865, NVIDIA L40S, 100 %, 40361 MiB, 46068 MiB, 261.47 W
2026/09/26 17:24:00.865, NVIDIA L40S, 100 %, 40361 MiB, 46068 MiB, 269.03 W
2026/09/26 17:24:01.865, NVIDIA L40S, 100 %, 40361 MiB, 46068 MiB, 266.00 W
2026/09/26 17:24:02.865, NVIDIA L40S, 100 %, 40361 MiB, 46068 MiB, 269.47 W
2026/09/26 17:24:03.866, NVIDIA L40S, 100 %, 40361 MiB, 46068 MiB, 269.29 W
2026/09/26 17:24:04.866, NVIDIA L40S, 100 %, 40361 MiB, 46068 MiB, 267.96 W
2026/09/26 17:24:05.867, NVIDIA L40S, 100 %, 40361 MiB, 46068 MiB, 269.96 W
2026/09/26 17:24:06.867, NVIDIA L40S, 86 %, 40361 MiB, 46068 MiB, 278.61 W
2026/09/26 17:24:07.867, NVIDIA L40S, 100 %, 40361 MiB, 46068 MiB, 268.26 W
2026/09/26 17:24:08.868, NVIDIA L40S, 100 %, 40361 MiB, 46068 MiB, 269.70 W
2026/09/26 17:24:09.868, NVIDIA L40S, 100 %, 40361 MiB, 46068 MiB, 273.67 W
2026/09/26 17:24:10.868, NVIDIA L40S, 100 %, 40361 MiB, 46068 MiB, 272.02 W
2026/09/26 17:24:11.869, NVIDIA L40S, 100 %, 40361 MiB, 46068 MiB, 271.88 W
2026/09/26 17:24:12.870, NVIDIA L40S, 100 %, 40361 MiB, 46068 MiB, 259.45 W
2026/09/26 17:24:13.870, NVIDIA L40S, 100 %, 40361 MiB, 46068 MiB, 269.49 W
2026/09/26 17:24:14.870, NVIDIA L40S, 100 %, 40361 MiB, 46068 MiB, 266.12 W
2026/09/26 17:24:15.870, NVIDIA L40S, 100 %, 40361 MiB, 46068 MiB, 269.36 W
2026/09/26 17:24:16.871, NVIDIA L40S, 100 %, 40361 MiB, 46068 MiB, 270.20 W
2026/09/26 17:24:17.871, NVIDIA L40S, 100 %, 40361 MiB, 46068 MiB, 268.57 W
2026/09/26 17:24:18.871, NVIDIA L40S, 100 %, 40361 MiB, 46068 MiB, 272.19 W
2026/09/26 17:24:19.871, NVIDIA L40S, 100 %, 40361 MiB, 46068 MiB, 279.40 W
2026/09/26 17:24:20.872, NVIDIA L40S, 100 %, 40361 MiB, 46068 MiB, 278.22 W
2026/09/26 17:24:21.872, NVIDIA L40S, 100 %, 40361 MiB, 46068 MiB, 272.09 W
2026/09/26 17:24:22.872, NVIDIA L40S, 100 %, 40361 MiB, 46068 MiB, 276.86 W
2026/09/26 17:24:23.872, NVIDIA L40S, 100 %, 40361 MiB, 46068 MiB, 271.84 W
2026/09/26 17:24:24.873, NVIDIA L40S, 100 %, 40361 MiB, 46068 MiB, 271.85 W
2026/09/26 17:24:25.873, NVIDIA L40S, 100 %, 40361 MiB, 46068 MiB, 259.96 W
2026/09/26 17:24:26.873, NVIDIA L40S, 100 %, 40361 MiB, 46068 MiB, 272.52 W
2026/09/26 17:24:27.873, NVIDIA L40S, 86 %, 40361 MiB, 46068 MiB, 269.27 W
2026/09/26 17:24:28.874, NVIDIA L40S, 100 %, 40361 MiB, 46068 MiB, 269.67 W
2026/09/26 17:24:29.874, NVIDIA L40S, 100 %, 40361 MiB, 46068 MiB, 270.67 W
2026/09/26 17:24:30.874, NVIDIA L40S, 100 %, 40361 MiB, 46068 MiB, 267.88 W
2026/09/26 17:24:31.874, NVIDIA L40S, 100 %, 40361 MiB, 46068 MiB, 271.78 W
2026/09/26 17:24:32.874, NVIDIA L40S, 100 %, 40361 MiB, 46068 MiB, 277.72 W
2026/09/26 17:24:33.875, NVIDIA L40S, 100 %, 40361 MiB, 46068 MiB, 273.91 W
2026/09/26 17:24:34.875, NVIDIA L40S, 100 %, 40361 MiB, 46068 MiB, 270.07 W
2026/09/26 17:24:35.875, NVIDIA L40S, 100 %, 40361 MiB, 46068 MiB, 278.22 W
2026/09/26 17:24:36.876, NVIDIA L40S, 100 %, 40361 MiB, 46068 MiB, 269.46 W
2026/09/26 17:24:37.876, NVIDIA L40S, 100 %, 40361 MiB, 46068 MiB, 270.29 W
2026/09/26 17:24:38.876, NVIDIA L40S, 100 %, 40361 MiB, 46068 MiB, 265.31 W
2026/09/26 17:24:39.876, NVIDIA L40S, 100 %, 40361 MiB, 46068 MiB, 269.85 W
2026/09/26 17:24:40.877, NVIDIA L40S, 91 %, 40361 MiB, 46068 MiB, 267.93 W
2026/09/26 17:24:41.877, NVIDIA L40S, 100 %, 40361 MiB, 46068 MiB, 270.77 W
2026/09/26 17:24:42.877, NVIDIA L40S, 100 %, 40361 MiB, 46068 MiB, 270.00 W
2026/09/26 17:24:43.877, NVIDIA L40S, 100 %, 40361 MiB, 46068 MiB, 267.82 W
2026/09/26 17:24:44.878, NVIDIA L40S, 100 %, 40361 MiB, 46068 MiB, 270.34 W
2026/09/26 17:24:45.879, NVIDIA L40S, 100 %, 40361 MiB, 46068 MiB, 270.50 W
2026/09/26 17:24:46.879, NVIDIA L40S, 100 %, 40361 MiB, 46068 MiB, 272.59 W
2026/09/26 17:24:47.879, NVIDIA L40S, 100 %, 40361 MiB, 46068 MiB, 269.78 W
2026/09/26 17:24:48.879, NVIDIA L40S, 100 %, 40361 MiB, 46068 MiB, 279.32 W
2026/09/26 17:24:49.880, NVIDIA L40S, 100 %, 40361 MiB, 46068 MiB, 271.70 W
2026/09/26 17:24:50.880, NVIDIA L40S, 100 %, 40361 MiB, 46068 MiB, 272.41 W
2026/09/26 17:24:51.881, NVIDIA L40S, 100 %, 40361 MiB, 46068 MiB, 272.04 W
2026/09/26 17:24:52.881, NVIDIA L40S, 100 %, 40361 MiB, 46068 MiB, 272.02 W
2026/09/26 17:24:53.881, NVIDIA L40S, 90 %, 40361 MiB, 46068 MiB, 266.73 W
2026/09/26 17:24:54.881, NVIDIA L40S, 100 %, 40361 MiB, 46068 MiB, 267.76 W
2026/09/26 17:24:55.882, NVIDIA L40S, 100 %, 40361 MiB, 46068 MiB, 270.57 W
2026/09/26 17:24:56.883, NVIDIA L40S, 100 %, 40361 MiB, 46068 MiB, 266.02 W
2026/09/26 17:24:57.883, NVIDIA L40S, 100 %, 40361 MiB, 46068 MiB, 270.81 W
2026/09/26 17:24:58.884, NVIDIA L40S, 100 %, 40361 MiB, 46068 MiB, 269.96 W
2026/09/26 17:24:59.884, NVIDIA L40S, 100 %, 40361 MiB, 46068 MiB, 270.73 W
2026/09/26 17:25:00.885, NVIDIA L40S, 100 %, 40361 MiB, 46068 MiB, 270.63 W
2026/09/26 17:25:01.885, NVIDIA L40S, 100 %, 40361 MiB, 46068 MiB, 278.94 W
2026/09/26 17:25:02.886, NVIDIA L40S, 100 %, 40361 MiB, 46068 MiB, 269.75 W
2026/09/26 17:25:03.886, NVIDIA L40S, 100 %, 40361 MiB, 46068 MiB, 270.18 W
2026/09/26 17:25:04.886, NVIDIA L40S, 100 %, 40361 MiB, 46068 MiB, 273.05 W
2026/09/26 17:25:05.886, NVIDIA L40S, 100 %, 40361 MiB, 46068 MiB, 272.63 W
2026/09/26 17:25:06.887, NVIDIA L40S, 100 %, 40361 MiB, 46068 MiB, 267.69 W
2026/09/26 17:25:07.887, NVIDIA L40S, 100 %, 40361 MiB, 46068 MiB, 263.90 W
2026/09/26 17:25:08.888, NVIDIA L40S, 100 %, 40361 MiB, 46068 MiB, 270.43 W
2026/09/26 17:25:09.888, NVIDIA L40S, 100 %, 40361 MiB, 46068 MiB, 267.66 W
2026/09/26 17:25:10.888, NVIDIA L40S, 100 %, 40361 MiB, 46068 MiB, 270.76 W
2026/09/26 17:25:11.888, NVIDIA L40S, 100 %, 40361 MiB, 46068 MiB, 270.45 W
2026/09/26 17:25:12.888, NVIDIA L40S, 100 %, 40361 MiB, 46068 MiB, 273.45 W
2026/09/26 17:25:13.889, NVIDIA L40S, 100 %, 40361 MiB, 46068 MiB, 272.57 W
2026/09/26 17:25:14.889, NVIDIA L40S, 86 %, 40361 MiB, 46068 MiB, 281.94 W
2026/09/26 17:25:15.889, NVIDIA L40S, 100 %, 40361 MiB, 46068 MiB, 270.82 W
2026/09/26 17:25:16.889, NVIDIA L40S, 100 %, 40361 MiB, 46068 MiB, 272.17 W
2026/09/26 17:25:17.889, NVIDIA L40S, 100 %, 40361 MiB, 46068 MiB, 272.79 W
2026/09/26 17:25:18.890, NVIDIA L40S, 100 %, 40361 MiB, 46068 MiB, 273.01 W
2026/09/26 17:25:19.890, NVIDIA L40S, 100 %, 40361 MiB, 46068 MiB, 272.36 W
2026/09/26 17:25:20.890, NVIDIA L40S, 100 %, 40361 MiB, 46068 MiB, 263.26 W
2026/09/26 17:25:21.890, NVIDIA L40S, 100 %, 40361 MiB, 46068 MiB, 270.71 W
2026/09/26 17:25:22.891, NVIDIA L40S, 100 %, 40361 MiB, 46068 MiB, 266.76 W
2026/09/26 17:25:23.913, NVIDIA L40S, 100 %, 40361 MiB, 46068 MiB, 272.32 W
2026/09/26 17:25:24.914, NVIDIA L40S, 100 %, 40361 MiB, 46068 MiB, 272.36 W
2026/09/26 17:25:25.914, NVIDIA L40S, 100 %, 40361 MiB, 46068 MiB, 272.26 W
2026/09/26 17:25:26.914, NVIDIA L40S, 100 %, 40361 MiB, 46068 MiB, 272.78 W
2026/09/26 17:25:27.914, NVIDIA L40S, 100 %, 40361 MiB, 46068 MiB, 282.17 W
2026/09/26 17:25:28.915, NVIDIA L40S, 100 %, 40361 MiB, 46068 MiB, 281.08 W
2026/09/26 17:25:29.915, NVIDIA L40S, 100 %, 40361 MiB, 46068 MiB, 273.22 W
2026/09/26 17:25:30.915, NVIDIA L40S, 100 %, 40361 MiB, 46068 MiB, 278.81 W
2026/09/26 17:25:31.915, NVIDIA L40S, 100 %, 40361 MiB, 46068 MiB, 272.20 W
2026/09/26 17:25:32.916, NVIDIA L40S, 100 %, 40361 MiB, 46068 MiB, 272.68 W
2026/09/26 17:25:33.916, NVIDIA L40S, 100 %, 40361 MiB, 46068 MiB, 259.79 W
2026/09/26 17:25:34.916, NVIDIA L40S, 100 %, 40361 MiB, 46068 MiB, 270.61 W
2026/09/26 17:25:35.917, NVIDIA L40S, 86 %, 40361 MiB, 46068 MiB, 267.00 W
2026/09/26 17:25:36.917, NVIDIA L40S, 100 %, 40361 MiB, 46068 MiB, 269.73 W
2026/09/26 17:25:37.917, NVIDIA L40S, 100 %, 40361 MiB, 46068 MiB, 270.09 W
2026/09/26 17:25:38.918, NVIDIA L40S, 100 %, 40361 MiB, 46068 MiB, 268.70 W
2026/09/26 17:25:39.918, NVIDIA L40S, 100 %, 40361 MiB, 46068 MiB, 270.22 W
2026/09/26 17:25:40.918, NVIDIA L40S, 100 %, 40361 MiB, 46068 MiB, 270.50 W
2026/09/26 17:25:41.919, NVIDIA L40S, 100 %, 40361 MiB, 46068 MiB, 279.29 W
2026/09/26 17:25:42.919, NVIDIA L40S, 100 %, 40361 MiB, 46068 MiB, 270.65 W
2026/09/26 17:25:43.920, NVIDIA L40S, 100 %, 40361 MiB, 46068 MiB, 275.34 W
2026/09/26 17:25:44.920, NVIDIA L40S, 100 %, 40361 MiB, 46068 MiB, 271.91 W
2026/09/26 17:25:45.920, NVIDIA L40S, 100 %, 40361 MiB, 46068 MiB, 272.63 W
2026/09/26 17:25:46.920, NVIDIA L40S, 100 %, 40361 MiB, 46068 MiB, 259.90 W
2026/09/26 17:25:47.921, NVIDIA L40S, 100 %, 40361 MiB, 46068 MiB, 270.57 W
2026/09/26 17:25:48.921, NVIDIA L40S, 100 %, 40361 MiB, 46068 MiB, 267.81 W
2026/09/26 17:25:49.924, NVIDIA L40S, 100 %, 40361 MiB, 46068 MiB, 267.29 W
2026/09/26 17:25:50.924, NVIDIA L40S, 100 %, 40361 MiB, 46068 MiB, 271.04 W
2026/09/26 17:25:51.924, NVIDIA L40S, 100 %, 40361 MiB, 46068 MiB, 271.82 W
2026/09/26 17:25:52.925, NVIDIA L40S, 100 %, 40361 MiB, 46068 MiB, 270.40 W
2026/09/26 17:25:53.925, NVIDIA L40S, 100 %, 40361 MiB, 46068 MiB, 270.53 W
2026/09/26 17:25:54.925, NVIDIA L40S, 100 %, 40361 MiB, 46068 MiB, 279.41 W
2026/09/26 17:25:55.926, NVIDIA L40S, 100 %, 40361 MiB, 46068 MiB, 270.10 W
2026/09/26 17:25:56.926, NVIDIA L40S, 100 %, 40361 MiB, 46068 MiB, 267.80 W
2026/09/26 17:25:57.926, NVIDIA L40S, 100 %, 40361 MiB, 46068 MiB, 269.29 W
2026/09/26 17:25:58.927, NVIDIA L40S, 100 %, 40361 MiB, 46068 MiB, 270.44 W
2026/09/26 17:25:59.927, NVIDIA L40S, 100 %, 40361 MiB, 46068 MiB, 265.06 W
2026/09/26 17:26:00.928, NVIDIA L40S, 100 %, 40361 MiB, 46068 MiB, 270.13 W
2026/09/26 17:26:01.928, NVIDIA L40S, 100 %, 40361 MiB, 46068 MiB, 268.21 W
2026/09/26 17:26:02.928, NVIDIA L40S, 100 %, 40361 MiB, 46068 MiB, 268.09 W
2026/09/26 17:26:03.928, NVIDIA L40S, 100 %, 40361 MiB, 46068 MiB, 270.18 W
2026/09/26 17:26:04.929, NVIDIA L40S, 100 %, 40361 MiB, 46068 MiB, 274.45 W
2026/09/26 17:26:05.929, NVIDIA L40S, 100 %, 40361 MiB, 46068 MiB, 270.32 W
2026/09/26 17:26:06.930, NVIDIA L40S, 100 %, 40361 MiB, 46068 MiB, 270.58 W
2026/09/26 17:26:07.930, NVIDIA L40S, 100 %, 40361 MiB, 46068 MiB, 279.05 W
2026/09/26 17:26:08.931, NVIDIA L40S, 100 %, 40361 MiB, 46068 MiB, 270.20 W
2026/09/26 17:26:09.931, NVIDIA L40S, 100 %, 40361 MiB, 46068 MiB, 264.30 W
2026/09/26 17:26:10.931, NVIDIA L40S, 100 %, 40361 MiB, 46068 MiB, 272.19 W
2026/09/26 17:26:11.932, NVIDIA L40S, 100 %, 40361 MiB, 46068 MiB, 272.71 W
2026/09/26 17:26:12.932, NVIDIA L40S, 100 %, 40361 MiB, 46068 MiB, 269.39 W
2026/09/26 17:26:13.933, NVIDIA L40S, 100 %, 40361 MiB, 46068 MiB, 270.55 W
2026/09/26 17:26:14.933, NVIDIA L40S, 100 %, 40361 MiB, 46068 MiB, 270.46 W
2026/09/26 17:26:15.933, NVIDIA L40S, 100 %, 40361 MiB, 46068 MiB, 267.91 W
2026/09/26 17:26:16.934, NVIDIA L40S, 100 %, 40361 MiB, 46068 MiB, 270.10 W
2026/09/26 17:26:17.934, NVIDIA L40S, 100 %, 40361 MiB, 46068 MiB, 275.41 W
2026/09/26 17:26:18.935, NVIDIA L40S, 100 %, 40361 MiB, 46068 MiB, 269.91 W
2026/09/26 17:26:19.935, NVIDIA L40S, 100 %, 40361 MiB, 46068 MiB, 270.81 W
2026/09/26 17:26:20.935, NVIDIA L40S, 100 %, 40361 MiB, 46068 MiB, 279.05 W
2026/09/26 17:26:21.936, NVIDIA L40S, 100 %, 40361 MiB, 46068 MiB, 272.62 W
2026/09/26 17:26:22.936, NVIDIA L40S, 84 %, 40361 MiB, 46068 MiB, 264.06 W
2026/09/26 17:26:23.936, NVIDIA L40S, 100 %, 40361 MiB, 46068 MiB, 269.72 W
2026/09/26 17:26:24.936, NVIDIA L40S, 100 %, 40361 MiB, 46068 MiB, 272.89 W
2026/09/26 17:26:25.937, NVIDIA L40S, 100 %, 40361 MiB, 46068 MiB, 269.71 W
2026/09/26 17:26:26.937, NVIDIA L40S, 100 %, 40361 MiB, 46068 MiB, 270.52 W
2026/09/26 17:26:27.937, NVIDIA L40S, 100 %, 40361 MiB, 46068 MiB, 270.83 W
2026/09/26 17:26:28.937, NVIDIA L40S, 100 %, 40361 MiB, 46068 MiB, 267.95 W
2026/09/26 17:26:29.938, NVIDIA L40S, 100 %, 40361 MiB, 46068 MiB, 270.32 W
2026/09/26 17:26:30.938, NVIDIA L40S, 0 %, 40361 MiB, 46068 MiB, 224.93 W
2026/09/26 17:26:31.938, NVIDIA L40S, 0 %, 40361 MiB, 46068 MiB, 116.42 W
2026/09/26 17:26:32.938, NVIDIA L40S, 0 %, 40361 MiB, 46068 MiB, 99.45 W
2026/09/26 17:26:33.939, NVIDIA L40S, 0 %, 40361 MiB, 46068 MiB, 99.23 W
2026/09/26 17:26:34.940, NVIDIA L40S, 0 %, 40361 MiB, 46068 MiB, 98.75 W
2026/09/26 17:26:35.940, NVIDIA L40S, 0 %, 40361 MiB, 46068 MiB, 98.38 W
2026/09/26 17:26:36.940, NVIDIA L40S, 0 %, 40361 MiB, 46068 MiB, 98.11 W
2026/09/26 17:26:37.941, NVIDIA L40S, 0 %, 40361 MiB, 46068 MiB, 97.86 W
2026/09/26 17:26:38.941, NVIDIA L40S, 0 %, 40361 MiB, 46068 MiB, 97.68 W
2026/09/26 17:26:39.941, NVIDIA L40S, 0 %, 40361 MiB, 46068 MiB, 97.50 W
2026/09/26 17:26:40.942, NVIDIA L40S, 0 %, 40361 MiB, 46068 MiB, 97.41 W
2026/09/26 17:26:41.943, NVIDIA L40S, 0 %, 40361 MiB, 46068 MiB, 97.16 W
2026/09/26 17:26:42.943, NVIDIA L40S, 0 %, 40361 MiB, 46068 MiB, 96.80 W
2026/09/26 17:26:43.943, NVIDIA L40S, 0 %, 40361 MiB, 46068 MiB, 96.58 W
2026/09/26 17:26:44.944, NVIDIA L40S, 0 %, 40361 MiB, 46068 MiB, 96.41 W
2026/09/26 17:26:45.944, NVIDIA L40S, 0 %, 40361 MiB, 46068 MiB, 96.18 W
2026/09/26 17:26:46.945, NVIDIA L40S, 0 %, 40361 MiB, 46068 MiB, 96.06 W
2026/09/26 17:26:47.945, NVIDIA L40S, 0 %, 40361 MiB, 46068 MiB, 96.09 W
2026/09/26 17:26:48.945, NVIDIA L40S, 0 %, 40361 MiB, 46068 MiB, 95.69 W
2026/09/26 17:26:49.946, NVIDIA L40S, 0 %, 40361 MiB, 46068 MiB, 95.67 W
2026/09/26 17:26:50.946, NVIDIA L40S, 0 %, 40361 MiB, 46068 MiB, 95.49 W
2026/09/26 17:26:51.946, NVIDIA L40S, 0 %, 40361 MiB, 46068 MiB, 95.31 W
2026/09/26 17:26:52.946, NVIDIA L40S, 0 %, 40361 MiB, 46068 MiB, 95.22 W
2026/09/26 17:26:53.947, NVIDIA L40S, 0 %, 40361 MiB, 46068 MiB, 95.12 W
2026/09/26 17:26:54.948, NVIDIA L40S, 0 %, 40361 MiB, 46068 MiB, 95.12 W
2026/09/26 17:26:55.948, NVIDIA L40S, 0 %, 40361 MiB, 46068 MiB, 95.03 W
2026/09/26 17:26:56.948, NVIDIA L40S, 0 %, 40361 MiB, 46068 MiB, 94.93 W
2026/09/26 17:26:57.949, NVIDIA L40S, 0 %, 40361 MiB, 46068 MiB, 94.91 W
2026/09/26 17:26:58.949, NVIDIA L40S, 0 %, 40361 MiB, 46068 MiB, 94.76 W
2026/09/26 17:26:59.949, NVIDIA L40S, 0 %, 40361 MiB, 46068 MiB, 94.66 W
2026/09/26 17:27:00.949, NVIDIA L40S, 0 %, 40361 MiB, 46068 MiB, 94.60 W
2026/09/26 17:27:01.950, NVIDIA L40S, 0 %, 40361 MiB, 46068 MiB, 94.51 W
2026/09/26 17:27:02.950, NVIDIA L40S, 0 %, 40361 MiB, 46068 MiB, 94.32 W
2026/09/26 17:27:03.950, NVIDIA L40S, 0 %, 40361 MiB, 46068 MiB, 94.20 W
2026/09/26 17:27:04.951, NVIDIA L40S, 0 %, 40361 MiB, 46068 MiB, 94.29 W
2026/09/26 17:27:05.951, NVIDIA L40S, 0 %, 40361 MiB, 46068 MiB, 94.26 W
2026/09/26 17:27:06.952, NVIDIA L40S, 0 %, 40361 MiB, 46068 MiB, 94.09 W
2026/09/26 17:27:07.952, NVIDIA L40S, 0 %, 40361 MiB, 46068 MiB, 93.93 W
2026/09/26 17:27:08.952, NVIDIA L40S, 0 %, 40361 MiB, 46068 MiB, 93.90 W
2026/09/26 17:27:09.952, NVIDIA L40S, 0 %, 40361 MiB, 46068 MiB, 93.90 W
2026/09/26 17:27:10.953, NVIDIA L40S, 0 %, 40361 MiB, 46068 MiB, 93.73 W
2026/09/26 17:27:11.953, NVIDIA L40S, 0 %, 40361 MiB, 46068 MiB, 93.59 W
2026/09/26 17:27:12.953, NVIDIA L40S, 0 %, 40361 MiB, 46068 MiB, 93.53 W
2026/09/26 17:27:13.954, NVIDIA L40S, 0 %, 40361 MiB, 46068 MiB, 93.35 W
2026/09/26 17:27:14.954, NVIDIA L40S, 0 %, 40361 MiB, 46068 MiB, 93.38 W
2026/09/26 17:27:15.954, NVIDIA L40S, 0 %, 40361 MiB, 46068 MiB, 93.38 W
2026/09/26 17:27:16.954, NVIDIA L40S, 0 %, 40361 MiB, 46068 MiB, 93.23 W
2026/09/26 17:27:17.955, NVIDIA L40S, 0 %, 40361 MiB, 46068 MiB, 93.23 W
2026/09/26 17:27:18.955, NVIDIA L40S, 0 %, 40361 MiB, 46068 MiB, 93.23 W
2026/09/26 17:27:19.955, NVIDIA L40S, 0 %, 40361 MiB, 46068 MiB, 93.13 W
2026/09/26 17:27:20.956, NVIDIA L40S, 0 %, 40361 MiB, 46068 MiB, 93.11 W
2026/09/26 17:27:21.957, NVIDIA L40S, 0 %, 40361 MiB, 46068 MiB, 93.05 W
2026/09/26 17:27:22.958, NVIDIA L40S, 0 %, 40361 MiB, 46068 MiB, 92.93 W
2026/09/26 17:27:23.958, NVIDIA L40S, 0 %, 40361 MiB, 46068 MiB, 92.87 W
2026/09/26 17:27:24.958, NVIDIA L40S, 0 %, 40361 MiB, 46068 MiB, 92.81 W
2026/09/26 17:27:25.959, NVIDIA L40S, 0 %, 40361 MiB, 46068 MiB, 92.86 W
2026/09/26 17:27:26.959, NVIDIA L40S, 0 %, 40361 MiB, 46068 MiB, 92.74 W
2026/09/26 17:27:27.960, NVIDIA L40S, 0 %, 40361 MiB, 46068 MiB, 92.50 W
2026/09/26 17:27:28.960, NVIDIA L40S, 0 %, 40361 MiB, 46068 MiB, 92.62 W
2026/09/26 17:27:29.977, NVIDIA L40S, 0 %, 40361 MiB, 46068 MiB, 92.71 W
2026/09/26 17:27:30.977, NVIDIA L40S, 0 %, 40361 MiB, 46068 MiB, 92.58 W
2026/09/26 17:27:31.978, NVIDIA L40S, 0 %, 40361 MiB, 46068 MiB, 92.55 W
2026/09/26 17:27:32.978, NVIDIA L40S, 0 %, 40361 MiB, 46068 MiB, 92.71 W
2026/09/26 17:27:33.978, NVIDIA L40S, 0 %, 40361 MiB, 46068 MiB, 92.74 W
2026/09/26 17:27:34.978, NVIDIA L40S, 0 %, 40361 MiB, 46068 MiB, 92.49 W
2026/09/26 17:27:35.979, NVIDIA L40S, 0 %, 40361 MiB, 46068 MiB, 110.17 W
2026/09/26 17:27:36.979, NVIDIA L40S, 100 %, 40361 MiB, 46068 MiB, 221.63 W
2026/09/26 17:27:37.980, NVIDIA L40S, 100 %, 40361 MiB, 46068 MiB, 244.02 W
2026/09/26 17:27:38.980, NVIDIA L40S, 100 %, 40361 MiB, 46068 MiB, 243.74 W
2026/09/26 17:27:39.981, NVIDIA L40S, 100 %, 40361 MiB, 46068 MiB, 253.24 W
2026/09/26 17:27:40.981, NVIDIA L40S, 100 %, 40361 MiB, 46068 MiB, 246.73 W
2026/09/26 17:27:41.981, NVIDIA L40S, 95 %, 40361 MiB, 46068 MiB, 267.82 W
2026/09/26 17:27:42.981, NVIDIA L40S, 100 %, 40361 MiB, 46068 MiB, 255.15 W
2026/09/26 17:27:43.982, NVIDIA L40S, 100 %, 40361 MiB, 46068 MiB, 247.37 W
2026/09/26 17:27:44.983, NVIDIA L40S, 100 %, 40361 MiB, 46068 MiB, 256.13 W
2026/09/26 17:27:45.983, NVIDIA L40S, 100 %, 40361 MiB, 46068 MiB, 244.93 W
2026/09/26 17:27:46.983, NVIDIA L40S, 100 %, 40361 MiB, 46068 MiB, 246.31 W
2026/09/26 17:27:47.983, NVIDIA L40S, 100 %, 40361 MiB, 46068 MiB, 265.60 W
2026/09/26 17:27:48.984, NVIDIA L40S, 100 %, 40361 MiB, 46068 MiB, 246.18 W
2026/09/26 17:27:49.984, NVIDIA L40S, 100 %, 40361 MiB, 46068 MiB, 246.94 W
2026/09/26 17:27:50.985, NVIDIA L40S, 100 %, 40361 MiB, 46068 MiB, 262.19 W
2026/09/26 17:27:51.985, NVIDIA L40S, 100 %, 40361 MiB, 46068 MiB, 246.68 W
2026/09/26 17:27:52.985, NVIDIA L40S, 100 %, 40361 MiB, 46068 MiB, 246.99 W
2026/09/26 17:27:53.986, NVIDIA L40S, 100 %, 40361 MiB, 46068 MiB, 264.37 W
2026/09/26 17:27:54.986, NVIDIA L40S, 100 %, 40361 MiB, 46068 MiB, 249.35 W
2026/09/26 17:27:55.987, NVIDIA L40S, 100 %, 40361 MiB, 46068 MiB, 249.57 W
2026/09/26 17:27:56.987, NVIDIA L40S, 100 %, 40361 MiB, 46068 MiB, 264.26 W
2026/09/26 17:27:57.987, NVIDIA L40S, 100 %, 40361 MiB, 46068 MiB, 247.96 W
2026/09/26 17:27:58.987, NVIDIA L40S, 100 %, 40361 MiB, 46068 MiB, 258.24 W
2026/09/26 17:27:59.988, NVIDIA L40S, 100 %, 40361 MiB, 46068 MiB, 263.24 W
2026/09/26 17:28:00.988, NVIDIA L40S, 100 %, 40361 MiB, 46068 MiB, 249.89 W
2026/09/26 17:28:01.988, NVIDIA L40S, 100 %, 40361 MiB, 46068 MiB, 268.03 W
2026/09/26 17:28:02.989, NVIDIA L40S, 100 %, 40361 MiB, 46068 MiB, 244.57 W
2026/09/26 17:28:03.989, NVIDIA L40S, 100 %, 40361 MiB, 46068 MiB, 248.63 W
2026/09/26 17:28:04.990, NVIDIA L40S, 100 %, 40361 MiB, 46068 MiB, 253.27 W
2026/09/26 17:28:05.990, NVIDIA L40S, 100 %, 40361 MiB, 46068 MiB, 250.28 W
2026/09/26 17:28:06.990, NVIDIA L40S, 100 %, 40361 MiB, 46068 MiB, 250.87 W
2026/09/26 17:28:07.991, NVIDIA L40S, 100 %, 40361 MiB, 46068 MiB, 273.80 W
2026/09/26 17:28:08.991, NVIDIA L40S, 100 %, 40361 MiB, 46068 MiB, 249.45 W
2026/09/26 17:28:09.992, NVIDIA L40S, 100 %, 40361 MiB, 46068 MiB, 249.70 W
2026/09/26 17:28:10.992, NVIDIA L40S, 100 %, 40361 MiB, 46068 MiB, 256.18 W
2026/09/26 17:28:11.992, NVIDIA L40S, 100 %, 40361 MiB, 46068 MiB, 249.44 W
2026/09/26 17:28:12.992, NVIDIA L40S, 100 %, 40361 MiB, 46068 MiB, 248.82 W
2026/09/26 17:28:13.993, NVIDIA L40S, 100 %, 40361 MiB, 46068 MiB, 268.63 W
2026/09/26 17:28:14.993, NVIDIA L40S, 100 %, 40361 MiB, 46068 MiB, 249.78 W
2026/09/26 17:28:15.994, NVIDIA L40S, 100 %, 40361 MiB, 46068 MiB, 257.07 W
2026/09/26 17:28:16.994, NVIDIA L40S, 100 %, 40361 MiB, 46068 MiB, 256.45 W
2026/09/26 17:28:17.994, NVIDIA L40S, 100 %, 40361 MiB, 46068 MiB, 249.60 W
2026/09/26 17:28:18.994, NVIDIA L40S, 100 %, 40361 MiB, 46068 MiB, 270.24 W
2026/09/26 17:28:19.996, NVIDIA L40S, 100 %, 40361 MiB, 46068 MiB, 246.72 W
2026/09/26 17:28:20.996, NVIDIA L40S, 100 %, 40361 MiB, 46068 MiB, 250.07 W
2026/09/26 17:28:21.996, NVIDIA L40S, 100 %, 40361 MiB, 46068 MiB, 257.41 W
2026/09/26 17:28:22.997, NVIDIA L40S, 100 %, 40361 MiB, 46068 MiB, 251.67 W
2026/09/26 17:28:23.997, NVIDIA L40S, 100 %, 40361 MiB, 46068 MiB, 251.54 W
2026/09/26 17:28:24.997, NVIDIA L40S, 100 %, 40361 MiB, 46068 MiB, 269.83 W
2026/09/26 17:28:25.998, NVIDIA L40S, 100 %, 40361 MiB, 46068 MiB, 250.22 W
2026/09/26 17:28:26.998, NVIDIA L40S, 100 %, 40361 MiB, 46068 MiB, 250.63 W
2026/09/26 17:28:27.998, NVIDIA L40S, 100 %, 40361 MiB, 46068 MiB, 257.84 W
2026/09/26 17:28:28.999, NVIDIA L40S, 100 %, 40361 MiB, 46068 MiB, 252.36 W
2026/09/26 17:28:29.999, NVIDIA L40S, 100 %, 40361 MiB, 46068 MiB, 252.29 W
2026/09/26 17:28:31.000, NVIDIA L40S, 100 %, 40361 MiB, 46068 MiB, 270.69 W
2026/09/26 17:28:32.000, NVIDIA L40S, 100 %, 40361 MiB, 46068 MiB, 251.00 W
2026/09/26 17:28:33.000, NVIDIA L40S, 100 %, 40361 MiB, 46068 MiB, 250.56 W
2026/09/26 17:28:34.000, NVIDIA L40S, 100 %, 40361 MiB, 46068 MiB, 256.78 W
2026/09/26 17:28:35.001, NVIDIA L40S, 100 %, 40361 MiB, 46068 MiB, 250.79 W
2026/09/26 17:28:36.001, NVIDIA L40S, 100 %, 40361 MiB, 46068 MiB, 272.18 W
2026/09/26 17:28:37.001, NVIDIA L40S, 100 %, 40361 MiB, 46068 MiB, 257.62 W
2026/09/26 17:28:38.001, NVIDIA L40S, 100 %, 40361 MiB, 46068 MiB, 251.04 W
2026/09/26 17:28:39.001, NVIDIA L40S, 100 %, 40361 MiB, 46068 MiB, 259.45 W
2026/09/26 17:28:40.002, NVIDIA L40S, 100 %, 40361 MiB, 46068 MiB, 251.38 W
2026/09/26 17:28:41.002, NVIDIA L40S, 100 %, 40361 MiB, 46068 MiB, 252.47 W
2026/09/26 17:28:42.002, NVIDIA L40S, 100 %, 40361 MiB, 46068 MiB, 269.76 W
2026/09/26 17:28:43.003, NVIDIA L40S, 100 %, 40361 MiB, 46068 MiB, 250.73 W
2026/09/26 17:28:44.003, NVIDIA L40S, 100 %, 40361 MiB, 46068 MiB, 251.49 W
2026/09/26 17:28:45.003, NVIDIA L40S, 100 %, 40361 MiB, 46068 MiB, 255.03 W
2026/09/26 17:28:46.005, NVIDIA L40S, 100 %, 40361 MiB, 46068 MiB, 251.70 W
2026/09/26 17:28:47.005, NVIDIA L40S, 100 %, 40361 MiB, 46068 MiB, 251.82 W
2026/09/26 17:28:48.006, NVIDIA L40S, 0 %, 40361 MiB, 46068 MiB, 142.68 W
2026/09/26 17:28:49.006, NVIDIA L40S, 0 %, 40361 MiB, 46068 MiB, 114.64 W
2026/09/26 17:28:50.006, NVIDIA L40S, 0 %, 40361 MiB, 46068 MiB, 97.65 W
2026/09/26 17:28:51.006, NVIDIA L40S, 0 %, 40361 MiB, 46068 MiB, 97.25 W
2026/09/26 17:28:52.007, NVIDIA L40S, 0 %, 40361 MiB, 46068 MiB, 96.93 W
2026/09/26 17:28:53.007, NVIDIA L40S, 0 %, 40361 MiB, 46068 MiB, 96.70 W
2026/09/26 17:28:54.008, NVIDIA L40S, 0 %, 40361 MiB, 46068 MiB, 96.43 W
2026/09/26 17:28:55.008, NVIDIA L40S, 0 %, 40361 MiB, 46068 MiB, 96.28 W
2026/09/26 17:28:56.008, NVIDIA L40S, 0 %, 40361 MiB, 46068 MiB, 96.00 W
2026/09/26 17:28:57.009, NVIDIA L40S, 0 %, 40361 MiB, 46068 MiB, 95.91 W
2026/09/26 17:28:58.009, NVIDIA L40S, 0 %, 40361 MiB, 46068 MiB, 95.94 W
2026/09/26 17:28:59.009, NVIDIA L40S, 0 %, 40361 MiB, 46068 MiB, 95.76 W
2026/09/26 17:29:00.010, NVIDIA L40S, 0 %, 40361 MiB, 46068 MiB, 95.45 W
2026/09/26 17:29:01.010, NVIDIA L40S, 0 %, 40361 MiB, 46068 MiB, 95.33 W
2026/09/26 17:29:02.010, NVIDIA L40S, 0 %, 40361 MiB, 46068 MiB, 95.37 W
2026/09/26 17:29:03.012, NVIDIA L40S, 0 %, 40361 MiB, 46068 MiB, 95.18 W
2026/09/26 17:29:04.012, NVIDIA L40S, 0 %, 40361 MiB, 46068 MiB, 94.82 W
2026/09/26 17:29:05.012, NVIDIA L40S, 0 %, 40361 MiB, 46068 MiB, 94.70 W
2026/09/26 17:29:06.013, NVIDIA L40S, 0 %, 40361 MiB, 46068 MiB, 94.85 W
2026/09/26 17:29:07.013, NVIDIA L40S, 0 %, 40361 MiB, 46068 MiB, 94.88 W
2026/09/26 17:29:08.013, NVIDIA L40S, 0 %, 40361 MiB, 46068 MiB, 94.76 W
2026/09/26 17:29:09.014, NVIDIA L40S, 0 %, 40361 MiB, 46068 MiB, 94.61 W
2026/09/26 17:29:10.014, NVIDIA L40S, 0 %, 40361 MiB, 46068 MiB, 94.54 W
2026/09/26 17:29:11.015, NVIDIA L40S, 0 %, 40361 MiB, 46068 MiB, 94.45 W
2026/09/26 17:29:12.016, NVIDIA L40S, 0 %, 40361 MiB, 46068 MiB, 94.36 W
2026/09/26 17:29:13.016, NVIDIA L40S, 0 %, 40361 MiB, 46068 MiB, 94.30 W
2026/09/26 17:29:14.017, NVIDIA L40S, 0 %, 40361 MiB, 46068 MiB, 94.18 W
2026/09/26 17:29:15.017, NVIDIA L40S, 0 %, 40361 MiB, 46068 MiB, 94.00 W
2026/09/26 17:29:16.017, NVIDIA L40S, 0 %, 40361 MiB, 46068 MiB, 93.82 W
2026/09/26 17:29:17.018, NVIDIA L40S, 0 %, 40361 MiB, 46068 MiB, 93.82 W
2026/09/26 17:29:18.018, NVIDIA L40S, 0 %, 40361 MiB, 46068 MiB, 93.78 W
2026/09/26 17:29:19.018, NVIDIA L40S, 0 %, 40361 MiB, 46068 MiB, 93.64 W
2026/09/26 17:29:20.019, NVIDIA L40S, 0 %, 40361 MiB, 46068 MiB, 93.52 W
2026/09/26 17:29:21.019, NVIDIA L40S, 0 %, 40361 MiB, 46068 MiB, 93.54 W
2026/09/26 17:29:22.019, NVIDIA L40S, 0 %, 40361 MiB, 46068 MiB, 93.52 W
2026/09/26 17:29:23.019, NVIDIA L40S, 0 %, 40361 MiB, 46068 MiB, 93.47 W
2026/09/26 17:29:24.020, NVIDIA L40S, 0 %, 40361 MiB, 46068 MiB, 93.47 W
2026/09/26 17:29:25.020, NVIDIA L40S, 0 %, 40361 MiB, 46068 MiB, 93.45 W
2026/09/26 17:29:26.020, NVIDIA L40S, 0 %, 40361 MiB, 46068 MiB, 93.29 W
2026/09/26 17:29:27.020, NVIDIA L40S, 0 %, 40361 MiB, 46068 MiB, 93.26 W
2026/09/26 17:29:28.021, NVIDIA L40S, 0 %, 40361 MiB, 46068 MiB, 93.29 W
2026/09/26 17:29:29.021, NVIDIA L40S, 0 %, 40361 MiB, 46068 MiB, 93.17 W
2026/09/26 17:29:30.021, NVIDIA L40S, 0 %, 40361 MiB, 46068 MiB, 93.07 W
2026/09/26 17:29:31.022, NVIDIA L40S, 0 %, 40361 MiB, 46068 MiB, 93.01 W
2026/09/26 17:29:32.022, NVIDIA L40S, 0 %, 40361 MiB, 46068 MiB, 93.01 W
2026/09/26 17:29:33.022, NVIDIA L40S, 0 %, 40361 MiB, 46068 MiB, 92.80 W
2026/09/26 17:29:34.022, NVIDIA L40S, 0 %, 40361 MiB, 46068 MiB, 92.65 W
2026/09/26 17:29:35.023, NVIDIA L40S, 0 %, 40361 MiB, 46068 MiB, 92.77 W
2026/09/26 17:29:36.023, NVIDIA L40S, 0 %, 40361 MiB, 46068 MiB, 92.95 W
2026/09/26 17:29:37.026, NVIDIA L40S, 0 %, 40361 MiB, 46068 MiB, 92.80 W
2026/09/26 17:29:38.026, NVIDIA L40S, 0 %, 40361 MiB, 46068 MiB, 92.62 W
2026/09/26 17:29:39.026, NVIDIA L40S, 0 %, 40361 MiB, 46068 MiB, 92.68 W
2026/09/26 17:29:40.026, NVIDIA L40S, 0 %, 40361 MiB, 46068 MiB, 92.68 W
2026/09/26 17:29:41.027, NVIDIA L40S, 0 %, 40361 MiB, 46068 MiB, 92.62 W
2026/09/26 17:29:42.027, NVIDIA L40S, 0 %, 40361 MiB, 46068 MiB, 92.57 W
2026/09/26 17:29:43.027, NVIDIA L40S, 0 %, 40361 MiB, 46068 MiB, 92.60 W
2026/09/26 17:29:44.029, NVIDIA L40S, 0 %, 40361 MiB, 46068 MiB, 92.45 W
2026/09/26 17:29:45.029, NVIDIA L40S, 0 %, 40361 MiB, 46068 MiB, 92.39 W
2026/09/26 17:29:46.029, NVIDIA L40S, 0 %, 40361 MiB, 46068 MiB, 92.41 W
2026/09/26 17:29:47.030, NVIDIA L40S, 0 %, 40361 MiB, 46068 MiB, 92.56 W
2026/09/26 17:29:48.032, NVIDIA L40S, 100 %, 40361 MiB, 46068 MiB, 122.66 W
2026/09/26 17:29:49.032, NVIDIA L40S, 100 %, 40361 MiB, 46068 MiB, 254.12 W
2026/09/26 17:29:50.032, NVIDIA L40S, 100 %, 40361 MiB, 46068 MiB, 247.72 W
2026/09/26 17:29:51.041, NVIDIA L40S, 100 %, 40361 MiB, 46068 MiB, 277.11 W
2026/09/26 17:29:52.041, NVIDIA L40S, 100 %, 40361 MiB, 46068 MiB, 256.31 W
2026/09/26 17:29:53.042, NVIDIA L40S, 100 %, 40361 MiB, 46068 MiB, 249.97 W
2026/09/26 17:29:54.042, NVIDIA L40S, 100 %, 40361 MiB, 46068 MiB, 281.54 W
2026/09/26 17:29:55.042, NVIDIA L40S, 100 %, 40361 MiB, 46068 MiB, 257.83 W
2026/09/26 17:29:56.042, NVIDIA L40S, 100 %, 40361 MiB, 46068 MiB, 249.64 W
2026/09/26 17:29:57.043, NVIDIA L40S, 100 %, 40361 MiB, 46068 MiB, 280.96 W
2026/09/26 17:29:58.043, NVIDIA L40S, 100 %, 40361 MiB, 46068 MiB, 249.76 W
2026/09/26 17:29:59.043, NVIDIA L40S, 100 %, 40361 MiB, 46068 MiB, 251.05 W
2026/09/26 17:30:00.044, NVIDIA L40S, 100 %, 40361 MiB, 46068 MiB, 277.12 W
2026/09/26 17:30:01.044, NVIDIA L40S, 100 %, 40361 MiB, 46068 MiB, 247.10 W
2026/09/26 17:30:02.044, NVIDIA L40S, 100 %, 40361 MiB, 46068 MiB, 251.65 W
2026/09/26 17:30:03.046, NVIDIA L40S, 100 %, 40361 MiB, 46068 MiB, 275.60 W
2026/09/26 17:30:04.047, NVIDIA L40S, 100 %, 40361 MiB, 46068 MiB, 249.64 W
2026/09/26 17:30:05.047, NVIDIA L40S, 100 %, 40361 MiB, 46068 MiB, 252.01 W
2026/09/26 17:30:06.048, NVIDIA L40S, 100 %, 40378 MiB, 46068 MiB, 279.00 W
2026/09/26 17:30:07.049, NVIDIA L40S, 100 %, 40792 MiB, 46068 MiB, 249.86 W
2026/09/26 17:30:08.054, NVIDIA L40S, 100 %, 40361 MiB, 46068 MiB, 252.78 W
2026/09/26 17:30:09.054, NVIDIA L40S, 100 %, 40361 MiB, 46068 MiB, 280.39 W
2026/09/26 17:30:10.054, NVIDIA L40S, 100 %, 40361 MiB, 46068 MiB, 254.12 W
2026/09/26 17:30:11.055, NVIDIA L40S, 100 %, 40361 MiB, 46068 MiB, 255.18 W
2026/09/26 17:30:12.057, NVIDIA L40S, 100 %, 40361 MiB, 46068 MiB, 289.16 W
2026/09/26 17:30:13.057, NVIDIA L40S, 100 %, 40361 MiB, 46068 MiB, 254.28 W
2026/09/26 17:30:14.057, NVIDIA L40S, 100 %, 40361 MiB, 46068 MiB, 254.49 W
2026/09/26 17:30:15.057, NVIDIA L40S, 100 %, 40361 MiB, 46068 MiB, 282.92 W
2026/09/26 17:30:16.058, NVIDIA L40S, 100 %, 40361 MiB, 46068 MiB, 255.19 W
2026/09/26 17:30:17.058, NVIDIA L40S, 100 %, 40361 MiB, 46068 MiB, 254.81 W
2026/09/26 17:30:18.059, NVIDIA L40S, 100 %, 40361 MiB, 46068 MiB, 280.16 W
2026/09/26 17:30:19.059, NVIDIA L40S, 100 %, 40361 MiB, 46068 MiB, 253.83 W
2026/09/26 17:30:20.059, NVIDIA L40S, 100 %, 40361 MiB, 46068 MiB, 253.65 W
2026/09/26 17:30:21.060, NVIDIA L40S, 100 %, 40361 MiB, 46068 MiB, 277.63 W
2026/09/26 17:30:22.060, NVIDIA L40S, 100 %, 40361 MiB, 46068 MiB, 253.83 W
2026/09/26 17:30:23.060, NVIDIA L40S, 100 %, 40361 MiB, 46068 MiB, 254.86 W
2026/09/26 17:30:24.060, NVIDIA L40S, 100 %, 40361 MiB, 46068 MiB, 259.89 W
2026/09/26 17:30:25.061, NVIDIA L40S, 100 %, 40361 MiB, 46068 MiB, 249.71 W
2026/09/26 17:30:26.062, NVIDIA L40S, 100 %, 40361 MiB, 46068 MiB, 249.60 W
2026/09/26 17:30:27.062, NVIDIA L40S, 0 %, 40361 MiB, 46068 MiB, 139.66 W
2026/09/26 17:30:28.062, NVIDIA L40S, 0 %, 40361 MiB, 46068 MiB, 111.86 W
2026/09/26 17:30:29.063, NVIDIA L40S, 0 %, 40361 MiB, 46068 MiB, 96.46 W
2026/09/26 17:30:30.063, NVIDIA L40S, 0 %, 40361 MiB, 46068 MiB, 96.15 W
2026/09/26 17:30:31.063, NVIDIA L40S, 0 %, 40361 MiB, 46068 MiB, 96.00 W
2026/09/26 17:30:32.064, NVIDIA L40S, 0 %, 40361 MiB, 46068 MiB, 95.91 W
2026/09/26 17:30:33.064, NVIDIA L40S, 0 %, 40361 MiB, 46068 MiB, 95.67 W
2026/09/26 17:30:34.064, NVIDIA L40S, 0 %, 40361 MiB, 46068 MiB, 95.46 W
2026/09/26 17:30:35.064, NVIDIA L40S, 0 %, 40361 MiB, 46068 MiB, 95.31 W
2026/09/26 17:30:36.064, NVIDIA L40S, 0 %, 40361 MiB, 46068 MiB, 95.06 W
2026/09/26 17:30:37.065, NVIDIA L40S, 0 %, 40361 MiB, 46068 MiB, 94.97 W
2026/09/26 17:30:38.065, NVIDIA L40S, 0 %, 40361 MiB, 46068 MiB, 95.09 W
2026/09/26 17:30:39.065, NVIDIA L40S, 0 %, 40361 MiB, 46068 MiB, 94.94 W
2026/09/26 17:30:40.065, NVIDIA L40S, 0 %, 40361 MiB, 46068 MiB, 94.79 W
2026/09/26 17:30:41.066, NVIDIA L40S, 0 %, 40361 MiB, 46068 MiB, 94.58 W
2026/09/26 17:30:42.067, NVIDIA L40S, 0 %, 40361 MiB, 46068 MiB, 94.55 W
2026/09/26 17:30:43.071, NVIDIA L40S, 0 %, 40361 MiB, 46068 MiB, 94.52 W
2026/09/26 17:30:44.071, NVIDIA L40S, 0 %, 40361 MiB, 46068 MiB, 94.30 W
2026/09/26 17:30:45.071, NVIDIA L40S, 0 %, 40361 MiB, 46068 MiB, 94.27 W
2026/09/26 17:30:46.072, NVIDIA L40S, 0 %, 40361 MiB, 46068 MiB, 94.09 W
2026/09/26 17:30:47.072, NVIDIA L40S, 0 %, 40361 MiB, 46068 MiB, 94.00 W
2026/09/26 17:30:48.072, NVIDIA L40S, 0 %, 40361 MiB, 46068 MiB, 94.07 W
2026/09/26 17:30:49.073, NVIDIA L40S, 0 %, 40361 MiB, 46068 MiB, 93.90 W
2026/09/26 17:30:50.073, NVIDIA L40S, 0 %, 40361 MiB, 46068 MiB, 93.83 W
2026/09/26 17:30:51.073, NVIDIA L40S, 0 %, 40361 MiB, 46068 MiB, 93.68 W
2026/09/26 17:30:52.083, NVIDIA L40S, 0 %, 40361 MiB, 46068 MiB, 93.58 W
2026/09/26 17:30:53.083, NVIDIA L40S, 0 %, 40361 MiB, 46068 MiB, 93.61 W
2026/09/26 17:30:54.084, NVIDIA L40S, 0 %, 40361 MiB, 46068 MiB, 93.42 W
2026/09/26 17:30:55.084, NVIDIA L40S, 0 %, 40361 MiB, 46068 MiB, 93.46 W
2026/09/26 17:30:56.084, NVIDIA L40S, 0 %, 40361 MiB, 46068 MiB, 93.53 W
2026/09/26 17:30:57.084, NVIDIA L40S, 0 %, 40361 MiB, 46068 MiB, 93.32 W
2026/09/26 17:30:58.085, NVIDIA L40S, 0 %, 40361 MiB, 46068 MiB, 93.20 W
2026/09/26 17:30:59.085, NVIDIA L40S, 0 %, 40361 MiB, 46068 MiB, 93.17 W
2026/09/26 17:31:00.085, NVIDIA L40S, 0 %, 40361 MiB, 46068 MiB, 93.11 W
2026/09/26 17:31:01.086, NVIDIA L40S, 0 %, 40361 MiB, 46068 MiB, 93.05 W
2026/09/26 17:31:02.086, NVIDIA L40S, 0 %, 40361 MiB, 46068 MiB, 92.98 W
2026/09/26 17:31:03.086, NVIDIA L40S, 0 %, 40361 MiB, 46068 MiB, 92.96 W
2026/09/26 17:31:04.087, NVIDIA L40S, 0 %, 40361 MiB, 46068 MiB, 92.93 W
2026/09/26 17:31:05.087, NVIDIA L40S, 0 %, 40361 MiB, 46068 MiB, 92.84 W
2026/09/26 17:31:06.089, NVIDIA L40S, 0 %, 40361 MiB, 46068 MiB, 92.81 W
2026/09/26 17:31:07.089, NVIDIA L40S, 0 %, 40361 MiB, 46068 MiB, 92.75 W
2026/09/26 17:31:08.090, NVIDIA L40S, 0 %, 40361 MiB, 46068 MiB, 92.62 W
2026/09/26 17:31:09.090, NVIDIA L40S, 0 %, 40361 MiB, 46068 MiB, 92.63 W
2026/09/26 17:31:10.090, NVIDIA L40S, 0 %, 40361 MiB, 46068 MiB, 92.65 W
2026/09/26 17:31:11.090, NVIDIA L40S, 0 %, 40361 MiB, 46068 MiB, 92.53 W
2026/09/26 17:31:12.091, NVIDIA L40S, 0 %, 40361 MiB, 46068 MiB, 92.38 W
2026/09/26 17:31:13.091, NVIDIA L40S, 0 %, 40361 MiB, 46068 MiB, 92.38 W
2026/09/26 17:31:14.091, NVIDIA L40S, 0 %, 40361 MiB, 46068 MiB, 92.47 W
2026/09/26 17:31:15.091, NVIDIA L40S, 0 %, 40361 MiB, 46068 MiB, 92.53 W
2026/09/26 17:31:16.092, NVIDIA L40S, 0 %, 40361 MiB, 46068 MiB, 92.68 W
2026/09/26 17:31:17.092, NVIDIA L40S, 0 %, 40361 MiB, 46068 MiB, 92.72 W
2026/09/26 17:31:18.093, NVIDIA L40S, 0 %, 40361 MiB, 46068 MiB, 92.35 W
2026/09/26 17:31:19.093, NVIDIA L40S, 0 %, 40361 MiB, 46068 MiB, 92.36 W
2026/09/26 17:31:20.093, NVIDIA L40S, 0 %, 40361 MiB, 46068 MiB, 92.42 W
2026/09/26 17:31:21.093, NVIDIA L40S, 0 %, 40361 MiB, 46068 MiB, 92.23 W
2026/09/26 17:31:22.094, NVIDIA L40S, 0 %, 40361 MiB, 46068 MiB, 92.29 W
2026/09/26 17:31:23.094, NVIDIA L40S, 0 %, 40361 MiB, 46068 MiB, 92.35 W
2026/09/26 17:31:24.094, NVIDIA L40S, 73 %, 40361 MiB, 46068 MiB, 143.91 W
2026/09/26 17:31:25.094, NVIDIA L40S, 100 %, 40361 MiB, 46068 MiB, 291.45 W
2026/09/26 17:31:26.104, NVIDIA L40S, 100 %, 40361 MiB, 46068 MiB, 260.29 W
2026/09/26 17:31:27.104, NVIDIA L40S, 100 %, 40361 MiB, 46068 MiB, 260.37 W
2026/09/26 17:31:28.104, NVIDIA L40S, 100 %, 40361 MiB, 46068 MiB, 310.23 W
2026/09/26 17:31:29.104, NVIDIA L40S, 100 %, 40361 MiB, 46068 MiB, 259.02 W
2026/09/26 17:31:30.106, NVIDIA L40S, 100 %, 40361 MiB, 46068 MiB, 259.34 W
2026/09/26 17:31:31.106, NVIDIA L40S, 100 %, 40361 MiB, 46068 MiB, 310.99 W
2026/09/26 17:31:32.107, NVIDIA L40S, 100 %, 40361 MiB, 46068 MiB, 260.54 W
2026/09/26 17:31:33.107, NVIDIA L40S, 100 %, 40361 MiB, 46068 MiB, 262.42 W
2026/09/26 17:31:34.108, NVIDIA L40S, 100 %, 40361 MiB, 46068 MiB, 295.05 W
2026/09/26 17:31:35.108, NVIDIA L40S, 100 %, 40361 MiB, 46068 MiB, 284.34 W
2026/09/26 17:31:36.109, NVIDIA L40S, 100 %, 40361 MiB, 46068 MiB, 263.25 W
2026/09/26 17:31:37.109, NVIDIA L40S, 100 %, 40361 MiB, 46068 MiB, 274.69 W
2026/09/26 17:31:38.109, NVIDIA L40S, 100 %, 40361 MiB, 46068 MiB, 311.07 W
2026/09/26 17:31:39.110, NVIDIA L40S, 100 %, 40361 MiB, 46068 MiB, 261.93 W
2026/09/26 17:31:40.110, NVIDIA L40S, 100 %, 40361 MiB, 46068 MiB, 261.96 W
2026/09/26 17:31:41.110, NVIDIA L40S, 100 %, 40361 MiB, 46068 MiB, 318.91 W
2026/09/26 17:31:42.111, NVIDIA L40S, 100 %, 40361 MiB, 46068 MiB, 260.48 W
2026/09/26 17:31:43.111, NVIDIA L40S, 100 %, 40361 MiB, 46068 MiB, 262.75 W
2026/09/26 17:31:44.112, NVIDIA L40S, 100 %, 40361 MiB, 46068 MiB, 275.53 W
2026/09/26 17:31:45.112, NVIDIA L40S, 100 %, 40361 MiB, 46068 MiB, 248.02 W
2026/09/26 17:31:46.112, NVIDIA L40S, 100 %, 40361 MiB, 46068 MiB, 248.40 W
2026/09/26 17:31:47.113, NVIDIA L40S, 0 %, 40361 MiB, 46068 MiB, 165.99 W
2026/09/26 17:31:48.113, NVIDIA L40S, 0 %, 40361 MiB, 46068 MiB, 110.50 W
2026/09/26 17:31:49.113, NVIDIA L40S, 0 %, 40361 MiB, 46068 MiB, 95.32 W
2026/09/26 17:31:50.114, NVIDIA L40S, 0 %, 40361 MiB, 46068 MiB, 95.12 W
2026/09/26 17:31:51.114, NVIDIA L40S, 0 %, 40361 MiB, 46068 MiB, 94.85 W
2026/09/26 17:31:52.114, NVIDIA L40S, 0 %, 40361 MiB, 46068 MiB, 94.76 W
2026/09/26 17:31:53.115, NVIDIA L40S, 0 %, 40361 MiB, 46068 MiB, 94.70 W
2026/09/26 17:31:54.115, NVIDIA L40S, 0 %, 40361 MiB, 46068 MiB, 94.55 W
2026/09/26 17:31:55.116, NVIDIA L40S, 0 %, 40361 MiB, 46068 MiB, 94.49 W
2026/09/26 17:31:56.116, NVIDIA L40S, 0 %, 40361 MiB, 46068 MiB, 94.42 W
2026/09/26 17:31:57.117, NVIDIA L40S, 0 %, 40361 MiB, 46068 MiB, 94.27 W
2026/09/26 17:31:58.117, NVIDIA L40S, 0 %, 40361 MiB, 46068 MiB, 94.06 W
2026/09/26 17:31:59.118, NVIDIA L40S, 0 %, 40361 MiB, 46068 MiB, 94.09 W
2026/09/26 17:32:00.118, NVIDIA L40S, 0 %, 40361 MiB, 46068 MiB, 94.11 W
2026/09/26 17:32:01.118, NVIDIA L40S, 0 %, 40361 MiB, 46068 MiB, 93.79 W
2026/09/26 17:32:02.121, NVIDIA L40S, 0 %, 40361 MiB, 46068 MiB, 93.61 W
2026/09/26 17:32:03.122, NVIDIA L40S, 0 %, 40361 MiB, 46068 MiB, 93.54 W
2026/09/26 17:32:04.122, NVIDIA L40S, 0 %, 40361 MiB, 46068 MiB, 93.53 W
2026/09/26 17:32:05.122, NVIDIA L40S, 0 %, 40361 MiB, 46068 MiB, 93.53 W
2026/09/26 17:32:06.123, NVIDIA L40S, 0 %, 40361 MiB, 46068 MiB, 93.44 W
2026/09/26 17:32:07.123, NVIDIA L40S, 0 %, 40361 MiB, 46068 MiB, 93.54 W
2026/09/26 17:32:08.123, NVIDIA L40S, 0 %, 40361 MiB, 46068 MiB, 93.51 W
2026/09/26 17:32:09.125, NVIDIA L40S, 0 %, 40361 MiB, 46068 MiB, 93.24 W
2026/09/26 17:32:10.125, NVIDIA L40S, 0 %, 40361 MiB, 46068 MiB, 92.96 W
2026/09/26 17:32:11.126, NVIDIA L40S, 0 %, 40361 MiB, 46068 MiB, 92.87 W
2026/09/26 17:32:12.126, NVIDIA L40S, 0 %, 40361 MiB, 46068 MiB, 92.99 W
2026/09/26 17:32:13.126, NVIDIA L40S, 0 %, 40361 MiB, 46068 MiB, 93.06 W
2026/09/26 17:32:14.127, NVIDIA L40S, 0 %, 40361 MiB, 46068 MiB, 93.11 W
2026/09/26 17:32:15.127, NVIDIA L40S, 0 %, 40361 MiB, 46068 MiB, 92.99 W
2026/09/26 17:32:16.128, NVIDIA L40S, 0 %, 40361 MiB, 46068 MiB, 92.87 W
2026/09/26 17:32:17.128, NVIDIA L40S, 0 %, 40361 MiB, 46068 MiB, 92.66 W
2026/09/26 17:32:18.128, NVIDIA L40S, 0 %, 40361 MiB, 46068 MiB, 92.54 W
2026/09/26 17:32:19.129, NVIDIA L40S, 0 %, 40361 MiB, 46068 MiB, 92.51 W
2026/09/26 17:32:20.129, NVIDIA L40S, 0 %, 40361 MiB, 46068 MiB, 92.36 W
2026/09/26 17:32:21.129, NVIDIA L40S, 0 %, 40361 MiB, 46068 MiB, 92.51 W
2026/09/26 17:32:22.130, NVIDIA L40S, 0 %, 40361 MiB, 46068 MiB, 92.63 W
2026/09/26 17:32:23.130, NVIDIA L40S, 0 %, 40361 MiB, 46068 MiB, 92.66 W
2026/09/26 17:32:24.130, NVIDIA L40S, 0 %, 40361 MiB, 46068 MiB, 92.53 W
2026/09/26 17:32:25.131, NVIDIA L40S, 0 %, 40361 MiB, 46068 MiB, 92.50 W
2026/09/26 17:32:26.132, NVIDIA L40S, 0 %, 40361 MiB, 46068 MiB, 92.53 W
2026/09/26 17:32:27.132, NVIDIA L40S, 0 %, 40361 MiB, 46068 MiB, 92.44 W
2026/09/26 17:32:28.132, NVIDIA L40S, 0 %, 40361 MiB, 46068 MiB, 92.41 W
2026/09/26 17:32:29.133, NVIDIA L40S, 0 %, 40361 MiB, 46068 MiB, 92.41 W
2026/09/26 17:32:30.133, NVIDIA L40S, 0 %, 40361 MiB, 46068 MiB, 92.44 W
2026/09/26 17:32:31.134, NVIDIA L40S, 0 %, 40361 MiB, 46068 MiB, 92.32 W
2026/09/26 17:32:32.135, NVIDIA L40S, 0 %, 40361 MiB, 46068 MiB, 92.13 W
2026/09/26 17:32:33.135, NVIDIA L40S, 0 %, 40361 MiB, 46068 MiB, 92.10 W
2026/09/26 17:32:34.135, NVIDIA L40S, 0 %, 40361 MiB, 46068 MiB, 92.22 W
2026/09/26 17:32:35.135, NVIDIA L40S, 0 %, 40361 MiB, 46068 MiB, 92.28 W
2026/09/26 17:32:36.136, NVIDIA L40S, 0 %, 40361 MiB, 46068 MiB, 92.23 W
2026/09/26 17:32:37.136, NVIDIA L40S, 0 %, 40361 MiB, 46068 MiB, 92.20 W
2026/09/26 17:32:38.136, NVIDIA L40S, 0 %, 40361 MiB, 46068 MiB, 92.14 W
2026/09/26 17:32:39.137, NVIDIA L40S, 0 %, 40361 MiB, 46068 MiB, 92.01 W
2026/09/26 17:32:40.137, NVIDIA L40S, 0 %, 40361 MiB, 46068 MiB, 92.04 W
2026/09/26 17:32:41.138, NVIDIA L40S, 0 %, 40361 MiB, 46068 MiB, 91.95 W
2026/09/26 17:32:42.139, NVIDIA L40S, 0 %, 40361 MiB, 46068 MiB, 91.92 W
2026/09/26 17:32:43.139, NVIDIA L40S, 0 %, 40361 MiB, 46068 MiB, 92.07 W
2026/09/26 17:32:44.139, NVIDIA L40S, 0 %, 40361 MiB, 46068 MiB, 92.07 W
2026/09/26 17:32:45.139, NVIDIA L40S, 0 %, 40361 MiB, 46068 MiB, 92.10 W
2026/09/26 17:32:46.140, NVIDIA L40S, 0 %, 40361 MiB, 46068 MiB, 92.10 W
2026/09/26 17:32:47.140, NVIDIA L40S, 0 %, 40361 MiB, 46068 MiB, 92.07 W
2026/09/26 17:32:48.140, NVIDIA L40S, 0 %, 40361 MiB, 46068 MiB, 91.97 W
2026/09/26 17:32:49.140, NVIDIA L40S, 0 %, 40361 MiB, 46068 MiB, 92.00 W
2026/09/26 17:32:50.141, NVIDIA L40S, 0 %, 40361 MiB, 46068 MiB, 92.12 W
2026/09/26 17:32:51.141, NVIDIA L40S, 0 %, 40361 MiB, 46068 MiB, 91.88 W
2026/09/26 17:32:52.141, NVIDIA L40S, 0 %, 40361 MiB, 46068 MiB, 91.73 W
2026/09/26 17:32:53.141, NVIDIA L40S, 0 %, 40361 MiB, 46068 MiB, 91.73 W
2026/09/26 17:32:54.142, NVIDIA L40S, 0 %, 40361 MiB, 46068 MiB, 91.61 W
2026/09/26 17:32:55.142, NVIDIA L40S, 0 %, 40361 MiB, 46068 MiB, 91.70 W
2026/09/26 17:32:56.143, NVIDIA L40S, 0 %, 40361 MiB, 46068 MiB, 91.85 W
2026/09/26 17:32:57.143, NVIDIA L40S, 0 %, 40361 MiB, 46068 MiB, 91.70 W
2026/09/26 17:32:58.143, NVIDIA L40S, 0 %, 40361 MiB, 46068 MiB, 91.62 W
2026/09/26 17:32:59.143, NVIDIA L40S, 0 %, 40361 MiB, 46068 MiB, 91.71 W
2026/09/26 17:33:00.144, NVIDIA L40S, 0 %, 40361 MiB, 46068 MiB, 91.71 W
2026/09/26 17:33:01.144, NVIDIA L40S, 0 %, 40361 MiB, 46068 MiB, 91.71 W
2026/09/26 17:33:02.144, NVIDIA L40S, 0 %, 40361 MiB, 46068 MiB, 91.74 W
2026/09/26 17:33:03.144, NVIDIA L40S, 0 %, 40361 MiB, 46068 MiB, 91.62 W
2026/09/26 17:33:04.146, NVIDIA L40S, 0 %, 40361 MiB, 46068 MiB, 91.44 W
2026/09/26 17:33:05.147, NVIDIA L40S, 0 %, 40361 MiB, 46068 MiB, 91.56 W
2026/09/26 17:33:06.147, NVIDIA L40S, 0 %, 40361 MiB, 46068 MiB, 91.68 W
2026/09/26 17:33:07.147, NVIDIA L40S, 0 %, 40361 MiB, 46068 MiB, 91.53 W
2026/09/26 17:33:08.148, NVIDIA L40S, 0 %, 40361 MiB, 46068 MiB, 91.47 W
2026/09/26 17:33:09.148, NVIDIA L40S, 0 %, 40361 MiB, 46068 MiB, 91.62 W
2026/09/26 17:33:10.150, NVIDIA L40S, 0 %, 40361 MiB, 46068 MiB, 91.65 W
2026/09/26 17:33:11.150, NVIDIA L40S, 0 %, 40361 MiB, 46068 MiB, 91.43 W
2026/09/26 17:33:12.151, NVIDIA L40S, 0 %, 40361 MiB, 46068 MiB, 91.40 W
2026/09/26 17:33:13.151, NVIDIA L40S, 0 %, 40361 MiB, 46068 MiB, 91.53 W
2026/09/26 17:33:14.151, NVIDIA L40S, 0 %, 40361 MiB, 46068 MiB, 91.52 W
2026/09/26 17:33:15.152, NVIDIA L40S, 0 %, 40361 MiB, 46068 MiB, 91.46 W
2026/09/26 17:33:16.152, NVIDIA L40S, 0 %, 40361 MiB, 46068 MiB, 91.47 W
2026/09/26 17:33:17.152, NVIDIA L40S, 0 %, 40361 MiB, 46068 MiB, 91.65 W
2026/09/26 17:33:18.153, NVIDIA L40S, 0 %, 40361 MiB, 46068 MiB, 91.59 W
2026/09/26 17:33:19.153, NVIDIA L40S, 0 %, 40361 MiB, 46068 MiB, 91.32 W
2026/09/26 17:33:20.153, NVIDIA L40S, 0 %, 40361 MiB, 46068 MiB, 91.47 W
2026/09/26 17:33:21.154, NVIDIA L40S, 0 %, 40361 MiB, 46068 MiB, 91.11 W
2026/09/26 17:33:22.154, NVIDIA L40S, 0 %, 40361 MiB, 46068 MiB, 90.74 W
2026/09/26 17:33:23.154, NVIDIA L40S, 0 %, 40361 MiB, 46068 MiB, 90.86 W
2026/09/26 17:33:24.155, NVIDIA L40S, 0 %, 40361 MiB, 46068 MiB, 90.83 W
2026/09/26 17:33:25.155, NVIDIA L40S, 0 %, 40361 MiB, 46068 MiB, 90.96 W
2026/09/26 17:33:26.155, NVIDIA L40S, 0 %, 40361 MiB, 46068 MiB, 90.83 W
2026/09/26 17:33:27.156, NVIDIA L40S, 0 %, 40361 MiB, 46068 MiB, 90.78 W
2026/09/26 17:33:28.156, NVIDIA L40S, 0 %, 40361 MiB, 46068 MiB, 90.65 W
2026/09/26 17:33:29.156, NVIDIA L40S, 0 %, 40361 MiB, 46068 MiB, 90.56 W
2026/09/26 17:33:30.157, NVIDIA L40S, 0 %, 40361 MiB, 46068 MiB, 90.78 W
2026/09/26 17:33:31.158, NVIDIA L40S, 0 %, 40361 MiB, 46068 MiB, 90.75 W
2026/09/26 17:33:32.158, NVIDIA L40S, 0 %, 40361 MiB, 46068 MiB, 90.51 W
2026/09/26 17:33:33.158, NVIDIA L40S, 0 %, 40361 MiB, 46068 MiB, 90.56 W
2026/09/26 17:33:34.160, NVIDIA L40S, 0 %, 40361 MiB, 46068 MiB, 90.61 W
2026/09/26 17:33:35.161, NVIDIA L40S, 0 %, 40361 MiB, 46068 MiB, 90.59 W
2026/09/26 17:33:36.161, NVIDIA L40S, 0 %, 40361 MiB, 46068 MiB, 90.59 W
2026/09/26 17:33:37.161, NVIDIA L40S, 0 %, 40361 MiB, 46068 MiB, 90.59 W
2026/09/26 17:33:38.162, NVIDIA L40S, 0 %, 40361 MiB, 46068 MiB, 90.62 W
2026/09/26 17:33:39.162, NVIDIA L40S, 0 %, 40361 MiB, 46068 MiB, 90.64 W
2026/09/26 17:33:40.163, NVIDIA L40S, 0 %, 40361 MiB, 46068 MiB, 90.79 W
2026/09/26 17:33:41.163, NVIDIA L40S, 0 %, 40361 MiB, 46068 MiB, 90.82 W
2026/09/26 17:33:42.163, NVIDIA L40S, 0 %, 40361 MiB, 46068 MiB, 90.67 W
2026/09/26 17:33:43.163, NVIDIA L40S, 0 %, 40361 MiB, 46068 MiB, 90.77 W
2026/09/26 17:33:44.164, NVIDIA L40S, 0 %, 40361 MiB, 46068 MiB, 90.89 W
2026/09/26 17:33:45.165, NVIDIA L40S, 0 %, 40361 MiB, 46068 MiB, 90.77 W
2026/09/26 17:33:46.165, NVIDIA L40S, 0 %, 40361 MiB, 46068 MiB, 90.71 W
2026/09/26 17:33:47.165, NVIDIA L40S, 0 %, 40361 MiB, 46068 MiB, 90.74 W
2026/09/26 17:33:48.166, NVIDIA L40S, 0 %, 40361 MiB, 46068 MiB, 90.77 W
2026/09/26 17:33:49.166, NVIDIA L40S, 0 %, 40361 MiB, 46068 MiB, 90.62 W
2026/09/26 17:33:50.166, NVIDIA L40S, 0 %, 40361 MiB, 46068 MiB, 90.49 W
2026/09/26 17:33:51.167, NVIDIA L40S, 0 %, 40361 MiB, 46068 MiB, 90.61 W
2026/09/26 17:33:52.167, NVIDIA L40S, 0 %, 40361 MiB, 46068 MiB, 90.74 W
2026/09/26 17:33:53.167, NVIDIA L40S, 0 %, 40361 MiB, 46068 MiB, 90.62 W
2026/09/26 17:33:54.168, NVIDIA L40S, 0 %, 40361 MiB, 46068 MiB, 90.47 W
2026/09/26 17:33:55.168, NVIDIA L40S, 0 %, 40361 MiB, 46068 MiB, 90.56 W
2026/09/26 17:33:56.168, NVIDIA L40S, 0 %, 40361 MiB, 46068 MiB, 90.56 W
2026/09/26 17:33:57.169, NVIDIA L40S, 0 %, 40361 MiB, 46068 MiB, 90.68 W
2026/09/26 17:33:58.169, NVIDIA L40S, 0 %, 40361 MiB, 46068 MiB, 90.83 W
2026/09/26 17:33:59.169, NVIDIA L40S, 0 %, 40361 MiB, 46068 MiB, 90.71 W
2026/09/26 17:34:00.170, NVIDIA L40S, 0 %, 40361 MiB, 46068 MiB, 90.59 W
2026/09/26 17:34:01.170, NVIDIA L40S, 0 %, 40361 MiB, 46068 MiB, 90.77 W
2026/09/26 17:34:02.170, NVIDIA L40S, 0 %, 40361 MiB, 46068 MiB, 90.89 W
2026/09/26 17:34:03.171, NVIDIA L40S, 0 %, 40361 MiB, 46068 MiB, 90.71 W
2026/09/26 17:34:04.171, NVIDIA L40S, 0 %, 40361 MiB, 46068 MiB, 90.56 W
2026/09/26 17:34:05.172, NVIDIA L40S, 0 %, 40361 MiB, 46068 MiB, 90.59 W
2026/09/26 17:34:06.172, NVIDIA L40S, 0 %, 40361 MiB, 46068 MiB, 90.74 W
2026/09/26 17:34:07.172, NVIDIA L40S, 0 %, 40361 MiB, 46068 MiB, 90.59 W
2026/09/26 17:34:08.173, NVIDIA L40S, 0 %, 40361 MiB, 46068 MiB, 90.44 W
2026/09/26 17:34:09.173, NVIDIA L40S, 0 %, 40361 MiB, 46068 MiB, 90.62 W
2026/09/26 17:34:10.173, NVIDIA L40S, 0 %, 40361 MiB, 46068 MiB, 90.80 W
2026/09/26 17:34:11.174, NVIDIA L40S, 0 %, 40361 MiB, 46068 MiB, 90.77 W
2026/09/26 17:34:12.174, NVIDIA L40S, 0 %, 40361 MiB, 46068 MiB, 90.62 W
2026/09/26 17:34:13.174, NVIDIA L40S, 0 %, 40361 MiB, 46068 MiB, 90.59 W
2026/09/26 17:34:14.175, NVIDIA L40S, 0 %, 40361 MiB, 46068 MiB, 90.62 W
2026/09/26 17:34:15.175, NVIDIA L40S, 0 %, 40361 MiB, 46068 MiB, 90.52 W
2026/09/26 17:34:16.176, NVIDIA L40S, 0 %, 40361 MiB, 46068 MiB, 90.55 W
2026/09/26 17:34:17.176, NVIDIA L40S, 0 %, 40361 MiB, 46068 MiB, 90.58 W
2026/09/26 17:34:18.176, NVIDIA L40S, 0 %, 40361 MiB, 46068 MiB, 90.43 W
2026/09/26 17:34:19.177, NVIDIA L40S, 0 %, 40361 MiB, 46068 MiB, 90.58 W
2026/09/26 17:34:20.178, NVIDIA L40S, 0 %, 40361 MiB, 46068 MiB, 90.58 W
2026/09/26 17:34:21.178, NVIDIA L40S, 0 %, 40361 MiB, 46068 MiB, 90.43 W
2026/09/26 17:34:22.179, NVIDIA L40S, 0 %, 40361 MiB, 46068 MiB, 90.55 W
2026/09/26 17:34:23.179, NVIDIA L40S, 0 %, 40361 MiB, 46068 MiB, 90.53 W
2026/09/26 17:34:24.179, NVIDIA L40S, 0 %, 40361 MiB, 46068 MiB, 90.32 W
2026/09/26 17:34:25.180, NVIDIA L40S, 0 %, 40361 MiB, 46068 MiB, 90.29 W
2026/09/26 17:34:26.180, NVIDIA L40S, 0 %, 40361 MiB, 46068 MiB, 90.50 W
2026/09/26 17:34:27.182, NVIDIA L40S, 0 %, 40361 MiB, 46068 MiB, 90.70 W
2026/09/26 17:34:28.182, NVIDIA L40S, 0 %, 40361 MiB, 46068 MiB, 90.80 W
2026/09/26 17:34:29.182, NVIDIA L40S, 0 %, 40361 MiB, 46068 MiB, 90.62 W
2026/09/26 17:34:30.183, NVIDIA L40S, 0 %, 40361 MiB, 46068 MiB, 90.47 W
2026/09/26 17:34:31.184, NVIDIA L40S, 0 %, 40361 MiB, 46068 MiB, 90.59 W
2026/09/26 17:34:32.184, NVIDIA L40S, 0 %, 40361 MiB, 46068 MiB, 90.62 W
2026/09/26 17:34:33.184, NVIDIA L40S, 0 %, 40361 MiB, 46068 MiB, 90.40 W
2026/09/26 17:34:34.184, NVIDIA L40S, 0 %, 40361 MiB, 46068 MiB, 90.52 W
2026/09/26 17:34:35.185, NVIDIA L40S, 0 %, 40361 MiB, 46068 MiB, 90.52 W
2026/09/26 17:34:36.185, NVIDIA L40S, 0 %, 40361 MiB, 46068 MiB, 90.50 W
2026/09/26 17:34:37.185, NVIDIA L40S, 0 %, 40361 MiB, 46068 MiB, 90.62 W
2026/09/26 17:34:38.186, NVIDIA L40S, 0 %, 40361 MiB, 46068 MiB, 90.62 W
2026/09/26 17:34:39.186, NVIDIA L40S, 0 %, 40361 MiB, 46068 MiB, 90.62 W
2026/09/26 17:34:40.186, NVIDIA L40S, 0 %, 40361 MiB, 46068 MiB, 90.67 W
2026/09/26 17:34:41.187, NVIDIA L40S, 0 %, 40361 MiB, 46068 MiB, 90.67 W
2026/09/26 17:34:42.187, NVIDIA L40S, 0 %, 40361 MiB, 46068 MiB, 90.52 W
2026/09/26 17:34:43.188, NVIDIA L40S, 0 %, 40361 MiB, 46068 MiB, 90.50 W
2026/09/26 17:34:44.189, NVIDIA L40S, 0 %, 40361 MiB, 46068 MiB, 90.47 W
2026/09/26 17:34:45.189, NVIDIA L40S, 0 %, 40361 MiB, 46068 MiB, 90.44 W
2026/09/26 17:34:46.189, NVIDIA L40S, 0 %, 40361 MiB, 46068 MiB, 90.62 W
2026/09/26 17:34:47.190, NVIDIA L40S, 0 %, 40361 MiB, 46068 MiB, 90.74 W
2026/09/26 17:34:48.190, NVIDIA L40S, 0 %, 40361 MiB, 46068 MiB, 90.53 W
2026/09/26 17:34:49.190, NVIDIA L40S, 0 %, 40361 MiB, 46068 MiB, 90.37 W
2026/09/26 17:34:50.191, NVIDIA L40S, 0 %, 40361 MiB, 46068 MiB, 90.52 W
2026/09/26 17:34:51.191, NVIDIA L40S, 0 %, 40361 MiB, 46068 MiB, 90.51 W
2026/09/26 17:34:52.192, NVIDIA L40S, 0 %, 40361 MiB, 46068 MiB, 90.49 W
2026/09/26 17:34:53.192, NVIDIA L40S, 0 %, 40361 MiB, 46068 MiB, 90.61 W
2026/09/26 17:34:54.193, NVIDIA L40S, 0 %, 40361 MiB, 46068 MiB, 90.56 W
2026/09/26 17:34:55.193, NVIDIA L40S, 0 %, 40361 MiB, 46068 MiB, 90.40 W
2026/09/26 17:34:56.193, NVIDIA L40S, 0 %, 40361 MiB, 46068 MiB, 90.50 W
2026/09/26 17:34:57.194, NVIDIA L40S, 0 %, 40361 MiB, 46068 MiB, 90.62 W
2026/09/26 17:34:58.195, NVIDIA L40S, 0 %, 40361 MiB, 46068 MiB, 90.56 W
2026/09/26 17:34:59.195, NVIDIA L40S, 0 %, 40361 MiB, 46068 MiB, 90.52 W
2026/09/26 17:35:00.195, NVIDIA L40S, 0 %, 40361 MiB, 46068 MiB, 90.53 W
2026/09/26 17:35:01.196, NVIDIA L40S, 0 %, 40361 MiB, 46068 MiB, 90.67 W
2026/09/26 17:35:02.196, NVIDIA L40S, 0 %, 40361 MiB, 46068 MiB, 90.65 W
2026/09/26 17:35:03.196, NVIDIA L40S, 0 %, 40361 MiB, 46068 MiB, 90.52 W
2026/09/26 17:35:04.197, NVIDIA L40S, 0 %, 40361 MiB, 46068 MiB, 90.62 W
2026/09/26 17:35:05.198, NVIDIA L40S, 0 %, 40361 MiB, 46068 MiB, 90.62 W
2026/09/26 17:35:06.198, NVIDIA L40S, 0 %, 40361 MiB, 46068 MiB, 90.43 W
2026/09/26 17:35:07.198, NVIDIA L40S, 0 %, 40361 MiB, 46068 MiB, 90.43 W
2026/09/26 17:35:08.198, NVIDIA L40S, 0 %, 40361 MiB, 46068 MiB, 90.58 W
2026/09/26 17:35:09.199, NVIDIA L40S, 0 %, 40361 MiB, 46068 MiB, 90.58 W
2026/09/26 17:35:10.200, NVIDIA L40S, 0 %, 40361 MiB, 46068 MiB, 90.53 W
2026/09/26 17:35:11.200, NVIDIA L40S, 0 %, 40361 MiB, 46068 MiB, 90.50 W
2026/09/26 17:35:12.200, NVIDIA L40S, 0 %, 40361 MiB, 46068 MiB, 90.49 W
2026/09/26 17:35:13.201, NVIDIA L40S, 0 %, 40361 MiB, 46068 MiB, 90.67 W
2026/09/26 17:35:14.201, NVIDIA L40S, 0 %, 40361 MiB, 46068 MiB, 90.82 W
2026/09/26 17:35:15.201, NVIDIA L40S, 0 %, 40361 MiB, 46068 MiB, 90.67 W
2026/09/26 17:35:16.202, NVIDIA L40S, 0 %, 40361 MiB, 46068 MiB, 90.58 W
2026/09/26 17:35:17.203, NVIDIA L40S, 0 %, 40361 MiB, 46068 MiB, 90.58 W
2026/09/26 17:35:18.203, NVIDIA L40S, 0 %, 40361 MiB, 46068 MiB, 90.49 W
2026/09/26 17:35:19.203, NVIDIA L40S, 0 %, 40361 MiB, 46068 MiB, 90.46 W
2026/09/26 17:35:20.204, NVIDIA L40S, 0 %, 40361 MiB, 46068 MiB, 90.55 W
2026/09/26 17:35:21.204, NVIDIA L40S, 0 %, 40361 MiB, 46068 MiB, 90.48 W
2026/09/26 17:35:22.205, NVIDIA L40S, 0 %, 40361 MiB, 46068 MiB, 90.46 W
2026/09/26 17:35:23.205, NVIDIA L40S, 0 %, 40361 MiB, 46068 MiB, 90.46 W
2026/09/26 17:35:24.206, NVIDIA L40S, 0 %, 40361 MiB, 46068 MiB, 90.41 W
2026/09/26 17:35:25.206, NVIDIA L40S, 0 %, 40361 MiB, 46068 MiB, 90.50 W
2026/09/26 17:35:26.206, NVIDIA L40S, 0 %, 40361 MiB, 46068 MiB, 90.46 W
2026/09/26 17:35:27.206, NVIDIA L40S, 0 %, 40361 MiB, 46068 MiB, 90.34 W
2026/09/26 17:35:28.207, NVIDIA L40S, 0 %, 40361 MiB, 46068 MiB, 90.34 W
2026/09/26 17:35:29.208, NVIDIA L40S, 0 %, 40361 MiB, 46068 MiB, 90.38 W
2026/09/26 17:35:30.208, NVIDIA L40S, 0 %, 40361 MiB, 46068 MiB, 90.50 W
2026/09/26 17:35:31.208, NVIDIA L40S, 0 %, 40361 MiB, 46068 MiB, 90.41 W
2026/09/26 17:35:32.209, NVIDIA L40S, 0 %, 40361 MiB, 46068 MiB, 90.23 W
2026/09/26 17:35:33.209, NVIDIA L40S, 0 %, 40361 MiB, 46068 MiB, 90.38 W
2026/09/26 17:35:34.209, NVIDIA L40S, 0 %, 40361 MiB, 46068 MiB, 90.59 W
2026/09/26 17:35:35.210, NVIDIA L40S, 0 %, 40361 MiB, 46068 MiB, 90.47 W
2026/09/26 17:35:36.210, NVIDIA L40S, 0 %, 40361 MiB, 46068 MiB, 90.43 W
2026/09/26 17:35:37.210, NVIDIA L40S, 0 %, 40361 MiB, 46068 MiB, 90.71 W
2026/09/26 17:35:38.211, NVIDIA L40S, 0 %, 40361 MiB, 46068 MiB, 90.62 W
2026/09/26 17:35:39.211, NVIDIA L40S, 0 %, 40361 MiB, 46068 MiB, 90.41 W
2026/09/26 17:35:40.212, NVIDIA L40S, 0 %, 40361 MiB, 46068 MiB, 90.41 W
2026/09/26 17:35:41.212, NVIDIA L40S, 0 %, 40361 MiB, 46068 MiB, 90.32 W
2026/09/26 17:35:42.213, NVIDIA L40S, 0 %, 40361 MiB, 46068 MiB, 90.26 W
2026/09/26 17:35:43.213, NVIDIA L40S, 0 %, 40361 MiB, 46068 MiB, 90.36 W
2026/09/26 17:35:44.213, NVIDIA L40S, 0 %, 40361 MiB, 46068 MiB, 90.56 W
2026/09/26 17:35:45.214, NVIDIA L40S, 0 %, 40361 MiB, 46068 MiB, 90.74 W
2026/09/26 17:35:46.215, NVIDIA L40S, 0 %, 40361 MiB, 46068 MiB, 90.65 W
2026/09/26 17:35:47.215, NVIDIA L40S, 0 %, 40361 MiB, 46068 MiB, 90.41 W
2026/09/26 17:35:48.216, NVIDIA L40S, 0 %, 40361 MiB, 46068 MiB, 90.32 W
2026/09/26 17:35:49.216, NVIDIA L40S, 0 %, 40361 MiB, 46068 MiB, 90.38 W
2026/09/26 17:35:50.217, NVIDIA L40S, 0 %, 40361 MiB, 46068 MiB, 90.36 W
2026/09/26 17:35:51.217, NVIDIA L40S, 0 %, 40361 MiB, 46068 MiB, 90.43 W
2026/09/26 17:35:52.218, NVIDIA L40S, 0 %, 40361 MiB, 46068 MiB, 90.46 W
2026/09/26 17:35:53.218, NVIDIA L40S, 0 %, 40361 MiB, 46068 MiB, 90.40 W
2026/09/26 17:35:54.218, NVIDIA L40S, 0 %, 40361 MiB, 46068 MiB, 90.58 W
2026/09/26 17:35:55.219, NVIDIA L40S, 0 %, 40361 MiB, 46068 MiB, 90.55 W
2026/09/26 17:35:56.220, NVIDIA L40S, 0 %, 40361 MiB, 46068 MiB, 90.40 W
2026/09/26 17:35:57.221, NVIDIA L40S, 0 %, 40361 MiB, 46068 MiB, 90.40 W
2026/09/26 17:35:58.221, NVIDIA L40S, 0 %, 40361 MiB, 46068 MiB, 90.43 W
2026/09/26 17:35:59.221, NVIDIA L40S, 0 %, 40361 MiB, 46068 MiB, 90.55 W
2026/09/26 17:36:00.222, NVIDIA L40S, 0 %, 40361 MiB, 46068 MiB, 90.53 W
2026/09/26 17:36:01.222, NVIDIA L40S, 0 %, 40361 MiB, 46068 MiB, 90.43 W
2026/09/26 17:36:02.222, NVIDIA L40S, 0 %, 40361 MiB, 46068 MiB, 90.34 W
2026/09/26 17:36:03.222, NVIDIA L40S, 0 %, 40361 MiB, 46068 MiB, 90.46 W
2026/09/26 17:36:04.223, NVIDIA L40S, 0 %, 40361 MiB, 46068 MiB, 90.53 W
2026/09/26 17:36:05.223, NVIDIA L40S, 0 %, 40361 MiB, 46068 MiB, 90.41 W
2026/09/26 17:36:06.223, NVIDIA L40S, 0 %, 40361 MiB, 46068 MiB, 90.32 W
2026/09/26 17:36:07.224, NVIDIA L40S, 0 %, 40361 MiB, 46068 MiB, 90.37 W
2026/09/26 17:36:08.225, NVIDIA L40S, 0 %, 40361 MiB, 46068 MiB, 90.58 W
2026/09/26 17:36:09.225, NVIDIA L40S, 0 %, 40361 MiB, 46068 MiB, 90.61 W
2026/09/26 17:36:10.225, NVIDIA L40S, 0 %, 40361 MiB, 46068 MiB, 90.58 W
2026/09/26 17:36:11.226, NVIDIA L40S, 0 %, 40361 MiB, 46068 MiB, 90.55 W
2026/09/26 17:36:12.226, NVIDIA L40S, 0 %, 40361 MiB, 46068 MiB, 90.59 W
2026/09/26 17:36:13.227, NVIDIA L40S, 0 %, 40361 MiB, 46068 MiB, 90.62 W
2026/09/26 17:36:14.227, NVIDIA L40S, 0 %, 40361 MiB, 46068 MiB, 90.50 W
2026/09/26 17:36:15.227, NVIDIA L40S, 0 %, 40361 MiB, 46068 MiB, 90.35 W
2026/09/26 17:36:16.228, NVIDIA L40S, 0 %, 40361 MiB, 46068 MiB, 90.43 W
2026/09/26 17:36:17.228, NVIDIA L40S, 0 %, 40361 MiB, 46068 MiB, 90.64 W
2026/09/26 17:36:18.229, NVIDIA L40S, 0 %, 40361 MiB, 46068 MiB, 90.49 W
2026/09/26 17:36:19.229, NVIDIA L40S, 0 %, 40361 MiB, 46068 MiB, 90.34 W
2026/09/26 17:36:20.229, NVIDIA L40S, 0 %, 40361 MiB, 46068 MiB, 90.49 W
2026/09/26 17:36:21.230, NVIDIA L40S, 0 %, 40361 MiB, 46068 MiB, 90.61 W
2026/09/26 17:36:22.230, NVIDIA L40S, 0 %, 40361 MiB, 46068 MiB, 90.61 W
2026/09/26 17:36:23.231, NVIDIA L40S, 0 %, 40361 MiB, 46068 MiB, 90.48 W
2026/09/26 17:36:24.231, NVIDIA L40S, 0 %, 40361 MiB, 46068 MiB, 90.34 W
2026/09/26 17:36:25.232, NVIDIA L40S, 0 %, 40361 MiB, 46068 MiB, 90.22 W
2026/09/26 17:36:26.232, NVIDIA L40S, 0 %, 40361 MiB, 46068 MiB, 90.31 W
2026/09/26 17:36:27.233, NVIDIA L40S, 0 %, 40361 MiB, 46068 MiB, 90.40 W
2026/09/26 17:36:28.233, NVIDIA L40S, 0 %, 40361 MiB, 46068 MiB, 90.43 W
2026/09/26 17:36:29.233, NVIDIA L40S, 0 %, 40361 MiB, 46068 MiB, 90.43 W
2026/09/26 17:36:30.234, NVIDIA L40S, 0 %, 40361 MiB, 46068 MiB, 90.18 W
2026/09/26 17:36:31.235, NVIDIA L40S, 0 %, 40361 MiB, 46068 MiB, 90.28 W
2026/09/26 17:36:32.235, NVIDIA L40S, 0 %, 40361 MiB, 46068 MiB, 90.34 W
2026/09/26 17:36:33.464, NVIDIA L40S, 0 %, 40361 MiB, 46068 MiB, 90.53 W
2026/09/26 17:36:34.464, NVIDIA L40S, 0 %, 40361 MiB, 46068 MiB, 90.55 W
2026/09/26 17:36:35.464, NVIDIA L40S, 0 %, 40361 MiB, 46068 MiB, 90.43 W
2026/09/26 17:36:36.465, NVIDIA L40S, 0 %, 40361 MiB, 46068 MiB, 90.34 W
2026/09/26 17:36:37.466, NVIDIA L40S, 0 %, 40361 MiB, 46068 MiB, 90.34 W
2026/09/26 17:36:38.466, NVIDIA L40S, 0 %, 40361 MiB, 46068 MiB, 90.31 W
2026/09/26 17:36:39.466, NVIDIA L40S, 0 %, 40361 MiB, 46068 MiB, 90.31 W
2026/09/26 17:36:40.466, NVIDIA L40S, 0 %, 40361 MiB, 46068 MiB, 90.22 W
2026/09/26 17:36:41.467, NVIDIA L40S, 0 %, 40361 MiB, 46068 MiB, 90.24 W
2026/09/26 17:36:42.468, NVIDIA L40S, 0 %, 40361 MiB, 46068 MiB, 90.24 W
2026/09/26 17:36:43.468, NVIDIA L40S, 0 %, 40361 MiB, 46068 MiB, 90.34 W
2026/09/26 17:36:44.469, NVIDIA L40S, 0 %, 40361 MiB, 46068 MiB, 90.46 W
2026/09/26 17:36:45.469, NVIDIA L40S, 0 %, 40361 MiB, 46068 MiB, 90.25 W
2026/09/26 17:36:46.469, NVIDIA L40S, 0 %, 40361 MiB, 46068 MiB, 90.27 W
2026/09/26 17:36:47.470, NVIDIA L40S, 0 %, 40361 MiB, 46068 MiB, 90.27 W
2026/09/26 17:36:48.470, NVIDIA L40S, 0 %, 40361 MiB, 46068 MiB, 90.24 W
2026/09/26 17:36:49.470, NVIDIA L40S, 0 %, 40361 MiB, 46068 MiB, 90.24 W
2026/09/26 17:36:50.472, NVIDIA L40S, 0 %, 40361 MiB, 46068 MiB, 90.24 W
2026/09/26 17:36:51.473, NVIDIA L40S, 0 %, 40361 MiB, 46068 MiB, 90.36 W
2026/09/26 17:36:52.473, NVIDIA L40S, 0 %, 40361 MiB, 46068 MiB, 90.27 W
2026/09/26 17:36:53.473, NVIDIA L40S, 0 %, 40361 MiB, 46068 MiB, 90.15 W
2026/09/26 17:36:54.473, NVIDIA L40S, 0 %, 40361 MiB, 46068 MiB, 90.24 W
2026/09/26 17:36:55.474, NVIDIA L40S, 0 %, 40361 MiB, 46068 MiB, 90.40 W
2026/09/26 17:36:56.475, NVIDIA L40S, 0 %, 40361 MiB, 46068 MiB, 90.30 W
2026/09/26 17:36:57.475, NVIDIA L40S, 0 %, 40361 MiB, 46068 MiB, 90.27 W
2026/09/26 17:36:58.475, NVIDIA L40S, 0 %, 40361 MiB, 46068 MiB, 90.36 W
2026/09/26 17:36:59.475, NVIDIA L40S, 0 %, 40361 MiB, 46068 MiB, 90.37 W
2026/09/26 17:37:00.476, NVIDIA L40S, 0 %, 40361 MiB, 46068 MiB, 90.36 W
2026/09/26 17:37:01.476, NVIDIA L40S, 0 %, 40361 MiB, 46068 MiB, 90.24 W
2026/09/26 17:37:02.476, NVIDIA L40S, 0 %, 40361 MiB, 46068 MiB, 90.12 W
2026/09/26 17:37:03.476, NVIDIA L40S, 0 %, 40361 MiB, 46068 MiB, 90.21 W
2026/09/26 17:37:04.477, NVIDIA L40S, 0 %, 40361 MiB, 46068 MiB, 90.34 W
2026/09/26 17:37:05.477, NVIDIA L40S, 0 %, 40361 MiB, 46068 MiB, 90.24 W
2026/09/26 17:37:06.478, NVIDIA L40S, 0 %, 40361 MiB, 46068 MiB, 90.25 W
2026/09/26 17:37:07.478, NVIDIA L40S, 0 %, 40361 MiB, 46068 MiB, 90.24 W
2026/09/26 17:37:08.478, NVIDIA L40S, 0 %, 40361 MiB, 46068 MiB, 90.12 W
2026/09/26 17:37:09.479, NVIDIA L40S, 0 %, 40361 MiB, 46068 MiB, 90.09 W
2026/09/26 17:37:10.479, NVIDIA L40S, 0 %, 40361 MiB, 46068 MiB, 90.19 W
2026/09/26 17:37:11.480, NVIDIA L40S, 0 %, 40361 MiB, 46068 MiB, 90.34 W
2026/09/26 17:37:12.481, NVIDIA L40S, 0 %, 40361 MiB, 46068 MiB, 90.36 W
2026/09/26 17:37:13.481, NVIDIA L40S, 0 %, 40361 MiB, 46068 MiB, 90.27 W
2026/09/26 17:37:14.481, NVIDIA L40S, 0 %, 40361 MiB, 46068 MiB, 90.18 W
2026/09/26 17:37:15.482, NVIDIA L40S, 0 %, 40361 MiB, 46068 MiB, 90.30 W
2026/09/26 17:37:16.482, NVIDIA L40S, 0 %, 40361 MiB, 46068 MiB, 90.30 W
2026/09/26 17:37:17.482, NVIDIA L40S, 0 %, 40361 MiB, 46068 MiB, 90.30 W
2026/09/26 17:37:18.482, NVIDIA L40S, 0 %, 40361 MiB, 46068 MiB, 90.27 W
2026/09/26 17:37:19.483, NVIDIA L40S, 0 %, 40361 MiB, 46068 MiB, 90.36 W
2026/09/26 17:37:20.483, NVIDIA L40S, 0 %, 40361 MiB, 46068 MiB, 90.39 W
2026/09/26 17:37:21.483, NVIDIA L40S, 0 %, 40361 MiB, 46068 MiB, 90.18 W
2026/09/26 17:37:22.484, NVIDIA L40S, 0 %, 40361 MiB, 46068 MiB, 90.27 W
2026/09/26 17:37:23.484, NVIDIA L40S, 0 %, 40361 MiB, 46068 MiB, 90.37 W
2026/09/26 17:37:24.485, NVIDIA L40S, 0 %, 40361 MiB, 46068 MiB, 90.24 W
2026/09/26 17:37:25.485, NVIDIA L40S, 0 %, 40361 MiB, 46068 MiB, 90.27 W
2026/09/26 17:37:26.485, NVIDIA L40S, 0 %, 40361 MiB, 46068 MiB, 90.42 W
2026/09/26 17:37:27.485, NVIDIA L40S, 0 %, 40361 MiB, 46068 MiB, 90.27 W
2026/09/26 17:37:28.486, NVIDIA L40S, 0 %, 40361 MiB, 46068 MiB, 90.24 W
2026/09/26 17:37:29.486, NVIDIA L40S, 0 %, 40361 MiB, 46068 MiB, 90.27 W
2026/09/26 17:37:30.486, NVIDIA L40S, 0 %, 40361 MiB, 46068 MiB, 90.15 W
2026/09/26 17:37:31.487, NVIDIA L40S, 0 %, 40361 MiB, 46068 MiB, 90.12 W
2026/09/26 17:37:32.487, NVIDIA L40S, 0 %, 40361 MiB, 46068 MiB, 90.22 W
2026/09/26 17:37:33.488, NVIDIA L40S, 0 %, 40361 MiB, 46068 MiB, 90.34 W
2026/09/26 17:37:34.488, NVIDIA L40S, 0 %, 40361 MiB, 46068 MiB, 90.43 W
2026/09/26 17:37:35.488, NVIDIA L40S, 0 %, 40361 MiB, 46068 MiB, 90.43 W
2026/09/26 17:37:36.488, NVIDIA L40S, 0 %, 40361 MiB, 46068 MiB, 90.34 W
2026/09/26 17:37:37.489, NVIDIA L40S, 0 %, 40361 MiB, 46068 MiB, 90.19 W
2026/09/26 17:37:38.490, NVIDIA L40S, 0 %, 40361 MiB, 46068 MiB, 90.07 W
2026/09/26 17:37:39.490, NVIDIA L40S, 0 %, 40361 MiB, 46068 MiB, 90.21 W
2026/09/26 17:37:40.490, NVIDIA L40S, 0 %, 40361 MiB, 46068 MiB, 90.46 W
2026/09/26 17:37:41.494, NVIDIA L40S, 0 %, 40361 MiB, 46068 MiB, 90.58 W
2026/09/26 17:37:42.495, NVIDIA L40S, 0 %, 40361 MiB, 46068 MiB, 90.39 W
2026/09/26 17:37:43.495, NVIDIA L40S, 0 %, 40361 MiB, 46068 MiB, 90.30 W
2026/09/26 17:37:44.496, NVIDIA L40S, 0 %, 40361 MiB, 46068 MiB, 90.30 W
2026/09/26 17:37:45.496, NVIDIA L40S, 0 %, 40361 MiB, 46068 MiB, 90.30 W
2026/09/26 17:37:46.496, NVIDIA L40S, 0 %, 40361 MiB, 46068 MiB, 90.27 W
2026/09/26 17:37:47.497, NVIDIA L40S, 0 %, 40361 MiB, 46068 MiB, 90.15 W
2026/09/26 17:37:48.497, NVIDIA L40S, 0 %, 40361 MiB, 46068 MiB, 90.27 W
2026/09/26 17:37:49.498, NVIDIA L40S, 0 %, 40361 MiB, 46068 MiB, 90.24 W
2026/09/26 17:37:50.498, NVIDIA L40S, 0 %, 40361 MiB, 46068 MiB, 90.24 W
2026/09/26 17:37:51.498, NVIDIA L40S, 0 %, 40361 MiB, 46068 MiB, 90.34 W
2026/09/26 17:37:52.499, NVIDIA L40S, 0 %, 40361 MiB, 46068 MiB, 90.31 W
2026/09/26 17:37:53.500, NVIDIA L40S, 0 %, 40361 MiB, 46068 MiB, 90.34 W
2026/09/26 17:37:54.500, NVIDIA L40S, 0 %, 40361 MiB, 46068 MiB, 90.24 W
2026/09/26 17:37:55.500, NVIDIA L40S, 0 %, 40361 MiB, 46068 MiB, 90.21 W
2026/09/26 17:37:56.501, NVIDIA L40S, 0 %, 40361 MiB, 46068 MiB, 90.24 W
2026/09/26 17:37:57.501, NVIDIA L40S, 0 %, 40361 MiB, 46068 MiB, 90.15 W
2026/09/26 17:37:58.502, NVIDIA L40S, 0 %, 40361 MiB, 46068 MiB, 90.24 W
2026/09/26 17:37:59.502, NVIDIA L40S, 0 %, 40361 MiB, 46068 MiB, 90.36 W
2026/09/26 17:38:00.502, NVIDIA L40S, 0 %, 40361 MiB, 46068 MiB, 90.24 W
2026/09/26 17:38:01.503, NVIDIA L40S, 0 %, 40361 MiB, 46068 MiB, 90.12 W
2026/09/26 17:38:02.503, NVIDIA L40S, 0 %, 40361 MiB, 46068 MiB, 90.28 W
2026/09/26 17:38:03.503, NVIDIA L40S, 0 %, 40361 MiB, 46068 MiB, 90.40 W
2026/09/26 17:38:04.504, NVIDIA L40S, 0 %, 40361 MiB, 46068 MiB, 90.28 W
2026/09/26 17:38:05.505, NVIDIA L40S, 0 %, 40361 MiB, 46068 MiB, 90.23 W
2026/09/26 17:38:06.505, NVIDIA L40S, 0 %, 40361 MiB, 46068 MiB, 90.31 W
2026/09/26 17:38:07.506, NVIDIA L40S, 0 %, 40361 MiB, 46068 MiB, 90.24 W
2026/09/26 17:38:08.506, NVIDIA L40S, 0 %, 40361 MiB, 46068 MiB, 90.13 W
2026/09/26 17:38:09.506, NVIDIA L40S, 0 %, 40361 MiB, 46068 MiB, 90.27 W
2026/09/26 17:38:10.506, NVIDIA L40S, 0 %, 40361 MiB, 46068 MiB, 90.30 W
2026/09/26 17:38:11.507, NVIDIA L40S, 0 %, 40361 MiB, 46068 MiB, 90.07 W
2026/09/26 17:38:12.507, NVIDIA L40S, 0 %, 40361 MiB, 46068 MiB, 90.19 W
2026/09/26 17:38:13.507, NVIDIA L40S, 0 %, 40361 MiB, 46068 MiB, 90.37 W
2026/09/26 17:38:14.508, NVIDIA L40S, 0 %, 40361 MiB, 46068 MiB, 90.31 W
2026/09/26 17:38:15.508, NVIDIA L40S, 0 %, 40361 MiB, 46068 MiB, 90.21 W
2026/09/26 17:38:16.508, NVIDIA L40S, 0 %, 40361 MiB, 46068 MiB, 90.12 W
2026/09/26 17:38:17.509, NVIDIA L40S, 0 %, 40361 MiB, 46068 MiB, 90.15 W
2026/09/26 17:38:18.510, NVIDIA L40S, 0 %, 40361 MiB, 46068 MiB, 90.27 W
2026/09/26 17:38:19.510, NVIDIA L40S, 0 %, 40361 MiB, 46068 MiB, 90.27 W
2026/09/26 17:38:20.510, NVIDIA L40S, 0 %, 40361 MiB, 46068 MiB, 90.27 W
2026/09/26 17:38:21.511, NVIDIA L40S, 0 %, 40361 MiB, 46068 MiB, 90.34 W
2026/09/26 17:38:22.511, NVIDIA L40S, 0 %, 40361 MiB, 46068 MiB, 90.43 W
2026/09/26 17:38:23.511, NVIDIA L40S, 0 %, 40361 MiB, 46068 MiB, 90.38 W
2026/09/26 17:38:24.511, NVIDIA L40S, 0 %, 40361 MiB, 46068 MiB, 90.31 W
2026/09/26 17:38:25.512, NVIDIA L40S, 0 %, 40361 MiB, 46068 MiB, 90.27 W
2026/09/26 17:38:26.512, NVIDIA L40S, 0 %, 40361 MiB, 46068 MiB, 90.24 W
2026/09/26 17:38:27.512, NVIDIA L40S, 0 %, 40361 MiB, 46068 MiB, 90.22 W
2026/09/26 17:38:28.513, NVIDIA L40S, 0 %, 40361 MiB, 46068 MiB, 90.04 W
2026/09/26 17:38:29.514, NVIDIA L40S, 0 %, 40361 MiB, 46068 MiB, 90.21 W
2026/09/26 17:38:30.514, NVIDIA L40S, 0 %, 40361 MiB, 46068 MiB, 90.39 W
2026/09/26 17:38:31.514, NVIDIA L40S, 0 %, 40361 MiB, 46068 MiB, 90.21 W
2026/09/26 17:38:32.515, NVIDIA L40S, 0 %, 40361 MiB, 46068 MiB, 90.31 W
2026/09/26 17:38:33.515, NVIDIA L40S, 0 %, 40361 MiB, 46068 MiB, 90.34 W
2026/09/26 17:38:34.516, NVIDIA L40S, 0 %, 40361 MiB, 46068 MiB, 90.15 W
2026/09/26 17:38:35.517, NVIDIA L40S, 0 %, 40361 MiB, 46068 MiB, 90.18 W
2026/09/26 17:38:36.517, NVIDIA L40S, 0 %, 40361 MiB, 46068 MiB, 90.25 W
2026/09/26 17:38:37.517, NVIDIA L40S, 0 %, 40361 MiB, 46068 MiB, 90.22 W
2026/09/26 17:38:38.517, NVIDIA L40S, 0 %, 40361 MiB, 46068 MiB, 90.13 W
2026/09/26 17:38:39.518, NVIDIA L40S, 0 %, 40361 MiB, 46068 MiB, 90.12 W
2026/09/26 17:38:40.518, NVIDIA L40S, 0 %, 40361 MiB, 46068 MiB, 90.24 W
2026/09/26 17:38:41.518, NVIDIA L40S, 0 %, 40361 MiB, 46068 MiB, 90.24 W
2026/09/26 17:38:42.519, NVIDIA L40S, 0 %, 40361 MiB, 46068 MiB, 90.24 W
2026/09/26 17:38:43.519, NVIDIA L40S, 0 %, 40361 MiB, 46068 MiB, 90.27 W
2026/09/26 17:38:44.520, NVIDIA L40S, 0 %, 40361 MiB, 46068 MiB, 90.33 W
2026/09/26 17:38:45.520, NVIDIA L40S, 0 %, 40361 MiB, 46068 MiB, 90.33 W
2026/09/26 17:38:46.520, NVIDIA L40S, 0 %, 40361 MiB, 46068 MiB, 90.18 W
2026/09/26 17:38:47.521, NVIDIA L40S, 0 %, 40361 MiB, 46068 MiB, 90.18 W
2026/09/26 17:38:48.522, NVIDIA L40S, 0 %, 40361 MiB, 46068 MiB, 90.30 W
2026/09/26 17:38:49.522, NVIDIA L40S, 0 %, 40361 MiB, 46068 MiB, 90.22 W
2026/09/26 17:38:50.522, NVIDIA L40S, 0 %, 40361 MiB, 46068 MiB, 90.31 W
2026/09/26 17:38:51.523, NVIDIA L40S, 0 %, 40361 MiB, 46068 MiB, 90.49 W
2026/09/26 17:38:52.524, NVIDIA L40S, 0 %, 40361 MiB, 46068 MiB, 90.37 W
2026/09/26 17:38:53.524, NVIDIA L40S, 0 %, 40361 MiB, 46068 MiB, 90.36 W
2026/09/26 17:38:54.525, NVIDIA L40S, 0 %, 40361 MiB, 46068 MiB, 90.27 W
2026/09/26 17:38:55.525, NVIDIA L40S, 0 %, 40361 MiB, 46068 MiB, 90.15 W
2026/09/26 17:38:56.525, NVIDIA L40S, 0 %, 40361 MiB, 46068 MiB, 90.43 W
2026/09/26 17:38:57.526, NVIDIA L40S, 0 %, 40361 MiB, 46068 MiB, 90.58 W
2026/09/26 17:38:58.526, NVIDIA L40S, 0 %, 40361 MiB, 46068 MiB, 90.39 W
2026/09/26 17:38:59.526, NVIDIA L40S, 0 %, 40361 MiB, 46068 MiB, 90.24 W
2026/09/26 17:39:00.526, NVIDIA L40S, 0 %, 40361 MiB, 46068 MiB, 90.24 W
2026/09/26 17:39:01.528, NVIDIA L40S, 0 %, 40361 MiB, 46068 MiB, 90.27 W
2026/09/26 17:39:02.529, NVIDIA L40S, 0 %, 40361 MiB, 46068 MiB, 90.18 W
2026/09/26 17:39:03.529, NVIDIA L40S, 0 %, 40361 MiB, 46068 MiB, 90.18 W
2026/09/26 17:39:04.529, NVIDIA L40S, 0 %, 40361 MiB, 46068 MiB, 90.24 W
2026/09/26 17:39:05.530, NVIDIA L40S, 0 %, 40361 MiB, 46068 MiB, 90.24 W
2026/09/26 17:39:06.530, NVIDIA L40S, 0 %, 40361 MiB, 46068 MiB, 90.27 W
2026/09/26 17:39:07.531, NVIDIA L40S, 0 %, 40361 MiB, 46068 MiB, 90.37 W
2026/09/26 17:39:08.531, NVIDIA L40S, 0 %, 40361 MiB, 46068 MiB, 90.21 W
2026/09/26 17:39:09.531, NVIDIA L40S, 0 %, 40361 MiB, 46068 MiB, 90.16 W
2026/09/26 17:39:10.532, NVIDIA L40S, 0 %, 40361 MiB, 46068 MiB, 90.19 W
2026/09/26 17:39:11.533, NVIDIA L40S, 0 %, 40361 MiB, 46068 MiB, 90.19 W
2026/09/26 17:39:12.533, NVIDIA L40S, 0 %, 40361 MiB, 46068 MiB, 90.22 W
2026/09/26 17:39:13.533, NVIDIA L40S, 0 %, 40361 MiB, 46068 MiB, 90.24 W
2026/09/26 17:39:14.534, NVIDIA L40S, 0 %, 40361 MiB, 46068 MiB, 90.22 W
2026/09/26 17:39:15.534, NVIDIA L40S, 0 %, 40361 MiB, 46068 MiB, 90.04 W
2026/09/26 17:39:16.536, NVIDIA L40S, 0 %, 40361 MiB, 46068 MiB, 90.07 W
2026/09/26 17:39:17.536, NVIDIA L40S, 0 %, 40361 MiB, 46068 MiB, 90.10 W
2026/09/26 17:39:18.537, NVIDIA L40S, 0 %, 40361 MiB, 46068 MiB, 90.13 W
2026/09/26 17:39:19.537, NVIDIA L40S, 0 %, 40361 MiB, 46068 MiB, 90.32 W
2026/09/26 17:39:20.539, NVIDIA L40S, 0 %, 40361 MiB, 46068 MiB, 90.17 W
2026/09/26 17:39:21.539, NVIDIA L40S, 0 %, 40361 MiB, 46068 MiB, 90.20 W
2026/09/26 17:39:22.539, NVIDIA L40S, 0 %, 40361 MiB, 46068 MiB, 90.29 W
2026/09/26 17:39:23.540, NVIDIA L40S, 0 %, 40361 MiB, 46068 MiB, 90.08 W
2026/09/26 17:39:24.540, NVIDIA L40S, 0 %, 40361 MiB, 46068 MiB, 90.20 W
2026/09/26 17:39:25.541, NVIDIA L40S, 0 %, 40361 MiB, 46068 MiB, 90.32 W
2026/09/26 17:39:26.548, NVIDIA L40S, 0 %, 40361 MiB, 46068 MiB, 90.35 W
2026/09/26 17:39:27.548, NVIDIA L40S, 0 %, 40361 MiB, 46068 MiB, 90.22 W
2026/09/26 17:39:28.548, NVIDIA L40S, 0 %, 40361 MiB, 46068 MiB, 90.16 W
2026/09/26 17:39:29.549, NVIDIA L40S, 0 %, 40361 MiB, 46068 MiB, 90.07 W
2026/09/26 17:39:30.551, NVIDIA L40S, 0 %, 40361 MiB, 46068 MiB, 89.92 W
2026/09/26 17:39:31.551, NVIDIA L40S, 0 %, 40361 MiB, 46068 MiB, 90.13 W
2026/09/26 17:39:32.551, NVIDIA L40S, 0 %, 40361 MiB, 46068 MiB, 90.25 W
2026/09/26 17:39:33.551, NVIDIA L40S, 0 %, 40361 MiB, 46068 MiB, 90.25 W
2026/09/26 17:39:34.551, NVIDIA L40S, 0 %, 40361 MiB, 46068 MiB, 90.38 W
2026/09/26 17:39:35.552, NVIDIA L40S, 0 %, 40361 MiB, 46068 MiB, 90.31 W
2026/09/26 17:39:36.552, NVIDIA L40S, 0 %, 40361 MiB, 46068 MiB, 90.21 W
2026/09/26 17:39:37.552, NVIDIA L40S, 0 %, 40361 MiB, 46068 MiB, 90.34 W
2026/09/26 17:39:38.552, NVIDIA L40S, 0 %, 40361 MiB, 46068 MiB, 90.24 W
2026/09/26 17:39:39.553, NVIDIA L40S, 0 %, 40361 MiB, 46068 MiB, 90.34 W
2026/09/26 17:39:40.554, NVIDIA L40S, 0 %, 40361 MiB, 46068 MiB, 90.43 W
2026/09/26 17:39:41.554, NVIDIA L40S, 0 %, 40361 MiB, 46068 MiB, 90.31 W
2026/09/26 17:39:42.554, NVIDIA L40S, 0 %, 40361 MiB, 46068 MiB, 90.34 W
2026/09/26 17:39:43.555, NVIDIA L40S, 0 %, 40361 MiB, 46068 MiB, 90.34 W
2026/09/26 17:39:44.555, NVIDIA L40S, 0 %, 40361 MiB, 46068 MiB, 90.31 W
2026/09/26 17:39:45.555, NVIDIA L40S, 0 %, 40361 MiB, 46068 MiB, 90.34 W
2026/09/26 17:39:46.557, NVIDIA L40S, 0 %, 40361 MiB, 46068 MiB, 90.27 W
2026/09/26 17:39:47.557, NVIDIA L40S, 0 %, 40361 MiB, 46068 MiB, 90.24 W
2026/09/26 17:39:48.558, NVIDIA L40S, 0 %, 40361 MiB, 46068 MiB, 90.34 W
2026/09/26 17:39:49.558, NVIDIA L40S, 0 %, 40361 MiB, 46068 MiB, 90.27 W
2026/09/26 17:39:50.558, NVIDIA L40S, 0 %, 40361 MiB, 46068 MiB, 90.24 W
2026/09/26 17:39:51.558, NVIDIA L40S, 0 %, 40361 MiB, 46068 MiB, 90.34 W
2026/09/26 17:39:52.559, NVIDIA L40S, 0 %, 40361 MiB, 46068 MiB, 90.22 W
2026/09/26 17:39:53.559, NVIDIA L40S, 0 %, 40361 MiB, 46068 MiB, 90.09 W
2026/09/26 17:39:54.559, NVIDIA L40S, 0 %, 40361 MiB, 46068 MiB, 90.12 W
2026/09/26 17:39:55.560, NVIDIA L40S, 0 %, 40361 MiB, 46068 MiB, 90.13 W
2026/09/26 17:39:56.560, NVIDIA L40S, 0 %, 40361 MiB, 46068 MiB, 90.37 W
2026/09/26 17:39:57.560, NVIDIA L40S, 0 %, 40361 MiB, 46068 MiB, 90.49 W
2026/09/26 17:39:58.561, NVIDIA L40S, 0 %, 40361 MiB, 46068 MiB, 90.37 W
2026/09/26 17:39:59.561, NVIDIA L40S, 0 %, 40361 MiB, 46068 MiB, 90.37 W
2026/09/26 17:40:00.561, NVIDIA L40S, 0 %, 40361 MiB, 46068 MiB, 90.37 W
2026/09/26 17:40:01.561, NVIDIA L40S, 0 %, 40361 MiB, 46068 MiB, 90.40 W
2026/09/26 17:40:02.562, NVIDIA L40S, 0 %, 40361 MiB, 46068 MiB, 90.37 W
2026/09/26 17:40:03.562, NVIDIA L40S, 0 %, 40361 MiB, 46068 MiB, 90.46 W
2026/09/26 17:40:04.562, NVIDIA L40S, 0 %, 40361 MiB, 46068 MiB, 90.49 W
2026/09/26 17:40:05.563, NVIDIA L40S, 0 %, 40361 MiB, 46068 MiB, 90.40 W
2026/09/26 17:40:06.563, NVIDIA L40S, 0 %, 40361 MiB, 46068 MiB, 90.40 W
2026/09/26 17:40:07.563, NVIDIA L40S, 0 %, 40361 MiB, 46068 MiB, 90.46 W
2026/09/26 17:40:08.563, NVIDIA L40S, 0 %, 40361 MiB, 46068 MiB, 90.46 W
2026/09/26 17:40:09.563, NVIDIA L40S, 0 %, 40361 MiB, 46068 MiB, 90.40 W
2026/09/26 17:40:10.564, NVIDIA L40S, 0 %, 40361 MiB, 46068 MiB, 90.31 W
2026/09/26 17:40:11.564, NVIDIA L40S, 0 %, 40361 MiB, 46068 MiB, 90.37 W
2026/09/26 17:40:12.564, NVIDIA L40S, 0 %, 40361 MiB, 46068 MiB, 90.35 W
2026/09/26 17:40:13.565, NVIDIA L40S, 0 %, 40361 MiB, 46068 MiB, 90.39 W
2026/09/26 17:40:14.565, NVIDIA L40S, 0 %, 40361 MiB, 46068 MiB, 90.39 W
2026/09/26 17:40:15.565, NVIDIA L40S, 0 %, 40361 MiB, 46068 MiB, 90.14 W
2026/09/26 17:40:16.565, NVIDIA L40S, 0 %, 40361 MiB, 46068 MiB, 90.26 W
2026/09/26 17:40:17.566, NVIDIA L40S, 0 %, 40361 MiB, 46068 MiB, 90.41 W
2026/09/26 17:40:18.566, NVIDIA L40S, 0 %, 40361 MiB, 46068 MiB, 90.41 W
2026/09/26 17:40:19.566, NVIDIA L40S, 0 %, 40361 MiB, 46068 MiB, 90.32 W
2026/09/26 17:40:20.566, NVIDIA L40S, 0 %, 40361 MiB, 46068 MiB, 90.25 W
2026/09/26 17:40:21.567, NVIDIA L40S, 0 %, 40361 MiB, 46068 MiB, 90.20 W
2026/09/26 17:40:22.568, NVIDIA L40S, 0 %, 40361 MiB, 46068 MiB, 90.07 W
2026/09/26 17:40:23.568, NVIDIA L40S, 0 %, 40361 MiB, 46068 MiB, 90.23 W
2026/09/26 17:40:24.568, NVIDIA L40S, 0 %, 40361 MiB, 46068 MiB, 90.44 W
2026/09/26 17:40:25.568, NVIDIA L40S, 0 %, 40361 MiB, 46068 MiB, 90.50 W
2026/09/26 17:40:26.569, NVIDIA L40S, 0 %, 40361 MiB, 46068 MiB, 90.53 W
2026/09/26 17:40:27.569, NVIDIA L40S, 0 %, 40361 MiB, 46068 MiB, 90.38 W
2026/09/26 17:40:28.569, NVIDIA L40S, 0 %, 40361 MiB, 46068 MiB, 90.35 W
2026/09/26 17:40:29.570, NVIDIA L40S, 0 %, 40361 MiB, 46068 MiB, 90.56 W
2026/09/26 17:40:30.570, NVIDIA L40S, 0 %, 40361 MiB, 46068 MiB, 90.50 W
2026/09/26 17:40:31.570, NVIDIA L40S, 0 %, 40361 MiB, 46068 MiB, 90.43 W
2026/09/26 17:40:32.571, NVIDIA L40S, 0 %, 40361 MiB, 46068 MiB, 90.43 W
2026/09/26 17:40:33.572, NVIDIA L40S, 0 %, 40361 MiB, 46068 MiB, 90.40 W
2026/09/26 17:40:34.572, NVIDIA L40S, 0 %, 40361 MiB, 46068 MiB, 90.25 W
2026/09/26 17:40:35.572, NVIDIA L40S, 0 %, 40361 MiB, 46068 MiB, 90.25 W
2026/09/26 17:40:36.572, NVIDIA L40S, 0 %, 40361 MiB, 46068 MiB, 90.50 W
2026/09/26 17:40:37.573, NVIDIA L40S, 0 %, 40361 MiB, 46068 MiB, 90.22 W
2026/09/26 17:40:38.573, NVIDIA L40S, 0 %, 40361 MiB, 46068 MiB, 90.13 W
2026/09/26 17:40:39.574, NVIDIA L40S, 0 %, 40361 MiB, 46068 MiB, 90.52 W
2026/09/26 17:40:40.574, NVIDIA L40S, 0 %, 40361 MiB, 46068 MiB, 90.67 W
2026/09/26 17:40:41.574, NVIDIA L40S, 0 %, 40361 MiB, 46068 MiB, 90.49 W
2026/09/26 17:40:42.575, NVIDIA L40S, 0 %, 40361 MiB, 46068 MiB, 90.34 W
2026/09/26 17:40:43.575, NVIDIA L40S, 0 %, 40361 MiB, 46068 MiB, 90.22 W
2026/09/26 17:40:44.576, NVIDIA L40S, 0 %, 40361 MiB, 46068 MiB, 90.19 W
2026/09/26 17:40:45.576, NVIDIA L40S, 0 %, 40361 MiB, 46068 MiB, 90.23 W
2026/09/26 17:40:46.576, NVIDIA L40S, 0 %, 40361 MiB, 46068 MiB, 90.35 W
2026/09/26 17:40:47.576, NVIDIA L40S, 0 %, 40361 MiB, 46068 MiB, 90.46 W
2026/09/26 17:40:48.617, NVIDIA L40S, 0 %, 40361 MiB, 46068 MiB, 90.40 W
2026/09/26 17:40:49.617, NVIDIA L40S, 0 %, 40361 MiB, 46068 MiB, 90.34 W
2026/09/26 17:40:50.618, NVIDIA L40S, 0 %, 40361 MiB, 46068 MiB, 90.28 W
2026/09/26 17:40:51.618, NVIDIA L40S, 0 %, 40361 MiB, 46068 MiB, 90.38 W
2026/09/26 17:40:52.620, NVIDIA L40S, 0 %, 40361 MiB, 46068 MiB, 90.46 W
2026/09/26 17:40:53.621, NVIDIA L40S, 0 %, 40361 MiB, 46068 MiB, 90.49 W
2026/09/26 17:40:54.621, NVIDIA L40S, 0 %, 40361 MiB, 46068 MiB, 90.55 W
2026/09/26 17:40:55.621, NVIDIA L40S, 0 %, 40361 MiB, 46068 MiB, 90.43 W
2026/09/26 17:40:56.621, NVIDIA L40S, 0 %, 40361 MiB, 46068 MiB, 90.37 W
2026/09/26 17:40:57.622, NVIDIA L40S, 0 %, 40361 MiB, 46068 MiB, 90.40 W
2026/09/26 17:40:58.623, NVIDIA L40S, 0 %, 40361 MiB, 46068 MiB, 90.37 W
2026/09/26 17:40:59.624, NVIDIA L40S, 0 %, 40361 MiB, 46068 MiB, 90.34 W
2026/09/26 17:41:00.624, NVIDIA L40S, 0 %, 40361 MiB, 46068 MiB, 90.40 W
2026/09/26 17:41:01.624, NVIDIA L40S, 0 %, 40361 MiB, 46068 MiB, 90.43 W
2026/09/26 17:41:02.624, NVIDIA L40S, 0 %, 40361 MiB, 46068 MiB, 90.39 W
2026/09/26 17:41:03.626, NVIDIA L40S, 0 %, 40361 MiB, 46068 MiB, 90.34 W
2026/09/26 17:41:04.626, NVIDIA L40S, 0 %, 40361 MiB, 46068 MiB, 90.40 W
2026/09/26 17:41:05.626, NVIDIA L40S, 0 %, 40361 MiB, 46068 MiB, 90.38 W
2026/09/26 17:41:06.626, NVIDIA L40S, 0 %, 40361 MiB, 46068 MiB, 90.35 W
2026/09/26 17:41:07.627, NVIDIA L40S, 0 %, 40361 MiB, 46068 MiB, 90.44 W
2026/09/26 17:41:08.628, NVIDIA L40S, 0 %, 40361 MiB, 46068 MiB, 90.29 W
2026/09/26 17:41:09.628, NVIDIA L40S, 0 %, 40361 MiB, 46068 MiB, 90.41 W
2026/09/26 17:41:10.629, NVIDIA L40S, 0 %, 40361 MiB, 46068 MiB, 90.50 W
2026/09/26 17:41:11.629, NVIDIA L40S, 0 %, 40361 MiB, 46068 MiB, 90.47 W
2026/09/26 17:41:12.630, NVIDIA L40S, 0 %, 40361 MiB, 46068 MiB, 90.50 W
2026/09/26 17:41:13.630, NVIDIA L40S, 0 %, 40361 MiB, 46068 MiB, 90.37 W
2026/09/26 17:41:14.630, NVIDIA L40S, 0 %, 40361 MiB, 46068 MiB, 90.28 W
2026/09/26 17:41:15.630, NVIDIA L40S, 0 %, 40361 MiB, 46068 MiB, 90.35 W
2026/09/26 17:41:16.630, NVIDIA L40S, 0 %, 40361 MiB, 46068 MiB, 90.47 W
2026/09/26 17:41:17.631, NVIDIA L40S, 0 %, 40361 MiB, 46068 MiB, 90.50 W
2026/09/26 17:41:18.632, NVIDIA L40S, 0 %, 40361 MiB, 46068 MiB, 90.38 W
2026/09/26 17:41:19.633, NVIDIA L40S, 0 %, 40361 MiB, 46068 MiB, 90.25 W
2026/09/26 17:41:20.633, NVIDIA L40S, 0 %, 40361 MiB, 46068 MiB, 90.38 W
2026/09/26 17:41:21.633, NVIDIA L40S, 0 %, 40361 MiB, 46068 MiB, 90.38 W
2026/09/26 17:41:22.633, NVIDIA L40S, 0 %, 40361 MiB, 46068 MiB, 90.35 W
2026/09/26 17:41:23.634, NVIDIA L40S, 0 %, 40361 MiB, 46068 MiB, 90.32 W
2026/09/26 17:41:24.634, NVIDIA L40S, 0 %, 40361 MiB, 46068 MiB, 90.29 W
2026/09/26 17:41:25.634, NVIDIA L40S, 0 %, 40361 MiB, 46068 MiB, 90.44 W
2026/09/26 17:41:26.636, NVIDIA L40S, 0 %, 40361 MiB, 46068 MiB, 90.47 W
2026/09/26 17:41:27.636, NVIDIA L40S, 0 %, 40361 MiB, 46068 MiB, 90.35 W
2026/09/26 17:41:28.637, NVIDIA L40S, 0 %, 40361 MiB, 46068 MiB, 90.38 W
2026/09/26 17:41:29.637, NVIDIA L40S, 0 %, 40361 MiB, 46068 MiB, 90.41 W
2026/09/26 17:41:30.637, NVIDIA L40S, 0 %, 40361 MiB, 46068 MiB, 90.48 W
2026/09/26 17:41:31.639, NVIDIA L40S, 0 %, 40361 MiB, 46068 MiB, 90.60 W
2026/09/26 17:41:32.639, NVIDIA L40S, 0 %, 40361 MiB, 46068 MiB, 90.45 W
2026/09/26 17:41:33.640, NVIDIA L40S, 0 %, 40361 MiB, 46068 MiB, 90.51 W
2026/09/26 17:41:34.640, NVIDIA L40S, 0 %, 40361 MiB, 46068 MiB, 90.44 W
2026/09/26 17:41:35.640, NVIDIA L40S, 0 %, 40361 MiB, 46068 MiB, 90.32 W
2026/09/26 17:41:36.640, NVIDIA L40S, 0 %, 40361 MiB, 46068 MiB, 90.52 W
2026/09/26 17:41:37.640, NVIDIA L40S, 0 %, 40361 MiB, 46068 MiB, 90.67 W
2026/09/26 17:41:38.641, NVIDIA L40S, 0 %, 40361 MiB, 46068 MiB, 90.53 W
2026/09/26 17:41:39.642, NVIDIA L40S, 0 %, 40361 MiB, 46068 MiB, 90.40 W
2026/09/26 17:41:40.642, NVIDIA L40S, 0 %, 40361 MiB, 46068 MiB, 90.28 W
2026/09/26 17:41:41.643, NVIDIA L40S, 0 %, 40361 MiB, 46068 MiB, 90.19 W
2026/09/26 17:41:42.643, NVIDIA L40S, 0 %, 40361 MiB, 46068 MiB, 90.34 W
2026/09/26 17:41:43.643, NVIDIA L40S, 0 %, 40361 MiB, 46068 MiB, 90.43 W
2026/09/26 17:41:44.644, NVIDIA L40S, 0 %, 40361 MiB, 46068 MiB, 90.43 W
2026/09/26 17:41:45.645, NVIDIA L40S, 0 %, 40361 MiB, 46068 MiB, 90.33 W
2026/09/26 17:41:46.645, NVIDIA L40S, 0 %, 40361 MiB, 46068 MiB, 90.34 W
2026/09/26 17:41:47.645, NVIDIA L40S, 0 %, 40361 MiB, 46068 MiB, 90.34 W
2026/09/26 17:41:48.646, NVIDIA L40S, 0 %, 40361 MiB, 46068 MiB, 90.31 W
2026/09/26 17:41:49.646, NVIDIA L40S, 0 %, 40361 MiB, 46068 MiB, 90.31 W
2026/09/26 17:41:50.646, NVIDIA L40S, 0 %, 40361 MiB, 46068 MiB, 90.46 W
2026/09/26 17:41:51.648, NVIDIA L40S, 0 %, 40361 MiB, 46068 MiB, 90.46 W
2026/09/26 17:41:52.649, NVIDIA L40S, 0 %, 40361 MiB, 46068 MiB, 90.31 W
2026/09/26 17:41:53.649, NVIDIA L40S, 0 %, 40361 MiB, 46068 MiB, 90.43 W
2026/09/26 17:41:54.649, NVIDIA L40S, 0 %, 40361 MiB, 46068 MiB, 90.34 W
2026/09/26 17:41:55.650, NVIDIA L40S, 0 %, 40361 MiB, 46068 MiB, 90.34 W
2026/09/26 17:41:56.650, NVIDIA L40S, 0 %, 40361 MiB, 46068 MiB, 90.55 W
2026/09/26 17:41:57.650, NVIDIA L40S, 0 %, 40361 MiB, 46068 MiB, 90.31 W
2026/09/26 17:41:58.650, NVIDIA L40S, 0 %, 40361 MiB, 46068 MiB, 90.19 W
2026/09/26 17:41:59.651, NVIDIA L40S, 0 %, 40361 MiB, 46068 MiB, 90.34 W
2026/09/26 17:42:00.651, NVIDIA L40S, 0 %, 40361 MiB, 46068 MiB, 90.40 W
2026/09/26 17:42:01.651, NVIDIA L40S, 0 %, 40361 MiB, 46068 MiB, 90.62 W
2026/09/26 17:42:02.652, NVIDIA L40S, 0 %, 40361 MiB, 46068 MiB, 90.55 W
2026/09/26 17:42:03.653, NVIDIA L40S, 0 %, 40361 MiB, 46068 MiB, 90.46 W
2026/09/26 17:42:04.653, NVIDIA L40S, 0 %, 40361 MiB, 46068 MiB, 90.61 W
2026/09/26 17:42:05.653, NVIDIA L40S, 0 %, 40361 MiB, 46068 MiB, 90.58 W
2026/09/26 17:42:06.653, NVIDIA L40S, 0 %, 40361 MiB, 46068 MiB, 90.55 W
2026/09/26 17:42:07.654, NVIDIA L40S, 0 %, 40361 MiB, 46068 MiB, 90.55 W
2026/09/26 17:42:08.654, NVIDIA L40S, 0 %, 40361 MiB, 46068 MiB, 90.43 W
2026/09/26 17:42:09.655, NVIDIA L40S, 0 %, 40361 MiB, 46068 MiB, 90.31 W
2026/09/26 17:42:10.655, NVIDIA L40S, 0 %, 40361 MiB, 46068 MiB, 90.41 W
2026/09/26 17:42:11.655, NVIDIA L40S, 0 %, 40361 MiB, 46068 MiB, 90.40 W
2026/09/26 17:42:12.656, NVIDIA L40S, 0 %, 40361 MiB, 46068 MiB, 90.33 W
2026/09/26 17:42:13.656, NVIDIA L40S, 0 %, 40361 MiB, 46068 MiB, 90.52 W
2026/09/26 17:42:14.656, NVIDIA L40S, 0 %, 40361 MiB, 46068 MiB, 90.59 W
2026/09/26 17:42:15.658, NVIDIA L40S, 0 %, 40361 MiB, 46068 MiB, 90.38 W
2026/09/26 17:42:16.658, NVIDIA L40S, 0 %, 40361 MiB, 46068 MiB, 90.23 W
2026/09/26 17:42:17.658, NVIDIA L40S, 0 %, 40361 MiB, 46068 MiB, 90.29 W
2026/09/26 17:42:18.658, NVIDIA L40S, 0 %, 40361 MiB, 46068 MiB, 90.42 W
2026/09/26 17:42:19.659, NVIDIA L40S, 0 %, 40361 MiB, 46068 MiB, 90.29 W
2026/09/26 17:42:20.660, NVIDIA L40S, 0 %, 40361 MiB, 46068 MiB, 90.38 W
2026/09/26 17:42:21.661, NVIDIA L40S, 0 %, 40361 MiB, 46068 MiB, 90.53 W
2026/09/26 17:42:22.661, NVIDIA L40S, 0 %, 40361 MiB, 46068 MiB, 90.39 W
2026/09/26 17:42:23.661, NVIDIA L40S, 0 %, 40361 MiB, 46068 MiB, 90.51 W
2026/09/26 17:42:24.661, NVIDIA L40S, 0 %, 40361 MiB, 46068 MiB, 90.59 W
2026/09/26 17:42:25.661, NVIDIA L40S, 0 %, 40361 MiB, 46068 MiB, 90.59 W
2026/09/26 17:42:26.662, NVIDIA L40S, 0 %, 40361 MiB, 46068 MiB, 90.41 W
2026/09/26 17:42:27.662, NVIDIA L40S, 0 %, 40361 MiB, 46068 MiB, 90.17 W
2026/09/26 17:42:28.662, NVIDIA L40S, 0 %, 40361 MiB, 46068 MiB, 90.17 W
2026/09/26 17:42:29.665, NVIDIA L40S, 0 %, 40361 MiB, 46068 MiB, 90.39 W
2026/09/26 17:42:30.665, NVIDIA L40S, 0 %, 40361 MiB, 46068 MiB, 90.51 W
2026/09/26 17:42:31.666, NVIDIA L40S, 0 %, 40361 MiB, 46068 MiB, 90.45 W
2026/09/26 17:42:32.666, NVIDIA L40S, 0 %, 40361 MiB, 46068 MiB, 90.45 W
2026/09/26 17:42:33.668, NVIDIA L40S, 0 %, 40361 MiB, 46068 MiB, 90.36 W
2026/09/26 17:42:34.668, NVIDIA L40S, 0 %, 40361 MiB, 46068 MiB, 90.35 W
2026/09/26 17:42:35.669, NVIDIA L40S, 0 %, 40361 MiB, 46068 MiB, 90.38 W
2026/09/26 17:42:36.669, NVIDIA L40S, 0 %, 40361 MiB, 46068 MiB, 90.38 W
2026/09/26 17:42:37.669, NVIDIA L40S, 0 %, 40361 MiB, 46068 MiB, 90.47 W
2026/09/26 17:42:38.671, NVIDIA L40S, 0 %, 40361 MiB, 46068 MiB, 90.53 W
2026/09/26 17:42:39.671, NVIDIA L40S, 0 %, 40361 MiB, 46068 MiB, 90.38 W
2026/09/26 17:42:40.671, NVIDIA L40S, 0 %, 40361 MiB, 46068 MiB, 90.23 W
2026/09/26 17:42:41.671, NVIDIA L40S, 0 %, 40361 MiB, 46068 MiB, 90.35 W
2026/09/26 17:42:42.672, NVIDIA L40S, 0 %, 40361 MiB, 46068 MiB, 90.56 W
2026/09/26 17:42:43.672, NVIDIA L40S, 0 %, 40361 MiB, 46068 MiB, 90.44 W
2026/09/26 17:42:44.672, NVIDIA L40S, 0 %, 40361 MiB, 46068 MiB, 90.47 W
2026/09/26 17:42:45.674, NVIDIA L40S, 0 %, 40361 MiB, 46068 MiB, 90.50 W
2026/09/26 17:42:46.674, NVIDIA L40S, 0 %, 40361 MiB, 46068 MiB, 90.46 W
2026/09/26 17:42:47.674, NVIDIA L40S, 0 %, 40361 MiB, 46068 MiB, 90.51 W
2026/09/26 17:42:48.683, NVIDIA L40S, 0 %, 40361 MiB, 46068 MiB, 90.55 W
2026/09/26 17:42:49.684, NVIDIA L40S, 0 %, 40361 MiB, 46068 MiB, 90.71 W
2026/09/26 17:42:50.684, NVIDIA L40S, 0 %, 40361 MiB, 46068 MiB, 90.50 W
2026/09/26 17:42:51.684, NVIDIA L40S, 0 %, 40361 MiB, 46068 MiB, 90.28 W
2026/09/26 17:42:52.686, NVIDIA L40S, 0 %, 40361 MiB, 46068 MiB, 90.34 W
2026/09/26 17:42:53.689, NVIDIA L40S, 0 %, 40361 MiB, 46068 MiB, 90.39 W
2026/09/26 17:42:54.689, NVIDIA L40S, 0 %, 40361 MiB, 46068 MiB, 90.36 W
2026/09/26 17:42:55.690, NVIDIA L40S, 0 %, 40361 MiB, 46068 MiB, 90.33 W
2026/09/26 17:42:56.690, NVIDIA L40S, 0 %, 40361 MiB, 46068 MiB, 90.39 W
2026/09/26 17:42:57.690, NVIDIA L40S, 0 %, 40361 MiB, 46068 MiB, 90.39 W
2026/09/26 17:42:58.691, NVIDIA L40S, 0 %, 40361 MiB, 46068 MiB, 90.36 W
2026/09/26 17:42:59.691, NVIDIA L40S, 0 %, 40361 MiB, 46068 MiB, 90.34 W
2026/09/26 17:43:00.692, NVIDIA L40S, 0 %, 40361 MiB, 46068 MiB, 90.25 W
2026/09/26 17:43:01.692, NVIDIA L40S, 0 %, 40361 MiB, 46068 MiB, 90.35 W
2026/09/26 17:43:02.693, NVIDIA L40S, 0 %, 40361 MiB, 46068 MiB, 90.53 W
2026/09/26 17:43:03.693, NVIDIA L40S, 0 %, 40361 MiB, 46068 MiB, 90.62 W
2026/09/26 17:43:04.693, NVIDIA L40S, 0 %, 40361 MiB, 46068 MiB, 90.39 W
2026/09/26 17:43:05.694, NVIDIA L40S, 0 %, 40361 MiB, 46068 MiB, 90.36 W
2026/09/26 17:43:06.696, NVIDIA L40S, 0 %, 40361 MiB, 46068 MiB, 90.56 W
2026/09/26 17:43:07.696, NVIDIA L40S, 0 %, 40361 MiB, 46068 MiB, 90.50 W
2026/09/26 17:43:08.696, NVIDIA L40S, 0 %, 40361 MiB, 46068 MiB, 90.35 W
2026/09/26 17:43:09.697, NVIDIA L40S, 0 %, 40361 MiB, 46068 MiB, 90.26 W
2026/09/26 17:43:10.697, NVIDIA L40S, 0 %, 40361 MiB, 46068 MiB, 90.33 W
2026/09/26 17:43:11.698, NVIDIA L40S, 0 %, 40361 MiB, 46068 MiB, 90.62 W
2026/09/26 17:43:12.698, NVIDIA L40S, 0 %, 40361 MiB, 46068 MiB, 90.56 W
2026/09/26 17:43:13.698, NVIDIA L40S, 0 %, 40361 MiB, 46068 MiB, 90.29 W
2026/09/26 17:43:14.698, NVIDIA L40S, 0 %, 40361 MiB, 46068 MiB, 90.29 W
2026/09/26 17:43:15.700, NVIDIA L40S, 0 %, 40361 MiB, 46068 MiB, 90.32 W
2026/09/26 17:43:16.701, NVIDIA L40S, 0 %, 40361 MiB, 46068 MiB, 90.35 W
2026/09/26 17:43:17.701, NVIDIA L40S, 0 %, 40361 MiB, 46068 MiB, 90.44 W
2026/09/26 17:43:18.701, NVIDIA L40S, 0 %, 40361 MiB, 46068 MiB, 90.53 W
2026/09/26 17:43:19.701, NVIDIA L40S, 0 %, 40361 MiB, 46068 MiB, 90.41 W
2026/09/26 17:43:20.702, NVIDIA L40S, 0 %, 40361 MiB, 46068 MiB, 90.29 W
2026/09/26 17:43:21.702, NVIDIA L40S, 0 %, 40361 MiB, 46068 MiB, 90.14 W
2026/09/26 17:43:22.703, NVIDIA L40S, 0 %, 40361 MiB, 46068 MiB, 90.23 W
2026/09/26 17:43:23.703, NVIDIA L40S, 0 %, 40361 MiB, 46068 MiB, 90.41 W
2026/09/26 17:43:24.704, NVIDIA L40S, 0 %, 40361 MiB, 46068 MiB, 90.35 W
2026/09/26 17:43:25.704, NVIDIA L40S, 0 %, 40361 MiB, 46068 MiB, 90.28 W
2026/09/26 17:43:26.705, NVIDIA L40S, 0 %, 40361 MiB, 46068 MiB, 90.19 W
2026/09/26 17:43:27.705, NVIDIA L40S, 0 %, 40361 MiB, 46068 MiB, 90.20 W
2026/09/26 17:43:28.705, NVIDIA L40S, 0 %, 40361 MiB, 46068 MiB, 90.25 W
2026/09/26 17:43:29.706, NVIDIA L40S, 0 %, 40361 MiB, 46068 MiB, 90.25 W
2026/09/26 17:43:30.706, NVIDIA L40S, 0 %, 40361 MiB, 46068 MiB, 90.28 W
2026/09/26 17:43:31.706, NVIDIA L40S, 0 %, 40361 MiB, 46068 MiB, 90.28 W
2026/09/26 17:43:32.707, NVIDIA L40S, 0 %, 40361 MiB, 46068 MiB, 90.31 W
2026/09/26 17:43:33.707, NVIDIA L40S, 0 %, 40361 MiB, 46068 MiB, 90.46 W
2026/09/26 17:43:34.707, NVIDIA L40S, 0 %, 40361 MiB, 46068 MiB, 90.43 W
2026/09/26 17:43:35.708, NVIDIA L40S, 0 %, 40361 MiB, 46068 MiB, 90.28 W
2026/09/26 17:43:36.708, NVIDIA L40S, 0 %, 40361 MiB, 46068 MiB, 90.43 W
2026/09/26 17:43:37.708, NVIDIA L40S, 0 %, 40361 MiB, 46068 MiB, 90.61 W
2026/09/26 17:43:38.709, NVIDIA L40S, 0 %, 40361 MiB, 46068 MiB, 90.43 W
2026/09/26 17:43:39.709, NVIDIA L40S, 0 %, 40361 MiB, 46068 MiB, 90.16 W
2026/09/26 17:43:40.709, NVIDIA L40S, 0 %, 40361 MiB, 46068 MiB, 90.19 W
2026/09/26 17:43:41.710, NVIDIA L40S, 0 %, 40361 MiB, 46068 MiB, 90.25 W
2026/09/26 17:43:42.710, NVIDIA L40S, 0 %, 40361 MiB, 46068 MiB, 90.28 W
2026/09/26 17:43:43.710, NVIDIA L40S, 0 %, 40361 MiB, 46068 MiB, 90.34 W
2026/09/26 17:43:44.711, NVIDIA L40S, 0 %, 40361 MiB, 46068 MiB, 90.40 W
2026/09/26 17:43:45.711, NVIDIA L40S, 0 %, 40361 MiB, 46068 MiB, 90.35 W
2026/09/26 17:43:46.712, NVIDIA L40S, 0 %, 40361 MiB, 46068 MiB, 90.38 W
2026/09/26 17:43:47.712, NVIDIA L40S, 0 %, 40361 MiB, 46068 MiB, 90.40 W
2026/09/26 17:43:48.712, NVIDIA L40S, 0 %, 40361 MiB, 46068 MiB, 90.28 W
2026/09/26 17:43:49.713, NVIDIA L40S, 0 %, 40361 MiB, 46068 MiB, 90.19 W
2026/09/26 17:43:50.714, NVIDIA L40S, 0 %, 40361 MiB, 46068 MiB, 90.21 W
2026/09/26 17:43:51.714, NVIDIA L40S, 0 %, 40361 MiB, 46068 MiB, 90.31 W
2026/09/26 17:43:52.714, NVIDIA L40S, 0 %, 40361 MiB, 46068 MiB, 90.40 W
2026/09/26 17:43:53.715, NVIDIA L40S, 0 %, 40361 MiB, 46068 MiB, 90.40 W
2026/09/26 17:43:54.715, NVIDIA L40S, 0 %, 40361 MiB, 46068 MiB, 90.19 W
2026/09/26 17:43:55.715, NVIDIA L40S, 0 %, 40361 MiB, 46068 MiB, 90.19 W
2026/09/26 17:43:56.716, NVIDIA L40S, 0 %, 40361 MiB, 46068 MiB, 90.25 W
2026/09/26 17:43:57.717, NVIDIA L40S, 0 %, 40361 MiB, 46068 MiB, 90.16 W
2026/09/26 17:43:58.717, NVIDIA L40S, 0 %, 40361 MiB, 46068 MiB, 90.24 W
2026/09/26 17:43:59.717, NVIDIA L40S, 0 %, 40361 MiB, 46068 MiB, 90.33 W
2026/09/26 17:44:00.718, NVIDIA L40S, 0 %, 40361 MiB, 46068 MiB, 90.31 W
2026/09/26 17:44:01.719, NVIDIA L40S, 0 %, 40361 MiB, 46068 MiB, 90.37 W
2026/09/26 17:44:02.719, NVIDIA L40S, 0 %, 40361 MiB, 46068 MiB, 90.37 W
2026/09/26 17:44:03.720, NVIDIA L40S, 0 %, 40361 MiB, 46068 MiB, 90.25 W
2026/09/26 17:44:04.720, NVIDIA L40S, 0 %, 40361 MiB, 46068 MiB, 90.20 W
2026/09/26 17:44:05.720, NVIDIA L40S, 0 %, 40361 MiB, 46068 MiB, 90.14 W
2026/09/26 17:44:06.721, NVIDIA L40S, 0 %, 40361 MiB, 46068 MiB, 90.23 W
2026/09/26 17:44:07.721, NVIDIA L40S, 0 %, 40361 MiB, 46068 MiB, 90.39 W
2026/09/26 17:44:08.721, NVIDIA L40S, 0 %, 40361 MiB, 46068 MiB, 90.41 W
2026/09/26 17:44:09.722, NVIDIA L40S, 0 %, 40361 MiB, 46068 MiB, 90.32 W
2026/09/26 17:44:10.722, NVIDIA L40S, 0 %, 40361 MiB, 46068 MiB, 90.17 W
2026/09/26 17:44:11.722, NVIDIA L40S, 0 %, 40361 MiB, 46068 MiB, 90.29 W
2026/09/26 17:44:12.723, NVIDIA L40S, 0 %, 40361 MiB, 46068 MiB, 90.32 W
2026/09/26 17:44:13.723, NVIDIA L40S, 0 %, 40361 MiB, 46068 MiB, 90.17 W
2026/09/26 17:44:14.723, NVIDIA L40S, 0 %, 40361 MiB, 46068 MiB, 90.26 W
2026/09/26 17:44:15.724, NVIDIA L40S, 0 %, 40361 MiB, 46068 MiB, 90.36 W
2026/09/26 17:44:16.724, NVIDIA L40S, 0 %, 40361 MiB, 46068 MiB, 90.38 W
2026/09/26 17:44:17.725, NVIDIA L40S, 0 %, 40361 MiB, 46068 MiB, 90.29 W
2026/09/26 17:44:18.725, NVIDIA L40S, 0 %, 40361 MiB, 46068 MiB, 90.14 W
2026/09/26 17:44:19.726, NVIDIA L40S, 0 %, 40361 MiB, 46068 MiB, 90.29 W
2026/09/26 17:44:20.726, NVIDIA L40S, 0 %, 40361 MiB, 46068 MiB, 90.32 W
2026/09/26 17:44:21.726, NVIDIA L40S, 0 %, 40361 MiB, 46068 MiB, 90.47 W
2026/09/26 17:44:22.727, NVIDIA L40S, 0 %, 40361 MiB, 46068 MiB, 90.44 W
2026/09/26 17:44:23.727, NVIDIA L40S, 0 %, 40361 MiB, 46068 MiB, 90.05 W
2026/09/26 17:44:24.729, NVIDIA L40S, 0 %, 40361 MiB, 46068 MiB, 90.05 W
2026/09/26 17:44:25.729, NVIDIA L40S, 0 %, 40361 MiB, 46068 MiB, 90.20 W
2026/09/26 17:44:26.730, NVIDIA L40S, 0 %, 40361 MiB, 46068 MiB, 90.47 W
2026/09/26 17:44:27.730, NVIDIA L40S, 0 %, 40361 MiB, 46068 MiB, 90.71 W
2026/09/26 17:44:28.730, NVIDIA L40S, 0 %, 40361 MiB, 46068 MiB, 90.44 W
2026/09/26 17:44:29.731, NVIDIA L40S, 0 %, 40361 MiB, 46068 MiB, 90.29 W
2026/09/26 17:44:30.732, NVIDIA L40S, 0 %, 40361 MiB, 46068 MiB, 90.40 W
2026/09/26 17:44:31.732, NVIDIA L40S, 0 %, 40361 MiB, 46068 MiB, 90.43 W
2026/09/26 17:44:32.732, NVIDIA L40S, 0 %, 40361 MiB, 46068 MiB, 90.44 W
2026/09/26 17:44:33.733, NVIDIA L40S, 0 %, 40361 MiB, 46068 MiB, 90.44 W
2026/09/26 17:44:34.734, NVIDIA L40S, 0 %, 40361 MiB, 46068 MiB, 90.40 W
2026/09/26 17:44:35.734, NVIDIA L40S, 0 %, 40361 MiB, 46068 MiB, 90.28 W
2026/09/26 17:44:36.734, NVIDIA L40S, 0 %, 40361 MiB, 46068 MiB, 90.25 W
2026/09/26 17:44:37.735, NVIDIA L40S, 0 %, 40361 MiB, 46068 MiB, 90.31 W
2026/09/26 17:44:38.735, NVIDIA L40S, 0 %, 40361 MiB, 46068 MiB, 90.26 W
2026/09/26 17:44:39.736, NVIDIA L40S, 0 %, 40361 MiB, 46068 MiB, 90.32 W
2026/09/26 17:44:40.736, NVIDIA L40S, 0 %, 40361 MiB, 46068 MiB, 90.50 W
2026/09/26 17:44:41.736, NVIDIA L40S, 0 %, 40361 MiB, 46068 MiB, 90.40 W
2026/09/26 17:44:42.740, NVIDIA L40S, 0 %, 40361 MiB, 46068 MiB, 90.34 W
2026/09/26 17:44:43.740, NVIDIA L40S, 0 %, 40361 MiB, 46068 MiB, 90.37 W
2026/09/26 17:44:44.742, NVIDIA L40S, 0 %, 40361 MiB, 46068 MiB, 90.34 W
2026/09/26 17:44:45.742, NVIDIA L40S, 0 %, 40361 MiB, 46068 MiB, 90.31 W
2026/09/26 17:44:46.743, NVIDIA L40S, 0 %, 40361 MiB, 46068 MiB, 90.35 W
2026/09/26 17:44:47.743, NVIDIA L40S, 0 %, 40361 MiB, 46068 MiB, 90.44 W
2026/09/26 17:44:48.743, NVIDIA L40S, 0 %, 40361 MiB, 46068 MiB, 90.25 W
2026/09/26 17:44:49.744, NVIDIA L40S, 0 %, 40361 MiB, 46068 MiB, 90.25 W
2026/09/26 17:44:50.744, NVIDIA L40S, 0 %, 40361 MiB, 46068 MiB, 90.43 W
2026/09/26 17:44:51.745, NVIDIA L40S, 0 %, 40361 MiB, 46068 MiB, 90.40 W
2026/09/26 17:44:52.745, NVIDIA L40S, 0 %, 40361 MiB, 46068 MiB, 90.32 W
2026/09/26 17:44:53.750, NVIDIA L40S, 0 %, 40361 MiB, 46068 MiB, 90.10 W
2026/09/26 17:44:54.750, NVIDIA L40S, 0 %, 40361 MiB, 46068 MiB, 90.13 W
2026/09/26 17:44:55.753, NVIDIA L40S, 0 %, 40361 MiB, 46068 MiB, 90.40 W
2026/09/26 17:44:56.753, NVIDIA L40S, 0 %, 40361 MiB, 46068 MiB, 90.43 W
2026/09/26 17:44:57.754, NVIDIA L40S, 0 %, 40361 MiB, 46068 MiB, 90.35 W
2026/09/26 17:44:58.754, NVIDIA L40S, 0 %, 40361 MiB, 46068 MiB, 90.38 W
2026/09/26 17:44:59.754, NVIDIA L40S, 0 %, 40361 MiB, 46068 MiB, 90.41 W
2026/09/26 17:45:00.755, NVIDIA L40S, 0 %, 40361 MiB, 46068 MiB, 90.35 W
2026/09/26 17:45:01.755, NVIDIA L40S, 0 %, 40361 MiB, 46068 MiB, 90.38 W
2026/09/26 17:45:02.756, NVIDIA L40S, 0 %, 40361 MiB, 46068 MiB, 90.25 W
2026/09/26 17:45:03.756, NVIDIA L40S, 0 %, 40361 MiB, 46068 MiB, 90.04 W
2026/09/26 17:45:04.756, NVIDIA L40S, 0 %, 40361 MiB, 46068 MiB, 90.16 W
2026/09/26 17:45:05.757, NVIDIA L40S, 0 %, 40361 MiB, 46068 MiB, 90.41 W
2026/09/26 17:45:06.759, NVIDIA L40S, 0 %, 40361 MiB, 46068 MiB, 90.55 W
2026/09/26 17:45:07.761, NVIDIA L40S, 0 %, 40792 MiB, 46068 MiB, 91.05 W
2026/09/26 17:45:08.762, NVIDIA L40S, 0 %, 40361 MiB, 46068 MiB, 90.95 W
2026/09/26 17:45:09.762, NVIDIA L40S, 0 %, 40361 MiB, 46068 MiB, 90.79 W
2026/09/26 17:45:10.764, NVIDIA L40S, 0 %, 40361 MiB, 46068 MiB, 90.44 W
2026/09/26 17:45:11.765, NVIDIA L40S, 0 %, 40361 MiB, 46068 MiB, 90.41 W
2026/09/26 17:45:12.765, NVIDIA L40S, 0 %, 40361 MiB, 46068 MiB, 90.39 W
2026/09/26 17:45:13.766, NVIDIA L40S, 0 %, 40361 MiB, 46068 MiB, 90.41 W
2026/09/26 17:45:14.766, NVIDIA L40S, 0 %, 40361 MiB, 46068 MiB, 90.35 W
2026/09/26 17:45:15.767, NVIDIA L40S, 0 %, 40361 MiB, 46068 MiB, 90.23 W
2026/09/26 17:45:16.767, NVIDIA L40S, 0 %, 40361 MiB, 46068 MiB, 90.23 W
2026/09/26 17:45:17.767, NVIDIA L40S, 0 %, 40361 MiB, 46068 MiB, 90.41 W
2026/09/26 17:45:18.768, NVIDIA L40S, 0 %, 40361 MiB, 46068 MiB, 90.60 W
2026/09/26 17:45:19.768, NVIDIA L40S, 0 %, 40361 MiB, 46068 MiB, 90.47 W
2026/09/26 17:45:20.769, NVIDIA L40S, 0 %, 40361 MiB, 46068 MiB, 90.36 W
2026/09/26 17:45:21.770, NVIDIA L40S, 0 %, 40361 MiB, 46068 MiB, 90.26 W
2026/09/26 17:45:22.770, NVIDIA L40S, 0 %, 40361 MiB, 46068 MiB, 90.29 W
2026/09/26 17:45:23.770, NVIDIA L40S, 0 %, 40361 MiB, 46068 MiB, 90.50 W
2026/09/26 17:45:24.784, NVIDIA L40S, 0 %, 40361 MiB, 46068 MiB, 90.43 W
2026/09/26 17:45:25.785, NVIDIA L40S, 0 %, 40361 MiB, 46068 MiB, 90.37 W
2026/09/26 17:45:26.785, NVIDIA L40S, 0 %, 40361 MiB, 46068 MiB, 90.35 W
2026/09/26 17:45:27.785, NVIDIA L40S, 0 %, 40361 MiB, 46068 MiB, 90.35 W
2026/09/26 17:45:28.786, NVIDIA L40S, 0 %, 40361 MiB, 46068 MiB, 90.44 W
2026/09/26 17:45:29.786, NVIDIA L40S, 0 %, 40361 MiB, 46068 MiB, 90.35 W
2026/09/26 17:45:30.786, NVIDIA L40S, 0 %, 40361 MiB, 46068 MiB, 90.35 W
2026/09/26 17:45:31.787, NVIDIA L40S, 0 %, 40361 MiB, 46068 MiB, 90.47 W
2026/09/26 17:45:32.787, NVIDIA L40S, 0 %, 40361 MiB, 46068 MiB, 90.59 W
2026/09/26 17:45:33.787, NVIDIA L40S, 0 %, 40361 MiB, 46068 MiB, 90.71 W
2026/09/26 17:45:34.788, NVIDIA L40S, 0 %, 40361 MiB, 46068 MiB, 90.56 W
2026/09/26 17:45:35.788, NVIDIA L40S, 0 %, 40361 MiB, 46068 MiB, 90.44 W
2026/09/26 17:45:36.789, NVIDIA L40S, 0 %, 40361 MiB, 46068 MiB, 90.38 W
2026/09/26 17:45:37.789, NVIDIA L40S, 0 %, 40361 MiB, 46068 MiB, 90.31 W
2026/09/26 17:45:38.789, NVIDIA L40S, 0 %, 40361 MiB, 46068 MiB, 90.46 W
2026/09/26 17:45:39.790, NVIDIA L40S, 0 %, 40361 MiB, 46068 MiB, 90.40 W
2026/09/26 17:45:40.790, NVIDIA L40S, 0 %, 40361 MiB, 46068 MiB, 90.16 W
2026/09/26 17:45:41.791, NVIDIA L40S, 0 %, 40361 MiB, 46068 MiB, 90.16 W
2026/09/26 17:45:42.792, NVIDIA L40S, 0 %, 40361 MiB, 46068 MiB, 90.31 W
2026/09/26 17:45:43.792, NVIDIA L40S, 0 %, 40361 MiB, 46068 MiB, 90.43 W
2026/09/26 17:45:44.795, NVIDIA L40S, 0 %, 40361 MiB, 46068 MiB, 90.43 W
2026/09/26 17:45:45.795, NVIDIA L40S, 0 %, 40361 MiB, 46068 MiB, 90.16 W
2026/09/26 17:45:46.796, NVIDIA L40S, 0 %, 40361 MiB, 46068 MiB, 90.04 W
2026/09/26 17:45:47.802, NVIDIA L40S, 0 %, 40361 MiB, 46068 MiB, 90.31 W
2026/09/26 17:45:48.805, NVIDIA L40S, 0 %, 40361 MiB, 46068 MiB, 90.43 W
2026/09/26 17:45:49.805, NVIDIA L40S, 0 %, 40361 MiB, 46068 MiB, 90.34 W
2026/09/26 17:45:50.805, NVIDIA L40S, 0 %, 40361 MiB, 46068 MiB, 90.46 W
2026/09/26 17:45:51.806, NVIDIA L40S, 0 %, 40361 MiB, 46068 MiB, 90.46 W
2026/09/26 17:45:52.807, NVIDIA L40S, 0 %, 40361 MiB, 46068 MiB, 90.34 W
2026/09/26 17:45:53.810, NVIDIA L40S, 0 %, 40361 MiB, 46068 MiB, 90.37 W
2026/09/26 17:45:54.812, NVIDIA L40S, 0 %, 40361 MiB, 46068 MiB, 90.43 W
2026/09/26 17:45:55.812, NVIDIA L40S, 0 %, 40361 MiB, 46068 MiB, 90.40 W
2026/09/26 17:45:56.812, NVIDIA L40S, 0 %, 40361 MiB, 46068 MiB, 90.32 W
2026/09/26 17:45:57.813, NVIDIA L40S, 0 %, 40361 MiB, 46068 MiB, 90.62 W
2026/09/26 17:45:58.815, NVIDIA L40S, 0 %, 40361 MiB, 46068 MiB, 91.01 W
2026/09/26 17:45:59.816, NVIDIA L40S, 0 %, 40361 MiB, 46068 MiB, 90.65 W
2026/09/26 17:46:00.816, NVIDIA L40S, 0 %, 40361 MiB, 46068 MiB, 90.35 W
2026/09/26 17:46:01.816, NVIDIA L40S, 0 %, 40361 MiB, 46068 MiB, 90.47 W
2026/09/26 17:46:02.817, NVIDIA L40S, 0 %, 40361 MiB, 46068 MiB, 90.44 W
2026/09/26 17:46:03.819, NVIDIA L40S, 0 %, 40361 MiB, 46068 MiB, 90.37 W
2026/09/26 17:46:04.819, NVIDIA L40S, 0 %, 40361 MiB, 46068 MiB, 90.10 W
2026/09/26 17:46:05.819, NVIDIA L40S, 0 %, 40361 MiB, 46068 MiB, 90.29 W
2026/09/26 17:46:06.819, NVIDIA L40S, 0 %, 40361 MiB, 46068 MiB, 90.71 W
2026/09/26 17:46:07.821, NVIDIA L40S, 0 %, 40361 MiB, 46068 MiB, 90.59 W
2026/09/26 17:46:08.821, NVIDIA L40S, 0 %, 40361 MiB, 46068 MiB, 90.56 W
2026/09/26 17:46:09.822, NVIDIA L40S, 0 %, 40361 MiB, 46068 MiB, 90.40 W
2026/09/26 17:46:10.822, NVIDIA L40S, 0 %, 40361 MiB, 46068 MiB, 90.26 W
2026/09/26 17:46:11.823, NVIDIA L40S, 0 %, 40361 MiB, 46068 MiB, 90.38 W
2026/09/26 17:46:12.823, NVIDIA L40S, 0 %, 40361 MiB, 46068 MiB, 90.44 W
2026/09/26 17:46:13.823, NVIDIA L40S, 0 %, 40361 MiB, 46068 MiB, 90.48 W
2026/09/26 17:46:14.824, NVIDIA L40S, 0 %, 40361 MiB, 46068 MiB, 90.41 W
2026/09/26 17:46:15.824, NVIDIA L40S, 0 %, 40361 MiB, 46068 MiB, 90.44 W
2026/09/26 17:46:16.825, NVIDIA L40S, 0 %, 40361 MiB, 46068 MiB, 90.47 W
2026/09/26 17:46:17.825, NVIDIA L40S, 0 %, 40361 MiB, 46068 MiB, 90.47 W
2026/09/26 17:46:18.825, NVIDIA L40S, 0 %, 40361 MiB, 46068 MiB, 90.47 W
2026/09/26 17:46:19.826, NVIDIA L40S, 0 %, 40361 MiB, 46068 MiB, 90.29 W
2026/09/26 17:46:20.826, NVIDIA L40S, 0 %, 40361 MiB, 46068 MiB, 90.23 W
2026/09/26 17:46:21.826, NVIDIA L40S, 0 %, 40361 MiB, 46068 MiB, 90.36 W
2026/09/26 17:46:22.827, NVIDIA L40S, 0 %, 40361 MiB, 46068 MiB, 90.37 W
2026/09/26 17:46:23.827, NVIDIA L40S, 0 %, 40361 MiB, 46068 MiB, 90.27 W
2026/09/26 17:46:24.828, NVIDIA L40S, 0 %, 40361 MiB, 46068 MiB, 90.36 W
2026/09/26 17:46:25.828, NVIDIA L40S, 0 %, 40361 MiB, 46068 MiB, 90.39 W
2026/09/26 17:46:26.829, NVIDIA L40S, 0 %, 40361 MiB, 46068 MiB, 90.37 W
2026/09/26 17:46:27.829, NVIDIA L40S, 0 %, 40361 MiB, 46068 MiB, 90.51 W
2026/09/26 17:46:28.829, NVIDIA L40S, 0 %, 40361 MiB, 46068 MiB, 90.39 W
2026/09/26 17:46:29.830, NVIDIA L40S, 0 %, 40361 MiB, 46068 MiB, 90.24 W
2026/09/26 17:46:30.830, NVIDIA L40S, 0 %, 40361 MiB, 46068 MiB, 90.21 W
2026/09/26 17:46:31.830, NVIDIA L40S, 0 %, 40361 MiB, 46068 MiB, 90.30 W
2026/09/26 17:46:32.831, NVIDIA L40S, 0 %, 40361 MiB, 46068 MiB, 90.32 W
2026/09/26 17:46:33.831, NVIDIA L40S, 0 %, 40361 MiB, 46068 MiB, 90.27 W
2026/09/26 17:46:34.831, NVIDIA L40S, 0 %, 40361 MiB, 46068 MiB, 90.27 W
2026/09/26 17:46:35.831, NVIDIA L40S, 0 %, 40361 MiB, 46068 MiB, 90.24 W
2026/09/26 17:46:36.832, NVIDIA L40S, 0 %, 40361 MiB, 46068 MiB, 90.34 W
2026/09/26 17:46:37.832, NVIDIA L40S, 0 %, 40361 MiB, 46068 MiB, 90.37 W
2026/09/26 17:46:38.832, NVIDIA L40S, 0 %, 40361 MiB, 46068 MiB, 90.40 W
2026/09/26 17:46:39.833, NVIDIA L40S, 0 %, 40361 MiB, 46068 MiB, 90.42 W
2026/09/26 17:46:40.833, NVIDIA L40S, 0 %, 40361 MiB, 46068 MiB, 90.42 W
2026/09/26 17:46:41.834, NVIDIA L40S, 0 %, 40361 MiB, 46068 MiB, 90.27 W
2026/09/26 17:46:42.834, NVIDIA L40S, 0 %, 40361 MiB, 46068 MiB, 90.27 W
2026/09/26 17:46:43.834, NVIDIA L40S, 0 %, 40361 MiB, 46068 MiB, 90.46 W
2026/09/26 17:46:44.834, NVIDIA L40S, 0 %, 40361 MiB, 46068 MiB, 90.28 W
2026/09/26 17:46:45.835, NVIDIA L40S, 0 %, 40361 MiB, 46068 MiB, 90.34 W
2026/09/26 17:46:46.835, NVIDIA L40S, 0 %, 40361 MiB, 46068 MiB, 90.52 W
2026/09/26 17:46:47.835, NVIDIA L40S, 0 %, 40361 MiB, 46068 MiB, 90.35 W
2026/09/26 17:46:48.835, NVIDIA L40S, 0 %, 40361 MiB, 46068 MiB, 90.28 W
2026/09/26 17:46:49.836, NVIDIA L40S, 0 %, 40361 MiB, 46068 MiB, 90.40 W
2026/09/26 17:46:50.836, NVIDIA L40S, 0 %, 40361 MiB, 46068 MiB, 90.68 W
2026/09/26 17:46:51.838, NVIDIA L40S, 0 %, 40361 MiB, 46068 MiB, 90.47 W
2026/09/26 17:46:52.838, NVIDIA L40S, 0 %, 40361 MiB, 46068 MiB, 90.33 W
2026/09/26 17:46:53.838, NVIDIA L40S, 0 %, 40361 MiB, 46068 MiB, 90.36 W
2026/09/26 17:46:54.839, NVIDIA L40S, 0 %, 40361 MiB, 46068 MiB, 90.35 W
2026/09/26 17:46:55.839, NVIDIA L40S, 0 %, 40361 MiB, 46068 MiB, 90.52 W
2026/09/26 17:46:56.841, NVIDIA L40S, 0 %, 40361 MiB, 46068 MiB, 90.32 W
2026/09/26 17:46:57.845, NVIDIA L40S, 0 %, 40361 MiB, 46068 MiB, 90.17 W
2026/09/26 17:46:58.845, NVIDIA L40S, 0 %, 40361 MiB, 46068 MiB, 90.29 W
2026/09/26 17:46:59.847, NVIDIA L40S, 0 %, 40361 MiB, 46068 MiB, 90.42 W
2026/09/26 17:47:00.847, NVIDIA L40S, 0 %, 40361 MiB, 46068 MiB, 90.54 W
2026/09/26 17:47:01.847, NVIDIA L40S, 0 %, 40361 MiB, 46068 MiB, 90.53 W
2026/09/26 17:47:02.848, NVIDIA L40S, 0 %, 40361 MiB, 46068 MiB, 90.11 W
2026/09/26 17:47:03.848, NVIDIA L40S, 0 %, 40361 MiB, 46068 MiB, 90.02 W
2026/09/26 17:47:04.848, NVIDIA L40S, 0 %, 40361 MiB, 46068 MiB, 90.25 W
2026/09/26 17:47:05.849, NVIDIA L40S, 0 %, 40361 MiB, 46068 MiB, 90.38 W
2026/09/26 17:47:06.849, NVIDIA L40S, 0 %, 40361 MiB, 46068 MiB, 90.38 W
2026/09/26 17:47:07.849, NVIDIA L40S, 0 %, 40361 MiB, 46068 MiB, 90.23 W
2026/09/26 17:47:08.851, NVIDIA L40S, 0 %, 40361 MiB, 46068 MiB, 90.41 W
2026/09/26 17:47:09.876, NVIDIA L40S, 0 %, 40361 MiB, 46068 MiB, 90.59 W
2026/09/26 17:47:10.889, NVIDIA L40S, 0 %, 40361 MiB, 46068 MiB, 90.47 W
2026/09/26 17:47:11.889, NVIDIA L40S, 0 %, 40361 MiB, 46068 MiB, 90.32 W
2026/09/26 17:47:12.889, NVIDIA L40S, 0 %, 40361 MiB, 46068 MiB, 90.37 W
2026/09/26 17:47:13.889, NVIDIA L40S, 0 %, 40361 MiB, 46068 MiB, 90.47 W
2026/09/26 17:47:14.890, NVIDIA L40S, 0 %, 40361 MiB, 46068 MiB, 90.54 W
2026/09/26 17:47:15.890, NVIDIA L40S, 0 %, 40361 MiB, 46068 MiB, 90.60 W
2026/09/26 17:47:16.890, NVIDIA L40S, 0 %, 40361 MiB, 46068 MiB, 90.53 W
2026/09/26 17:47:17.891, NVIDIA L40S, 0 %, 40361 MiB, 46068 MiB, 90.59 W
2026/09/26 17:47:18.891, NVIDIA L40S, 0 %, 40361 MiB, 46068 MiB, 90.58 W
2026/09/26 17:47:19.891, NVIDIA L40S, 0 %, 40361 MiB, 46068 MiB, 90.49 W
2026/09/26 17:47:20.892, NVIDIA L40S, 0 %, 40361 MiB, 46068 MiB, 90.35 W
2026/09/26 17:47:21.892, NVIDIA L40S, 0 %, 40361 MiB, 46068 MiB, 90.23 W
2026/09/26 17:47:22.892, NVIDIA L40S, 0 %, 40361 MiB, 46068 MiB, 90.25 W
2026/09/26 17:47:23.893, NVIDIA L40S, 0 %, 40361 MiB, 46068 MiB, 90.35 W
2026/09/26 17:47:24.893, NVIDIA L40S, 0 %, 40361 MiB, 46068 MiB, 90.50 W
2026/09/26 17:47:25.893, NVIDIA L40S, 0 %, 40361 MiB, 46068 MiB, 90.58 W
2026/09/26 17:47:26.894, NVIDIA L40S, 0 %, 40361 MiB, 46068 MiB, 90.52 W
2026/09/26 17:47:27.894, NVIDIA L40S, 0 %, 40361 MiB, 46068 MiB, 90.37 W
2026/09/26 17:47:28.894, NVIDIA L40S, 0 %, 40361 MiB, 46068 MiB, 90.40 W
2026/09/26 17:47:29.895, NVIDIA L40S, 0 %, 40361 MiB, 46068 MiB, 90.28 W
2026/09/26 17:47:30.895, NVIDIA L40S, 0 %, 40361 MiB, 46068 MiB, 90.28 W
2026/09/26 17:47:31.896, NVIDIA L40S, 0 %, 40361 MiB, 46068 MiB, 90.40 W
2026/09/26 17:47:32.896, NVIDIA L40S, 0 %, 40361 MiB, 46068 MiB, 90.43 W
2026/09/26 17:47:33.896, NVIDIA L40S, 0 %, 40361 MiB, 46068 MiB, 90.55 W
2026/09/26 17:47:34.897, NVIDIA L40S, 0 %, 40361 MiB, 46068 MiB, 90.41 W
2026/09/26 17:47:35.897, NVIDIA L40S, 0 %, 40361 MiB, 46068 MiB, 90.29 W
2026/09/26 17:47:36.898, NVIDIA L40S, 0 %, 40361 MiB, 46068 MiB, 90.28 W
2026/09/26 17:47:37.898, NVIDIA L40S, 0 %, 40361 MiB, 46068 MiB, 90.25 W
2026/09/26 17:47:38.899, NVIDIA L40S, 0 %, 40361 MiB, 46068 MiB, 90.59 W
2026/09/26 17:47:39.899, NVIDIA L40S, 0 %, 40361 MiB, 46068 MiB, 90.74 W
2026/09/26 17:47:40.899, NVIDIA L40S, 0 %, 40361 MiB, 46068 MiB, 90.43 W
2026/09/26 17:47:41.899, NVIDIA L40S, 0 %, 40361 MiB, 46068 MiB, 90.31 W
2026/09/26 17:47:42.900, NVIDIA L40S, 0 %, 40361 MiB, 46068 MiB, 90.43 W
2026/09/26 17:47:43.901, NVIDIA L40S, 0 %, 40361 MiB, 46068 MiB, 90.55 W
2026/09/26 17:47:44.901, NVIDIA L40S, 0 %, 40361 MiB, 46068 MiB, 90.37 W
2026/09/26 17:47:45.901, NVIDIA L40S, 0 %, 40361 MiB, 46068 MiB, 90.23 W
2026/09/26 17:47:46.902, NVIDIA L40S, 0 %, 40361 MiB, 46068 MiB, 90.25 W
2026/09/26 17:47:47.902, NVIDIA L40S, 0 %, 40361 MiB, 46068 MiB, 90.25 W
2026/09/26 17:47:48.902, NVIDIA L40S, 0 %, 40361 MiB, 46068 MiB, 90.32 W
2026/09/26 17:47:49.902, NVIDIA L40S, 0 %, 40361 MiB, 46068 MiB, 90.32 W
2026/09/26 17:47:50.903, NVIDIA L40S, 0 %, 40361 MiB, 46068 MiB, 90.37 W
2026/09/26 17:47:51.903, NVIDIA L40S, 0 %, 40361 MiB, 46068 MiB, 90.47 W
2026/09/26 17:47:52.903, NVIDIA L40S, 0 %, 40361 MiB, 46068 MiB, 90.47 W
2026/09/26 17:47:53.904, NVIDIA L40S, 0 %, 40361 MiB, 46068 MiB, 90.53 W
2026/09/26 17:47:54.904, NVIDIA L40S, 0 %, 40361 MiB, 46068 MiB, 90.47 W
2026/09/26 17:47:55.904, NVIDIA L40S, 0 %, 40361 MiB, 46068 MiB, 90.39 W
2026/09/26 17:47:56.906, NVIDIA L40S, 0 %, 40361 MiB, 46068 MiB, 90.32 W
2026/09/26 17:47:57.906, NVIDIA L40S, 0 %, 40361 MiB, 46068 MiB, 90.29 W
2026/09/26 17:47:58.906, NVIDIA L40S, 0 %, 40361 MiB, 46068 MiB, 90.39 W
2026/09/26 17:47:59.907, NVIDIA L40S, 0 %, 40361 MiB, 46068 MiB, 90.47 W
2026/09/26 17:48:00.907, NVIDIA L40S, 0 %, 40361 MiB, 46068 MiB, 90.47 W
2026/09/26 17:48:01.907, NVIDIA L40S, 0 %, 40361 MiB, 46068 MiB, 90.50 W
2026/09/26 17:48:02.908, NVIDIA L40S, 0 %, 40361 MiB, 46068 MiB, 90.47 W
2026/09/26 17:48:03.908, NVIDIA L40S, 0 %, 40361 MiB, 46068 MiB, 90.39 W
2026/09/26 17:48:04.908, NVIDIA L40S, 0 %, 40361 MiB, 46068 MiB, 90.51 W
2026/09/26 17:48:05.909, NVIDIA L40S, 0 %, 40361 MiB, 46068 MiB, 90.41 W
2026/09/26 17:48:06.909, NVIDIA L40S, 0 %, 40361 MiB, 46068 MiB, 90.32 W
2026/09/26 17:48:07.910, NVIDIA L40S, 0 %, 40361 MiB, 46068 MiB, 90.50 W
2026/09/26 17:48:08.910, NVIDIA L40S, 100 %, 40361 MiB, 46068 MiB, 188.85 W
2026/09/26 17:48:09.911, NVIDIA L40S, 100 %, 40361 MiB, 46068 MiB, 253.99 W
2026/09/26 17:48:10.911, NVIDIA L40S, 100 %, 40361 MiB, 46068 MiB, 242.79 W
2026/09/26 17:48:11.912, NVIDIA L40S, 100 %, 40361 MiB, 46068 MiB, 263.46 W
2026/09/26 17:48:12.913, NVIDIA L40S, 100 %, 40361 MiB, 46068 MiB, 263.12 W
2026/09/26 17:48:13.913, NVIDIA L40S, 100 %, 40361 MiB, 46068 MiB, 245.04 W
2026/09/26 17:48:14.913, NVIDIA L40S, 100 %, 40361 MiB, 46068 MiB, 262.44 W
2026/09/26 17:48:15.914, NVIDIA L40S, 100 %, 40361 MiB, 46068 MiB, 254.99 W
2026/09/26 17:48:16.914, NVIDIA L40S, 100 %, 40361 MiB, 46068 MiB, 246.44 W
2026/09/26 17:48:17.914, NVIDIA L40S, 100 %, 40361 MiB, 46068 MiB, 254.28 W
2026/09/26 17:48:18.914, NVIDIA L40S, 100 %, 40361 MiB, 46068 MiB, 256.01 W
2026/09/26 17:48:19.915, NVIDIA L40S, 100 %, 40361 MiB, 46068 MiB, 256.71 W
2026/09/26 17:48:20.915, NVIDIA L40S, 100 %, 40361 MiB, 46068 MiB, 262.11 W
2026/09/26 17:48:21.915, NVIDIA L40S, 100 %, 40361 MiB, 46068 MiB, 265.66 W
2026/09/26 17:48:22.915, NVIDIA L40S, 100 %, 40361 MiB, 46068 MiB, 257.31 W
2026/09/26 17:48:23.916, NVIDIA L40S, 100 %, 40361 MiB, 46068 MiB, 262.01 W
2026/09/26 17:48:24.918, NVIDIA L40S, 100 %, 40361 MiB, 46068 MiB, 264.25 W
2026/09/26 17:48:25.919, NVIDIA L40S, 100 %, 40361 MiB, 46068 MiB, 256.23 W
2026/09/26 17:48:26.919, NVIDIA L40S, 100 %, 40361 MiB, 46068 MiB, 256.05 W
2026/09/26 17:48:27.919, NVIDIA L40S, 100 %, 40361 MiB, 46068 MiB, 255.56 W
2026/09/26 17:48:28.919, NVIDIA L40S, 100 %, 40361 MiB, 46068 MiB, 262.60 W
2026/09/26 17:48:29.920, NVIDIA L40S, 100 %, 40361 MiB, 46068 MiB, 257.24 W
2026/09/26 17:48:30.920, NVIDIA L40S, 100 %, 40361 MiB, 46068 MiB, 265.19 W
2026/09/26 17:48:31.920, NVIDIA L40S, 100 %, 40361 MiB, 46068 MiB, 270.55 W
2026/09/26 17:48:32.921, NVIDIA L40S, 100 %, 40361 MiB, 46068 MiB, 254.13 W
2026/09/26 17:48:33.921, NVIDIA L40S, 100 %, 40361 MiB, 46068 MiB, 267.78 W
2026/09/26 17:48:34.922, NVIDIA L40S, 100 %, 40361 MiB, 46068 MiB, 266.56 W
2026/09/26 17:48:35.922, NVIDIA L40S, 100 %, 40361 MiB, 46068 MiB, 255.04 W
2026/09/26 17:48:36.922, NVIDIA L40S, 100 %, 40361 MiB, 46068 MiB, 262.46 W
2026/09/26 17:48:37.922, NVIDIA L40S, 0 %, 40361 MiB, 46068 MiB, 222.29 W
2026/09/26 17:48:38.923, NVIDIA L40S, 0 %, 40361 MiB, 46068 MiB, 110.47 W
2026/09/26 17:48:39.923, NVIDIA L40S, 0 %, 40361 MiB, 46068 MiB, 95.72 W
2026/09/26 17:48:40.923, NVIDIA L40S, 0 %, 40361 MiB, 46068 MiB, 95.49 W
2026/09/26 17:48:41.924, NVIDIA L40S, 0 %, 40361 MiB, 46068 MiB, 95.46 W
2026/09/26 17:48:42.924, NVIDIA L40S, 0 %, 40361 MiB, 46068 MiB, 95.09 W
2026/09/26 17:48:43.925, NVIDIA L40S, 0 %, 40361 MiB, 46068 MiB, 94.67 W
2026/09/26 17:48:44.925, NVIDIA L40S, 0 %, 40361 MiB, 46068 MiB, 94.83 W
2026/09/26 17:48:45.926, NVIDIA L40S, 0 %, 40361 MiB, 46068 MiB, 94.86 W
2026/09/26 17:48:46.926, NVIDIA L40S, 0 %, 40361 MiB, 46068 MiB, 94.88 W
2026/09/26 17:48:47.926, NVIDIA L40S, 0 %, 40361 MiB, 46068 MiB, 94.76 W
2026/09/26 17:48:48.928, NVIDIA L40S, 0 %, 40361 MiB, 46068 MiB, 94.52 W
2026/09/26 17:48:49.928, NVIDIA L40S, 0 %, 40361 MiB, 46068 MiB, 94.37 W
2026/09/26 17:48:50.928, NVIDIA L40S, 0 %, 40361 MiB, 46068 MiB, 94.19 W
2026/09/26 17:48:51.928, NVIDIA L40S, 0 %, 40361 MiB, 46068 MiB, 94.03 W
2026/09/26 17:48:52.929, NVIDIA L40S, 0 %, 40361 MiB, 46068 MiB, 94.15 W
2026/09/26 17:48:53.929, NVIDIA L40S, 0 %, 40361 MiB, 46068 MiB, 94.18 W
2026/09/26 17:48:54.929, NVIDIA L40S, 0 %, 40361 MiB, 46068 MiB, 93.96 W
2026/09/26 17:48:55.953, NVIDIA L40S, 0 %, 40361 MiB, 46068 MiB, 93.90 W
2026/09/26 17:48:56.955, NVIDIA L40S, 0 %, 40361 MiB, 46068 MiB, 93.81 W
2026/09/26 17:48:57.955, NVIDIA L40S, 0 %, 40361 MiB, 46068 MiB, 93.72 W
2026/09/26 17:48:58.955, NVIDIA L40S, 0 %, 40361 MiB, 46068 MiB, 93.72 W
2026/09/26 17:48:59.956, NVIDIA L40S, 0 %, 40361 MiB, 46068 MiB, 93.78 W
2026/09/26 17:49:00.956, NVIDIA L40S, 0 %, 40361 MiB, 46068 MiB, 94.02 W
2026/09/26 17:49:01.956, NVIDIA L40S, 0 %, 40361 MiB, 46068 MiB, 93.93 W
2026/09/26 17:49:02.957, NVIDIA L40S, 0 %, 40361 MiB, 46068 MiB, 93.54 W
2026/09/26 17:49:03.957, NVIDIA L40S, 0 %, 40361 MiB, 46068 MiB, 93.66 W
2026/09/26 17:49:04.957, NVIDIA L40S, 0 %, 40361 MiB, 46068 MiB, 93.66 W
2026/09/26 17:49:05.957, NVIDIA L40S, 0 %, 40361 MiB, 46068 MiB, 93.29 W
2026/09/26 17:49:06.957, NVIDIA L40S, 0 %, 40361 MiB, 46068 MiB, 93.32 W
2026/09/26 17:49:07.958, NVIDIA L40S, 0 %, 40361 MiB, 46068 MiB, 93.20 W
2026/09/26 17:49:08.958, NVIDIA L40S, 0 %, 40361 MiB, 46068 MiB, 93.05 W
2026/09/26 17:49:09.958, NVIDIA L40S, 0 %, 40361 MiB, 46068 MiB, 93.17 W
2026/09/26 17:49:10.958, NVIDIA L40S, 0 %, 40361 MiB, 46068 MiB, 93.26 W
2026/09/26 17:49:11.958, NVIDIA L40S, 0 %, 40361 MiB, 46068 MiB, 93.26 W
2026/09/26 17:49:12.959, NVIDIA L40S, 0 %, 40361 MiB, 46068 MiB, 92.93 W
2026/09/26 17:49:13.959, NVIDIA L40S, 0 %, 40361 MiB, 46068 MiB, 92.93 W
2026/09/26 17:49:14.959, NVIDIA L40S, 0 %, 40361 MiB, 46068 MiB, 93.20 W
2026/09/26 17:49:15.959, NVIDIA L40S, 0 %, 40361 MiB, 46068 MiB, 93.11 W
2026/09/26 17:49:16.959, NVIDIA L40S, 0 %, 40361 MiB, 46068 MiB, 92.96 W
2026/09/26 17:49:17.960, NVIDIA L40S, 0 %, 40361 MiB, 46068 MiB, 92.93 W
2026/09/26 17:49:18.960, NVIDIA L40S, 0 %, 40361 MiB, 46068 MiB, 93.02 W
2026/09/26 17:49:19.960, NVIDIA L40S, 0 %, 40361 MiB, 46068 MiB, 93.11 W
2026/09/26 17:49:20.961, NVIDIA L40S, 0 %, 40361 MiB, 46068 MiB, 93.05 W
2026/09/26 17:49:21.961, NVIDIA L40S, 0 %, 40361 MiB, 46068 MiB, 92.89 W
2026/09/26 17:49:22.961, NVIDIA L40S, 0 %, 40361 MiB, 46068 MiB, 92.74 W
2026/09/26 17:49:23.961, NVIDIA L40S, 0 %, 40361 MiB, 46068 MiB, 92.78 W
2026/09/26 17:49:24.961, NVIDIA L40S, 0 %, 40361 MiB, 46068 MiB, 92.84 W
2026/09/26 17:49:25.962, NVIDIA L40S, 0 %, 40361 MiB, 46068 MiB, 92.84 W
2026/09/26 17:49:26.962, NVIDIA L40S, 0 %, 40361 MiB, 46068 MiB, 92.90 W
2026/09/26 17:49:27.963, NVIDIA L40S, 0 %, 40361 MiB, 46068 MiB, 92.95 W
2026/09/26 17:49:28.963, NVIDIA L40S, 0 %, 40361 MiB, 46068 MiB, 92.83 W
2026/09/26 17:49:29.963, NVIDIA L40S, 0 %, 40361 MiB, 46068 MiB, 92.71 W
2026/09/26 17:49:30.963, NVIDIA L40S, 0 %, 40361 MiB, 46068 MiB, 92.65 W
2026/09/26 17:49:31.964, NVIDIA L40S, 0 %, 40361 MiB, 46068 MiB, 92.72 W
2026/09/26 17:49:32.964, NVIDIA L40S, 0 %, 40361 MiB, 46068 MiB, 92.84 W
2026/09/26 17:49:33.964, NVIDIA L40S, 0 %, 40361 MiB, 46068 MiB, 92.72 W
2026/09/26 17:49:34.965, NVIDIA L40S, 0 %, 40361 MiB, 46068 MiB, 92.72 W
2026/09/26 17:49:35.965, NVIDIA L40S, 0 %, 40361 MiB, 46068 MiB, 92.75 W
2026/09/26 17:49:36.965, NVIDIA L40S, 0 %, 40361 MiB, 46068 MiB, 92.65 W
2026/09/26 17:49:37.965, NVIDIA L40S, 0 %, 40361 MiB, 46068 MiB, 92.69 W
2026/09/26 17:49:38.966, NVIDIA L40S, 0 %, 40361 MiB, 46068 MiB, 92.59 W
2026/09/26 17:49:39.966, NVIDIA L40S, 0 %, 40361 MiB, 46068 MiB, 92.48 W
2026/09/26 17:49:40.966, NVIDIA L40S, 0 %, 40361 MiB, 46068 MiB, 92.39 W
2026/09/26 17:49:41.967, NVIDIA L40S, 0 %, 40361 MiB, 46068 MiB, 92.51 W
2026/09/26 17:49:42.967, NVIDIA L40S, 0 %, 40361 MiB, 46068 MiB, 92.78 W
2026/09/26 17:49:43.967, NVIDIA L40S, 0 %, 40361 MiB, 46068 MiB, 92.66 W
2026/09/26 17:49:44.968, NVIDIA L40S, 0 %, 40361 MiB, 46068 MiB, 92.54 W
2026/09/26 17:49:45.968, NVIDIA L40S, 0 %, 40361 MiB, 46068 MiB, 92.57 W
2026/09/26 17:49:46.968, NVIDIA L40S, 0 %, 40361 MiB, 46068 MiB, 92.66 W
2026/09/26 17:49:47.969, NVIDIA L40S, 0 %, 40361 MiB, 46068 MiB, 92.54 W
2026/09/26 17:49:48.969, NVIDIA L40S, 0 %, 40361 MiB, 46068 MiB, 92.32 W
2026/09/26 17:49:49.969, NVIDIA L40S, 0 %, 40361 MiB, 46068 MiB, 92.29 W
2026/09/26 17:49:50.970, NVIDIA L40S, 0 %, 40361 MiB, 46068 MiB, 92.20 W
2026/09/26 17:49:51.971, NVIDIA L40S, 0 %, 40361 MiB, 46068 MiB, 92.26 W
2026/09/26 17:49:52.971, NVIDIA L40S, 0 %, 40361 MiB, 46068 MiB, 92.38 W
2026/09/26 17:49:53.972, NVIDIA L40S, 0 %, 40361 MiB, 46068 MiB, 92.26 W
2026/09/26 17:49:54.972, NVIDIA L40S, 0 %, 40361 MiB, 46068 MiB, 92.23 W
2026/09/26 17:49:55.972, NVIDIA L40S, 0 %, 40361 MiB, 46068 MiB, 92.32 W
2026/09/26 17:49:56.973, NVIDIA L40S, 0 %, 40361 MiB, 46068 MiB, 92.32 W
2026/09/26 17:49:57.973, NVIDIA L40S, 0 %, 40361 MiB, 46068 MiB, 92.35 W
2026/09/26 17:49:58.973, NVIDIA L40S, 0 %, 40361 MiB, 46068 MiB, 92.56 W
2026/09/26 17:49:59.973, NVIDIA L40S, 0 %, 40361 MiB, 46068 MiB, 92.60 W
2026/09/26 17:50:00.973, NVIDIA L40S, 0 %, 40361 MiB, 46068 MiB, 92.25 W
2026/09/26 17:50:01.974, NVIDIA L40S, 0 %, 40361 MiB, 46068 MiB, 92.28 W
2026/09/26 17:50:02.974, NVIDIA L40S, 0 %, 40361 MiB, 46068 MiB, 92.56 W
2026/09/26 17:50:03.975, NVIDIA L40S, 0 %, 40361 MiB, 46068 MiB, 92.53 W
2026/09/26 17:50:04.975, NVIDIA L40S, 0 %, 40361 MiB, 46068 MiB, 92.47 W
2026/09/26 17:50:05.975, NVIDIA L40S, 0 %, 40361 MiB, 46068 MiB, 92.32 W
2026/09/26 17:50:06.975, NVIDIA L40S, 0 %, 40361 MiB, 46068 MiB, 92.32 W
2026/09/26 17:50:07.976, NVIDIA L40S, 0 %, 40361 MiB, 46068 MiB, 92.44 W
2026/09/26 17:50:08.976, NVIDIA L40S, 0 %, 40361 MiB, 46068 MiB, 92.41 W
2026/09/26 17:50:09.976, NVIDIA L40S, 0 %, 40361 MiB, 46068 MiB, 92.41 W
2026/09/26 17:50:10.976, NVIDIA L40S, 0 %, 40361 MiB, 46068 MiB, 92.41 W
2026/09/26 17:50:11.977, NVIDIA L40S, 0 %, 40361 MiB, 46068 MiB, 92.20 W
2026/09/26 17:50:12.977, NVIDIA L40S, 0 %, 40361 MiB, 46068 MiB, 92.13 W
2026/09/26 17:50:13.977, NVIDIA L40S, 0 %, 40361 MiB, 46068 MiB, 92.28 W
2026/09/26 17:50:14.978, NVIDIA L40S, 0 %, 40361 MiB, 46068 MiB, 92.20 W
2026/09/26 17:50:15.978, NVIDIA L40S, 0 %, 40361 MiB, 46068 MiB, 92.26 W
2026/09/26 17:50:16.979, NVIDIA L40S, 0 %, 40361 MiB, 46068 MiB, 92.35 W
2026/09/26 17:50:17.979, NVIDIA L40S, 0 %, 40361 MiB, 46068 MiB, 92.16 W
2026/09/26 17:50:18.979, NVIDIA L40S, 0 %, 40361 MiB, 46068 MiB, 92.11 W
2026/09/26 17:50:19.980, NVIDIA L40S, 0 %, 40361 MiB, 46068 MiB, 92.29 W
2026/09/26 17:50:20.980, NVIDIA L40S, 0 %, 40361 MiB, 46068 MiB, 92.29 W
2026/09/26 17:50:21.981, NVIDIA L40S, 0 %, 40361 MiB, 46068 MiB, 92.11 W
2026/09/26 17:50:22.981, NVIDIA L40S, 0 %, 40361 MiB, 46068 MiB, 92.08 W
2026/09/26 17:50:23.981, NVIDIA L40S, 0 %, 40361 MiB, 46068 MiB, 92.26 W
2026/09/26 17:50:24.982, NVIDIA L40S, 0 %, 40361 MiB, 46068 MiB, 92.35 W
2026/09/26 17:50:25.982, NVIDIA L40S, 0 %, 40361 MiB, 46068 MiB, 92.14 W
2026/09/26 17:50:26.982, NVIDIA L40S, 0 %, 40361 MiB, 46068 MiB, 92.08 W
2026/09/26 17:50:27.983, NVIDIA L40S, 0 %, 40361 MiB, 46068 MiB, 92.23 W
2026/09/26 17:50:28.983, NVIDIA L40S, 0 %, 40361 MiB, 46068 MiB, 92.23 W
2026/09/26 17:50:29.983, NVIDIA L40S, 0 %, 40361 MiB, 46068 MiB, 92.08 W
2026/09/26 17:50:30.984, NVIDIA L40S, 0 %, 40361 MiB, 46068 MiB, 92.05 W
2026/09/26 17:50:31.984, NVIDIA L40S, 0 %, 40361 MiB, 46068 MiB, 92.02 W
2026/09/26 17:50:32.984, NVIDIA L40S, 0 %, 40361 MiB, 46068 MiB, 92.17 W
2026/09/26 17:50:33.984, NVIDIA L40S, 100 %, 40361 MiB, 46068 MiB, 267.58 W
2026/09/26 17:50:34.984, NVIDIA L40S, 100 %, 40361 MiB, 46068 MiB, 289.51 W
2026/09/26 17:50:35.985, NVIDIA L40S, 100 %, 40361 MiB, 46068 MiB, 274.22 W
2026/09/26 17:50:36.985, NVIDIA L40S, 100 %, 40361 MiB, 46068 MiB, 327.84 W
2026/09/26 17:50:37.986, NVIDIA L40S, 100 %, 40361 MiB, 46068 MiB, 245.36 W
2026/09/26 17:50:38.986, NVIDIA L40S, 100 %, 40361 MiB, 46068 MiB, 323.40 W
2026/09/26 17:50:39.986, NVIDIA L40S, 100 %, 40361 MiB, 46068 MiB, 291.23 W
2026/09/26 17:50:40.986, NVIDIA L40S, 100 %, 40361 MiB, 46068 MiB, 280.52 W
2026/09/26 17:50:41.987, NVIDIA L40S, 100 %, 40361 MiB, 46068 MiB, 344.19 W
2026/09/26 17:50:42.987, NVIDIA L40S, 100 %, 40361 MiB, 46068 MiB, 250.30 W
2026/09/26 17:50:43.988, NVIDIA L40S, 100 %, 40361 MiB, 46068 MiB, 315.22 W
2026/09/26 17:50:44.988, NVIDIA L40S, 100 %, 40361 MiB, 46068 MiB, 299.74 W
2026/09/26 17:50:45.989, NVIDIA L40S, 100 %, 40361 MiB, 46068 MiB, 264.17 W
2026/09/26 17:50:46.989, NVIDIA L40S, 100 %, 40361 MiB, 46068 MiB, 349.58 W
2026/09/26 17:50:47.989, NVIDIA L40S, 100 %, 40361 MiB, 46068 MiB, 264.66 W
2026/09/26 17:50:48.989, NVIDIA L40S, 100 %, 40361 MiB, 46068 MiB, 308.17 W
2026/09/26 17:50:49.990, NVIDIA L40S, 100 %, 40361 MiB, 46068 MiB, 315.89 W
2026/09/26 17:50:50.990, NVIDIA L40S, 100 %, 40361 MiB, 46068 MiB, 249.44 W
2026/09/26 17:50:51.990, NVIDIA L40S, 100 %, 40361 MiB, 46068 MiB, 349.01 W
2026/09/26 17:50:53.015, NVIDIA L40S, 100 %, 40361 MiB, 46068 MiB, 272.44 W
2026/09/26 17:50:54.016, NVIDIA L40S, 100 %, 40361 MiB, 46068 MiB, 296.77 W
2026/09/26 17:50:55.018, NVIDIA L40S, 100 %, 40361 MiB, 46068 MiB, 316.65 W
2026/09/26 17:50:56.020, NVIDIA L40S, 100 %, 40361 MiB, 46068 MiB, 250.67 W
2026/09/26 17:50:57.020, NVIDIA L40S, 100 %, 40361 MiB, 46068 MiB, 340.86 W
2026/09/26 17:50:58.021, NVIDIA L40S, 100 %, 40361 MiB, 46068 MiB, 282.35 W
2026/09/26 17:50:59.021, NVIDIA L40S, 100 %, 40361 MiB, 46068 MiB, 288.77 W
2026/09/26 17:51:00.023, NVIDIA L40S, 100 %, 40361 MiB, 46068 MiB, 329.77 W
2026/09/26 17:51:01.023, NVIDIA L40S, 100 %, 40361 MiB, 46068 MiB, 249.94 W
2026/09/26 17:51:02.024, NVIDIA L40S, 100 %, 40361 MiB, 46068 MiB, 323.68 W
2026/09/26 17:51:03.024, NVIDIA L40S, 100 %, 40361 MiB, 46068 MiB, 287.05 W
2026/09/26 17:51:04.024, NVIDIA L40S, 100 %, 40361 MiB, 46068 MiB, 272.39 W
2026/09/26 17:51:05.025, NVIDIA L40S, 100 %, 40361 MiB, 46068 MiB, 349.17 W
2026/09/26 17:51:06.025, NVIDIA L40S, 100 %, 40361 MiB, 46068 MiB, 258.89 W
2026/09/26 17:51:07.026, NVIDIA L40S, 100 %, 40361 MiB, 46068 MiB, 307.09 W
2026/09/26 17:51:08.026, NVIDIA L40S, 100 %, 40361 MiB, 46068 MiB, 311.40 W
2026/09/26 17:51:09.026, NVIDIA L40S, 100 %, 40361 MiB, 46068 MiB, 261.15 W
2026/09/26 17:51:10.027, NVIDIA L40S, 100 %, 40361 MiB, 46068 MiB, 347.81 W
2026/09/26 17:51:11.027, NVIDIA L40S, 100 %, 40361 MiB, 46068 MiB, 276.87 W
2026/09/26 17:51:12.027, NVIDIA L40S, 100 %, 40361 MiB, 46068 MiB, 302.47 W
2026/09/26 17:51:13.028, NVIDIA L40S, 100 %, 40361 MiB, 46068 MiB, 329.21 W
2026/09/26 17:51:14.028, NVIDIA L40S, 100 %, 40361 MiB, 46068 MiB, 255.28 W
2026/09/26 17:51:15.028, NVIDIA L40S, 100 %, 40361 MiB, 46068 MiB, 336.39 W
2026/09/26 17:51:16.028, NVIDIA L40S, 100 %, 40361 MiB, 46068 MiB, 295.63 W
2026/09/26 17:51:17.029, NVIDIA L40S, 100 %, 40361 MiB, 46068 MiB, 282.64 W
2026/09/26 17:51:18.030, NVIDIA L40S, 100 %, 40361 MiB, 46068 MiB, 349.42 W
2026/09/26 17:51:19.031, NVIDIA L40S, 100 %, 40361 MiB, 46068 MiB, 262.91 W
2026/09/26 17:51:20.032, NVIDIA L40S, 100 %, 40361 MiB, 46068 MiB, 315.49 W
2026/09/26 17:51:21.032, NVIDIA L40S, 100 %, 40361 MiB, 46068 MiB, 311.15 W
2026/09/26 17:51:22.032, NVIDIA L40S, 100 %, 40361 MiB, 46068 MiB, 260.44 W
2026/09/26 17:51:23.033, NVIDIA L40S, 100 %, 40361 MiB, 46068 MiB, 348.03 W
2026/09/26 17:51:24.033, NVIDIA L40S, 100 %, 40361 MiB, 46068 MiB, 276.56 W
2026/09/26 17:51:25.034, NVIDIA L40S, 0 %, 40361 MiB, 46068 MiB, 198.87 W
2026/09/26 17:51:26.035, NVIDIA L40S, 0 %, 40361 MiB, 46068 MiB, 113.78 W
2026/09/26 17:51:27.035, NVIDIA L40S, 0 %, 40361 MiB, 46068 MiB, 97.94 W
2026/09/26 17:51:28.035, NVIDIA L40S, 0 %, 40361 MiB, 46068 MiB, 97.93 W
2026/09/26 17:51:29.036, NVIDIA L40S, 0 %, 40361 MiB, 46068 MiB, 97.53 W
2026/09/26 17:51:30.036, NVIDIA L40S, 0 %, 40361 MiB, 46068 MiB, 97.11 W
2026/09/26 17:51:31.037, NVIDIA L40S, 0 %, 40361 MiB, 46068 MiB, 97.01 W
2026/09/26 17:51:32.037, NVIDIA L40S, 0 %, 40361 MiB, 46068 MiB, 96.70 W
2026/09/26 17:51:33.037, NVIDIA L40S, 0 %, 40361 MiB, 46068 MiB, 96.46 W
2026/09/26 17:51:34.038, NVIDIA L40S, 0 %, 40361 MiB, 46068 MiB, 96.28 W
2026/09/26 17:51:35.038, NVIDIA L40S, 0 %, 40361 MiB, 46068 MiB, 96.09 W
2026/09/26 17:51:36.038, NVIDIA L40S, 0 %, 40361 MiB, 46068 MiB, 95.91 W
2026/09/26 17:51:37.039, NVIDIA L40S, 0 %, 40361 MiB, 46068 MiB, 95.82 W
2026/09/26 17:51:38.039, NVIDIA L40S, 0 %, 40361 MiB, 46068 MiB, 95.70 W
2026/09/26 17:51:39.040, NVIDIA L40S, 0 %, 40361 MiB, 46068 MiB, 95.55 W
2026/09/26 17:51:40.040, NVIDIA L40S, 0 %, 40361 MiB, 46068 MiB, 95.49 W
2026/09/26 17:51:41.040, NVIDIA L40S, 0 %, 40361 MiB, 46068 MiB, 95.43 W
2026/09/26 17:51:42.041, NVIDIA L40S, 0 %, 40361 MiB, 46068 MiB, 95.28 W
2026/09/26 17:51:43.041, NVIDIA L40S, 0 %, 40361 MiB, 46068 MiB, 95.03 W
2026/09/26 17:51:44.041, NVIDIA L40S, 0 %, 40361 MiB, 46068 MiB, 94.91 W
2026/09/26 17:51:45.042, NVIDIA L40S, 0 %, 40361 MiB, 46068 MiB, 94.79 W
2026/09/26 17:51:46.042, NVIDIA L40S, 0 %, 40361 MiB, 46068 MiB, 94.64 W
2026/09/26 17:51:47.042, NVIDIA L40S, 0 %, 40361 MiB, 46068 MiB, 94.64 W
2026/09/26 17:51:48.044, NVIDIA L40S, 0 %, 40361 MiB, 46068 MiB, 94.61 W
2026/09/26 17:51:49.044, NVIDIA L40S, 0 %, 40361 MiB, 46068 MiB, 94.46 W
2026/09/26 17:51:50.044, NVIDIA L40S, 0 %, 40361 MiB, 46068 MiB, 94.36 W
2026/09/26 17:51:51.045, NVIDIA L40S, 0 %, 40361 MiB, 46068 MiB, 94.27 W
2026/09/26 17:51:52.045, NVIDIA L40S, 0 %, 40361 MiB, 46068 MiB, 94.15 W
2026/09/26 17:51:53.045, NVIDIA L40S, 0 %, 40361 MiB, 46068 MiB, 94.10 W
2026/09/26 17:51:54.047, NVIDIA L40S, 0 %, 40361 MiB, 46068 MiB, 94.00 W
2026/09/26 17:51:55.047, NVIDIA L40S, 0 %, 40361 MiB, 46068 MiB, 93.95 W
2026/09/26 17:51:56.047, NVIDIA L40S, 0 %, 40361 MiB, 46068 MiB, 93.79 W
2026/09/26 17:51:57.047, NVIDIA L40S, 0 %, 40361 MiB, 46068 MiB, 93.84 W
2026/09/26 17:51:58.048, NVIDIA L40S, 0 %, 40361 MiB, 46068 MiB, 93.79 W
2026/09/26 17:51:59.048, NVIDIA L40S, 0 %, 40361 MiB, 46068 MiB, 93.60 W
2026/09/26 17:52:00.049, NVIDIA L40S, 0 %, 40361 MiB, 46068 MiB, 93.56 W
2026/09/26 17:52:01.049, NVIDIA L40S, 0 %, 40361 MiB, 46068 MiB, 93.61 W
2026/09/26 17:52:02.078, NVIDIA L40S, 0 %, 40361 MiB, 46068 MiB, 93.60 W
2026/09/26 17:52:03.079, NVIDIA L40S, 0 %, 40361 MiB, 46068 MiB, 93.68 W
2026/09/26 17:52:04.079, NVIDIA L40S, 0 %, 40361 MiB, 46068 MiB, 93.63 W
2026/09/26 17:52:05.079, NVIDIA L40S, 0 %, 40361 MiB, 46068 MiB, 93.26 W
2026/09/26 17:52:06.080, NVIDIA L40S, 0 %, 40361 MiB, 46068 MiB, 93.16 W
2026/09/26 17:52:07.080, NVIDIA L40S, 0 %, 40361 MiB, 46068 MiB, 93.21 W
2026/09/26 17:52:08.081, NVIDIA L40S, 0 %, 40361 MiB, 46068 MiB, 93.22 W
2026/09/26 17:52:09.081, NVIDIA L40S, 0 %, 40361 MiB, 46068 MiB, 93.14 W
2026/09/26 17:52:10.081, NVIDIA L40S, 0 %, 40361 MiB, 46068 MiB, 93.02 W
2026/09/26 17:52:11.081, NVIDIA L40S, 0 %, 40361 MiB, 46068 MiB, 93.02 W
2026/09/26 17:52:12.082, NVIDIA L40S, 0 %, 40361 MiB, 46068 MiB, 92.99 W
2026/09/26 17:52:13.083, NVIDIA L40S, 0 %, 40361 MiB, 46068 MiB, 92.87 W
2026/09/26 17:52:14.083, NVIDIA L40S, 0 %, 40361 MiB, 46068 MiB, 92.90 W
2026/09/26 17:52:15.084, NVIDIA L40S, 0 %, 40361 MiB, 46068 MiB, 92.96 W
2026/09/26 17:52:16.084, NVIDIA L40S, 0 %, 40361 MiB, 46068 MiB, 92.86 W
2026/09/26 17:52:17.084, NVIDIA L40S, 0 %, 40361 MiB, 46068 MiB, 92.68 W
2026/09/26 17:52:18.084, NVIDIA L40S, 0 %, 40361 MiB, 46068 MiB, 92.72 W
2026/09/26 17:52:19.085, NVIDIA L40S, 0 %, 40361 MiB, 46068 MiB, 92.66 W
2026/09/26 17:52:20.085, NVIDIA L40S, 0 %, 40361 MiB, 46068 MiB, 92.57 W
2026/09/26 17:52:21.086, NVIDIA L40S, 0 %, 40361 MiB, 46068 MiB, 92.56 W
2026/09/26 17:52:22.086, NVIDIA L40S, 0 %, 40361 MiB, 46068 MiB, 92.56 W
2026/09/26 17:52:23.086, NVIDIA L40S, 0 %, 40361 MiB, 46068 MiB, 92.56 W
2026/09/26 17:52:24.086, NVIDIA L40S, 0 %, 40361 MiB, 46068 MiB, 92.56 W
2026/09/26 17:52:25.087, NVIDIA L40S, 0 %, 40361 MiB, 46068 MiB, 92.68 W
2026/09/26 17:52:26.087, NVIDIA L40S, 0 %, 40361 MiB, 46068 MiB, 92.50 W
2026/09/26 17:52:27.087, NVIDIA L40S, 0 %, 40361 MiB, 46068 MiB, 92.32 W
2026/09/26 17:52:28.087, NVIDIA L40S, 0 %, 40361 MiB, 46068 MiB, 92.29 W
2026/09/26 17:52:29.088, NVIDIA L40S, 0 %, 40361 MiB, 46068 MiB, 92.29 W
2026/09/26 17:52:30.088, NVIDIA L40S, 0 %, 40361 MiB, 46068 MiB, 92.41 W
2026/09/26 17:52:31.089, NVIDIA L40S, 0 %, 40361 MiB, 46068 MiB, 92.29 W
2026/09/26 17:52:32.089, NVIDIA L40S, 0 %, 40361 MiB, 46068 MiB, 92.17 W
2026/09/26 17:52:33.089, NVIDIA L40S, 0 %, 40361 MiB, 46068 MiB, 92.26 W
2026/09/26 17:52:34.089, NVIDIA L40S, 0 %, 40361 MiB, 46068 MiB, 92.36 W
2026/09/26 17:52:35.091, NVIDIA L40S, 0 %, 40361 MiB, 46068 MiB, 92.36 W
2026/09/26 17:52:36.091, NVIDIA L40S, 0 %, 40361 MiB, 46068 MiB, 92.26 W
2026/09/26 17:52:37.091, NVIDIA L40S, 0 %, 40361 MiB, 46068 MiB, 92.05 W
2026/09/26 17:52:38.092, NVIDIA L40S, 0 %, 40361 MiB, 46068 MiB, 92.11 W
2026/09/26 17:52:39.092, NVIDIA L40S, 0 %, 40361 MiB, 46068 MiB, 92.21 W
2026/09/26 17:52:40.092, NVIDIA L40S, 0 %, 40361 MiB, 46068 MiB, 92.11 W
2026/09/26 17:52:41.093, NVIDIA L40S, 0 %, 40361 MiB, 46068 MiB, 92.14 W
2026/09/26 17:52:42.093, NVIDIA L40S, 0 %, 40361 MiB, 46068 MiB, 91.98 W
2026/09/26 17:52:43.094, NVIDIA L40S, 0 %, 40361 MiB, 46068 MiB, 92.01 W
2026/09/26 17:52:44.094, NVIDIA L40S, 0 %, 40361 MiB, 46068 MiB, 92.17 W
2026/09/26 17:52:45.094, NVIDIA L40S, 0 %, 40361 MiB, 46068 MiB, 92.08 W
2026/09/26 17:52:46.094, NVIDIA L40S, 0 %, 40361 MiB, 46068 MiB, 92.08 W
2026/09/26 17:52:47.095, NVIDIA L40S, 0 %, 40361 MiB, 46068 MiB, 91.99 W
2026/09/26 17:52:48.095, NVIDIA L40S, 0 %, 40361 MiB, 46068 MiB, 91.78 W
2026/09/26 17:52:49.096, NVIDIA L40S, 0 %, 40361 MiB, 46068 MiB, 91.78 W
2026/09/26 17:52:50.096, NVIDIA L40S, 0 %, 40361 MiB, 46068 MiB, 91.84 W
2026/09/26 17:52:51.096, NVIDIA L40S, 0 %, 40361 MiB, 46068 MiB, 91.90 W
2026/09/26 17:52:52.096, NVIDIA L40S, 0 %, 40361 MiB, 46068 MiB, 91.96 W
2026/09/26 17:52:53.097, NVIDIA L40S, 0 %, 40361 MiB, 46068 MiB, 91.90 W
2026/09/26 17:52:54.097, NVIDIA L40S, 0 %, 40361 MiB, 46068 MiB, 91.90 W
2026/09/26 17:52:55.097, NVIDIA L40S, 0 %, 40361 MiB, 46068 MiB, 91.78 W
2026/09/26 17:52:56.098, NVIDIA L40S, 0 %, 40361 MiB, 46068 MiB, 91.75 W
2026/09/26 17:52:57.098, NVIDIA L40S, 0 %, 40361 MiB, 46068 MiB, 91.99 W
2026/09/26 17:52:58.098, NVIDIA L40S, 0 %, 40361 MiB, 46068 MiB, 91.96 W
2026/09/26 17:52:59.099, NVIDIA L40S, 0 %, 40361 MiB, 46068 MiB, 91.87 W
2026/09/26 17:53:00.099, NVIDIA L40S, 0 %, 40361 MiB, 46068 MiB, 91.90 W
2026/09/26 17:53:01.100, NVIDIA L40S, 0 %, 40361 MiB, 46068 MiB, 91.78 W
2026/09/26 17:53:02.100, NVIDIA L40S, 0 %, 40361 MiB, 46068 MiB, 91.81 W
2026/09/26 17:53:03.101, NVIDIA L40S, 0 %, 40361 MiB, 46068 MiB, 91.96 W
2026/09/26 17:53:04.101, NVIDIA L40S, 0 %, 40361 MiB, 46068 MiB, 91.81 W
2026/09/26 17:53:05.101, NVIDIA L40S, 0 %, 40361 MiB, 46068 MiB, 91.53 W
2026/09/26 17:53:06.101, NVIDIA L40S, 0 %, 40361 MiB, 46068 MiB, 91.63 W
2026/09/26 17:53:07.102, NVIDIA L40S, 0 %, 40361 MiB, 46068 MiB, 91.90 W
2026/09/26 17:53:08.102, NVIDIA L40S, 0 %, 40361 MiB, 46068 MiB, 91.83 W
2026/09/26 17:53:09.102, NVIDIA L40S, 0 %, 40361 MiB, 46068 MiB, 91.78 W
2026/09/26 17:53:10.103, NVIDIA L40S, 0 %, 40361 MiB, 46068 MiB, 91.90 W
2026/09/26 17:53:11.103, NVIDIA L40S, 0 %, 40361 MiB, 46068 MiB, 91.81 W
2026/09/26 17:53:12.103, NVIDIA L40S, 0 %, 40361 MiB, 46068 MiB, 91.78 W
2026/09/26 17:53:13.104, NVIDIA L40S, 0 %, 40361 MiB, 46068 MiB, 91.83 W
2026/09/26 17:53:14.104, NVIDIA L40S, 0 %, 40361 MiB, 46068 MiB, 91.59 W
2026/09/26 17:53:15.105, NVIDIA L40S, 0 %, 40361 MiB, 46068 MiB, 91.54 W
2026/09/26 17:53:16.105, NVIDIA L40S, 0 %, 40361 MiB, 46068 MiB, 91.53 W
2026/09/26 17:53:17.105, NVIDIA L40S, 0 %, 40361 MiB, 46068 MiB, 91.41 W
2026/09/26 17:53:18.106, NVIDIA L40S, 0 %, 40361 MiB, 46068 MiB, 91.44 W
2026/09/26 17:53:19.106, NVIDIA L40S, 0 %, 40361 MiB, 46068 MiB, 91.54 W
2026/09/26 17:53:20.106, NVIDIA L40S, 0 %, 40361 MiB, 46068 MiB, 91.53 W
2026/09/26 17:53:21.107, NVIDIA L40S, 0 %, 40361 MiB, 46068 MiB, 91.44 W
2026/09/26 17:53:22.107, NVIDIA L40S, 0 %, 40361 MiB, 46068 MiB, 91.53 W
2026/09/26 17:53:23.107, NVIDIA L40S, 0 %, 40361 MiB, 46068 MiB, 91.65 W
2026/09/26 17:53:24.108, NVIDIA L40S, 0 %, 40361 MiB, 46068 MiB, 91.65 W
2026/09/26 17:53:25.108, NVIDIA L40S, 0 %, 40361 MiB, 46068 MiB, 91.59 W
2026/09/26 17:53:26.108, NVIDIA L40S, 0 %, 40361 MiB, 46068 MiB, 91.59 W
2026/09/26 17:53:27.110, NVIDIA L40S, 0 %, 40361 MiB, 46068 MiB, 91.53 W
2026/09/26 17:53:28.110, NVIDIA L40S, 0 %, 40361 MiB, 46068 MiB, 91.44 W
2026/09/26 17:53:29.111, NVIDIA L40S, 0 %, 40361 MiB, 46068 MiB, 91.56 W
2026/09/26 17:53:30.111, NVIDIA L40S, 0 %, 40361 MiB, 46068 MiB, 91.56 W
2026/09/26 17:53:31.111, NVIDIA L40S, 0 %, 40361 MiB, 46068 MiB, 91.41 W
2026/09/26 17:53:32.111, NVIDIA L40S, 0 %, 40361 MiB, 46068 MiB, 91.33 W
2026/09/26 17:53:33.112, NVIDIA L40S, 0 %, 40361 MiB, 46068 MiB, 91.35 W
2026/09/26 17:53:34.113, NVIDIA L40S, 0 %, 40361 MiB, 46068 MiB, 91.38 W
2026/09/26 17:53:35.113, NVIDIA L40S, 0 %, 40361 MiB, 46068 MiB, 91.36 W
2026/09/26 17:53:36.113, NVIDIA L40S, 0 %, 40361 MiB, 46068 MiB, 91.48 W
2026/09/26 17:53:37.114, NVIDIA L40S, 0 %, 40361 MiB, 46068 MiB, 91.54 W
2026/09/26 17:53:38.114, NVIDIA L40S, 0 %, 40361 MiB, 46068 MiB, 91.44 W
2026/09/26 17:53:39.114, NVIDIA L40S, 0 %, 40361 MiB, 46068 MiB, 91.41 W
2026/09/26 17:53:40.115, NVIDIA L40S, 0 %, 40361 MiB, 46068 MiB, 91.41 W
2026/09/26 17:53:41.115, NVIDIA L40S, 0 %, 40361 MiB, 46068 MiB, 91.47 W
2026/09/26 17:53:42.115, NVIDIA L40S, 0 %, 40361 MiB, 46068 MiB, 91.47 W
2026/09/26 17:53:43.115, NVIDIA L40S, 0 %, 40361 MiB, 46068 MiB, 91.47 W
2026/09/26 17:53:44.116, NVIDIA L40S, 0 %, 40361 MiB, 46068 MiB, 91.56 W
2026/09/26 17:53:45.116, NVIDIA L40S, 0 %, 40361 MiB, 46068 MiB, 91.51 W
2026/09/26 17:53:46.116, NVIDIA L40S, 0 %, 40361 MiB, 46068 MiB, 91.38 W
2026/09/26 17:53:47.117, NVIDIA L40S, 0 %, 40361 MiB, 46068 MiB, 91.47 W
2026/09/26 17:53:48.118, NVIDIA L40S, 0 %, 40361 MiB, 46068 MiB, 91.38 W
2026/09/26 17:53:49.118, NVIDIA L40S, 0 %, 40361 MiB, 46068 MiB, 91.22 W
2026/09/26 17:53:50.118, NVIDIA L40S, 0 %, 40361 MiB, 46068 MiB, 91.41 W
2026/09/26 17:53:51.119, NVIDIA L40S, 0 %, 40361 MiB, 46068 MiB, 91.54 W
2026/09/26 17:53:52.119, NVIDIA L40S, 0 %, 40361 MiB, 46068 MiB, 91.45 W
2026/09/26 17:53:53.121, NVIDIA L40S, 0 %, 40361 MiB, 46068 MiB, 91.50 W
2026/09/26 17:53:54.121, NVIDIA L40S, 0 %, 40361 MiB, 46068 MiB, 91.39 W
2026/09/26 17:53:55.121, NVIDIA L40S, 0 %, 40361 MiB, 46068 MiB, 91.33 W
2026/09/26 17:53:56.122, NVIDIA L40S, 0 %, 40361 MiB, 46068 MiB, 91.27 W
2026/09/26 17:53:57.122, NVIDIA L40S, 0 %, 40361 MiB, 46068 MiB, 91.30 W
2026/09/26 17:53:58.122, NVIDIA L40S, 0 %, 40361 MiB, 46068 MiB, 91.66 W
2026/09/26 17:53:59.123, NVIDIA L40S, 0 %, 40361 MiB, 46068 MiB, 91.66 W
2026/09/26 17:54:00.123, NVIDIA L40S, 0 %, 40361 MiB, 46068 MiB, 91.48 W
2026/09/26 17:54:01.124, NVIDIA L40S, 0 %, 40361 MiB, 46068 MiB, 91.33 W
2026/09/26 17:54:02.124, NVIDIA L40S, 0 %, 40361 MiB, 46068 MiB, 91.42 W
2026/09/26 17:54:03.125, NVIDIA L40S, 0 %, 40361 MiB, 46068 MiB, 91.38 W
2026/09/26 17:54:04.129, NVIDIA L40S, 0 %, 40361 MiB, 46068 MiB, 91.20 W
2026/09/26 17:54:05.130, NVIDIA L40S, 0 %, 40361 MiB, 46068 MiB, 91.26 W
2026/09/26 17:54:06.130, NVIDIA L40S, 0 %, 40361 MiB, 46068 MiB, 91.38 W
2026/09/26 17:54:07.130, NVIDIA L40S, 0 %, 40361 MiB, 46068 MiB, 91.57 W
2026/09/26 17:54:08.131, NVIDIA L40S, 0 %, 40361 MiB, 46068 MiB, 91.26 W
2026/09/26 17:54:09.132, NVIDIA L40S, 0 %, 40361 MiB, 46068 MiB, 91.17 W
2026/09/26 17:54:10.132, NVIDIA L40S, 0 %, 40361 MiB, 46068 MiB, 91.66 W
2026/09/26 17:54:11.132, NVIDIA L40S, 0 %, 40361 MiB, 46068 MiB, 91.57 W
2026/09/26 17:54:12.133, NVIDIA L40S, 0 %, 40361 MiB, 46068 MiB, 91.21 W
2026/09/26 17:54:13.133, NVIDIA L40S, 0 %, 40361 MiB, 46068 MiB, 91.21 W
2026/09/26 17:54:14.133, NVIDIA L40S, 0 %, 40361 MiB, 46068 MiB, 91.33 W
2026/09/26 17:54:15.134, NVIDIA L40S, 0 %, 40361 MiB, 46068 MiB, 91.21 W
2026/09/26 17:54:16.134, NVIDIA L40S, 0 %, 40361 MiB, 46068 MiB, 91.23 W
2026/09/26 17:54:17.134, NVIDIA L40S, 0 %, 40361 MiB, 46068 MiB, 91.35 W
2026/09/26 17:54:18.135, NVIDIA L40S, 0 %, 40361 MiB, 46068 MiB, 91.29 W
2026/09/26 17:54:19.135, NVIDIA L40S, 0 %, 40361 MiB, 46068 MiB, 91.19 W
2026/09/26 17:54:20.136, NVIDIA L40S, 0 %, 40361 MiB, 46068 MiB, 91.32 W
2026/09/26 17:54:21.136, NVIDIA L40S, 0 %, 40361 MiB, 46068 MiB, 91.25 W
2026/09/26 17:54:22.136, NVIDIA L40S, 0 %, 40361 MiB, 46068 MiB, 91.07 W
2026/09/26 17:54:23.136, NVIDIA L40S, 0 %, 40361 MiB, 46068 MiB, 91.28 W
2026/09/26 17:54:24.137, NVIDIA L40S, 0 %, 40361 MiB, 46068 MiB, 91.53 W
2026/09/26 17:54:25.137, NVIDIA L40S, 0 %, 40361 MiB, 46068 MiB, 91.53 W
2026/09/26 17:54:26.138, NVIDIA L40S, 0 %, 40361 MiB, 46068 MiB, 91.46 W
2026/09/26 17:54:27.138, NVIDIA L40S, 0 %, 40361 MiB, 46068 MiB, 91.10 W
2026/09/26 17:54:28.138, NVIDIA L40S, 0 %, 40361 MiB, 46068 MiB, 90.89 W
2026/09/26 17:54:29.138, NVIDIA L40S, 0 %, 40361 MiB, 46068 MiB, 91.01 W
2026/09/26 17:54:30.139, NVIDIA L40S, 0 %, 40361 MiB, 46068 MiB, 91.25 W
2026/09/26 17:54:31.139, NVIDIA L40S, 0 %, 40361 MiB, 46068 MiB, 91.40 W
2026/09/26 17:54:32.140, NVIDIA L40S, 0 %, 40361 MiB, 46068 MiB, 91.25 W
2026/09/26 17:54:33.140, NVIDIA L40S, 0 %, 40361 MiB, 46068 MiB, 91.34 W
2026/09/26 17:54:34.141, NVIDIA L40S, 0 %, 40361 MiB, 46068 MiB, 91.22 W
2026/09/26 17:54:35.141, NVIDIA L40S, 0 %, 40361 MiB, 46068 MiB, 91.23 W
2026/09/26 17:54:36.141, NVIDIA L40S, 0 %, 40361 MiB, 46068 MiB, 91.35 W
2026/09/26 17:54:37.142, NVIDIA L40S, 0 %, 40361 MiB, 46068 MiB, 91.34 W
2026/09/26 17:54:38.142, NVIDIA L40S, 0 %, 40361 MiB, 46068 MiB, 91.56 W
2026/09/26 17:54:39.143, NVIDIA L40S, 0 %, 40361 MiB, 46068 MiB, 91.44 W
2026/09/26 17:54:40.143, NVIDIA L40S, 0 %, 40361 MiB, 46068 MiB, 91.05 W
2026/09/26 17:54:41.143, NVIDIA L40S, 0 %, 40361 MiB, 46068 MiB, 91.26 W
2026/09/26 17:54:42.144, NVIDIA L40S, 0 %, 40361 MiB, 46068 MiB, 91.46 W
2026/09/26 17:54:43.144, NVIDIA L40S, 0 %, 40361 MiB, 46068 MiB, 91.25 W
2026/09/26 17:54:44.145, NVIDIA L40S, 0 %, 40361 MiB, 46068 MiB, 91.22 W
2026/09/26 17:54:45.145, NVIDIA L40S, 0 %, 40361 MiB, 46068 MiB, 91.35 W
2026/09/26 17:54:46.145, NVIDIA L40S, 0 %, 40361 MiB, 46068 MiB, 91.35 W
2026/09/26 17:54:47.146, NVIDIA L40S, 0 %, 40361 MiB, 46068 MiB, 91.35 W
2026/09/26 17:54:48.146, NVIDIA L40S, 0 %, 40361 MiB, 46068 MiB, 91.46 W
2026/09/26 17:54:49.146, NVIDIA L40S, 0 %, 40361 MiB, 46068 MiB, 91.37 W
2026/09/26 17:54:50.147, NVIDIA L40S, 0 %, 40361 MiB, 46068 MiB, 91.34 W
2026/09/26 17:54:51.148, NVIDIA L40S, 0 %, 40361 MiB, 46068 MiB, 91.41 W
2026/09/26 17:54:52.148, NVIDIA L40S, 0 %, 40361 MiB, 46068 MiB, 91.17 W
2026/09/26 17:54:53.148, NVIDIA L40S, 0 %, 40361 MiB, 46068 MiB, 91.11 W
2026/09/26 17:54:54.148, NVIDIA L40S, 0 %, 40361 MiB, 46068 MiB, 91.33 W
2026/09/26 17:54:55.149, NVIDIA L40S, 0 %, 40361 MiB, 46068 MiB, 90.81 W
2026/09/26 17:54:56.149, NVIDIA L40S, 0 %, 40361 MiB, 46068 MiB, 90.23 W
2026/09/26 17:54:57.149, NVIDIA L40S, 0 %, 40361 MiB, 46068 MiB, 90.32 W
2026/09/26 17:54:58.150, NVIDIA L40S, 0 %, 40361 MiB, 46068 MiB, 90.56 W
2026/09/26 17:54:59.150, NVIDIA L40S, 0 %, 40361 MiB, 46068 MiB, 90.53 W
2026/09/26 17:55:00.150, NVIDIA L40S, 0 %, 40361 MiB, 46068 MiB, 90.44 W
2026/09/26 17:55:01.150, NVIDIA L40S, 0 %, 40361 MiB, 46068 MiB, 90.56 W
2026/09/26 17:55:02.151, NVIDIA L40S, 0 %, 40361 MiB, 46068 MiB, 90.51 W
2026/09/26 17:55:03.151, NVIDIA L40S, 0 %, 40361 MiB, 46068 MiB, 90.50 W
2026/09/26 17:55:04.151, NVIDIA L40S, 0 %, 40361 MiB, 46068 MiB, 90.53 W
2026/09/26 17:55:05.152, NVIDIA L40S, 0 %, 40361 MiB, 46068 MiB, 90.39 W
2026/09/26 17:55:06.152, NVIDIA L40S, 0 %, 40361 MiB, 46068 MiB, 90.26 W
2026/09/26 17:55:07.153, NVIDIA L40S, 0 %, 40361 MiB, 46068 MiB, 90.39 W
2026/09/26 17:55:08.154, NVIDIA L40S, 0 %, 40361 MiB, 46068 MiB, 90.63 W
2026/09/26 17:55:09.154, NVIDIA L40S, 0 %, 40361 MiB, 46068 MiB, 90.68 W
2026/09/26 17:55:10.154, NVIDIA L40S, 0 %, 40361 MiB, 46068 MiB, 90.41 W
2026/09/26 17:55:11.156, NVIDIA L40S, 0 %, 40361 MiB, 46068 MiB, 90.41 W
2026/09/26 17:55:12.156, NVIDIA L40S, 0 %, 40361 MiB, 46068 MiB, 90.56 W
2026/09/26 17:55:13.157, NVIDIA L40S, 0 %, 40361 MiB, 46068 MiB, 90.41 W
2026/09/26 17:55:14.157, NVIDIA L40S, 0 %, 40361 MiB, 46068 MiB, 90.29 W
2026/09/26 17:55:15.157, NVIDIA L40S, 0 %, 40361 MiB, 46068 MiB, 90.32 W
2026/09/26 17:55:16.157, NVIDIA L40S, 0 %, 40361 MiB, 46068 MiB, 90.44 W
2026/09/26 17:55:17.157, NVIDIA L40S, 0 %, 40361 MiB, 46068 MiB, 90.32 W
2026/09/26 17:55:18.158, NVIDIA L40S, 0 %, 40361 MiB, 46068 MiB, 90.32 W
2026/09/26 17:55:19.159, NVIDIA L40S, 0 %, 40361 MiB, 46068 MiB, 90.44 W
2026/09/26 17:55:20.159, NVIDIA L40S, 0 %, 40361 MiB, 46068 MiB, 90.44 W
2026/09/26 17:55:21.159, NVIDIA L40S, 0 %, 40361 MiB, 46068 MiB, 90.29 W
2026/09/26 17:55:22.159, NVIDIA L40S, 0 %, 40361 MiB, 46068 MiB, 90.26 W
2026/09/26 17:55:23.160, NVIDIA L40S, 0 %, 40361 MiB, 46068 MiB, 90.41 W
2026/09/26 17:55:24.161, NVIDIA L40S, 0 %, 40361 MiB, 46068 MiB, 90.32 W
2026/09/26 17:55:25.161, NVIDIA L40S, 0 %, 40361 MiB, 46068 MiB, 90.20 W
2026/09/26 17:55:26.161, NVIDIA L40S, 0 %, 40361 MiB, 46068 MiB, 90.23 W
2026/09/26 17:55:27.161, NVIDIA L40S, 0 %, 40361 MiB, 46068 MiB, 90.44 W
2026/09/26 17:55:28.162, NVIDIA L40S, 0 %, 40361 MiB, 46068 MiB, 90.44 W
2026/09/26 17:55:29.165, NVIDIA L40S, 0 %, 40361 MiB, 46068 MiB, 90.20 W
2026/09/26 17:55:30.165, NVIDIA L40S, 0 %, 40361 MiB, 46068 MiB, 90.32 W
2026/09/26 17:55:31.165, NVIDIA L40S, 0 %, 40361 MiB, 46068 MiB, 90.53 W
2026/09/26 17:55:32.166, NVIDIA L40S, 0 %, 40361 MiB, 46068 MiB, 90.38 W
2026/09/26 17:55:33.167, NVIDIA L40S, 0 %, 40361 MiB, 46068 MiB, 90.20 W
2026/09/26 17:55:34.167, NVIDIA L40S, 0 %, 40361 MiB, 46068 MiB, 90.29 W
2026/09/26 17:55:35.167, NVIDIA L40S, 0 %, 40361 MiB, 46068 MiB, 90.47 W
2026/09/26 17:55:36.167, NVIDIA L40S, 0 %, 40361 MiB, 46068 MiB, 90.47 W
2026/09/26 17:55:37.168, NVIDIA L40S, 0 %, 40361 MiB, 46068 MiB, 90.35 W
2026/09/26 17:55:38.169, NVIDIA L40S, 0 %, 40361 MiB, 46068 MiB, 90.48 W
2026/09/26 17:55:39.169, NVIDIA L40S, 0 %, 40361 MiB, 46068 MiB, 90.53 W
2026/09/26 17:55:40.169, NVIDIA L40S, 0 %, 40361 MiB, 46068 MiB, 90.29 W
2026/09/26 17:55:41.170, NVIDIA L40S, 0 %, 40361 MiB, 46068 MiB, 90.07 W
2026/09/26 17:55:42.170, NVIDIA L40S, 0 %, 40361 MiB, 46068 MiB, 90.25 W
2026/09/26 17:55:43.171, NVIDIA L40S, 0 %, 40361 MiB, 46068 MiB, 90.50 W
2026/09/26 17:55:44.171, NVIDIA L40S, 0 %, 40361 MiB, 46068 MiB, 90.50 W
2026/09/26 17:55:45.171, NVIDIA L40S, 0 %, 40361 MiB, 46068 MiB, 90.28 W
2026/09/26 17:55:46.172, NVIDIA L40S, 0 %, 40361 MiB, 46068 MiB, 90.16 W
2026/09/26 17:55:47.172, NVIDIA L40S, 0 %, 40361 MiB, 46068 MiB, 90.23 W
2026/09/26 17:55:48.172, NVIDIA L40S, 0 %, 40361 MiB, 46068 MiB, 90.20 W
2026/09/26 17:55:49.173, NVIDIA L40S, 0 %, 40361 MiB, 46068 MiB, 90.20 W
2026/09/26 17:55:50.173, NVIDIA L40S, 0 %, 40361 MiB, 46068 MiB, 90.22 W
2026/09/26 17:55:51.173, NVIDIA L40S, 0 %, 40361 MiB, 46068 MiB, 90.40 W
2026/09/26 17:55:52.173, NVIDIA L40S, 0 %, 40361 MiB, 46068 MiB, 90.55 W
2026/09/26 17:55:53.174, NVIDIA L40S, 0 %, 40361 MiB, 46068 MiB, 90.48 W
2026/09/26 17:55:54.174, NVIDIA L40S, 0 %, 40361 MiB, 46068 MiB, 90.24 W
2026/09/26 17:55:55.174, NVIDIA L40S, 0 %, 40361 MiB, 46068 MiB, 90.07 W
2026/09/26 17:55:56.174, NVIDIA L40S, 0 %, 40361 MiB, 46068 MiB, 90.25 W
2026/09/26 17:55:57.175, NVIDIA L40S, 0 %, 40361 MiB, 46068 MiB, 90.39 W
2026/09/26 17:55:58.175, NVIDIA L40S, 0 %, 40361 MiB, 46068 MiB, 90.27 W
2026/09/26 17:55:59.175, NVIDIA L40S, 0 %, 40361 MiB, 46068 MiB, 90.18 W
2026/09/26 17:56:00.175, NVIDIA L40S, 0 %, 40361 MiB, 46068 MiB, 90.22 W
2026/09/26 17:56:01.176, NVIDIA L40S, 0 %, 40361 MiB, 46068 MiB, 90.31 W
2026/09/26 17:56:02.176, NVIDIA L40S, 0 %, 40361 MiB, 46068 MiB, 90.25 W
2026/09/26 17:56:03.176, NVIDIA L40S, 0 %, 40361 MiB, 46068 MiB, 90.31 W
2026/09/26 17:56:04.176, NVIDIA L40S, 0 %, 40361 MiB, 46068 MiB, 90.55 W
2026/09/26 17:56:05.177, NVIDIA L40S, 0 %, 40361 MiB, 46068 MiB, 90.43 W
2026/09/26 17:56:06.177, NVIDIA L40S, 0 %, 40361 MiB, 46068 MiB, 90.31 W
2026/09/26 17:56:07.177, NVIDIA L40S, 0 %, 40361 MiB, 46068 MiB, 90.34 W
2026/09/26 17:56:08.177, NVIDIA L40S, 0 %, 40361 MiB, 46068 MiB, 90.16 W
2026/09/26 17:56:09.178, NVIDIA L40S, 0 %, 40361 MiB, 46068 MiB, 90.35 W
2026/09/26 17:56:10.178, NVIDIA L40S, 0 %, 40361 MiB, 46068 MiB, 90.53 W
2026/09/26 17:56:11.178, NVIDIA L40S, 0 %, 40361 MiB, 46068 MiB, 90.46 W
2026/09/26 17:56:12.179, NVIDIA L40S, 0 %, 40361 MiB, 46068 MiB, 90.46 W
2026/09/26 17:56:13.179, NVIDIA L40S, 0 %, 40361 MiB, 46068 MiB, 90.39 W
2026/09/26 17:56:14.179, NVIDIA L40S, 0 %, 40361 MiB, 46068 MiB, 90.37 W
2026/09/26 17:56:15.180, NVIDIA L40S, 0 %, 40361 MiB, 46068 MiB, 90.31 W
2026/09/26 17:56:16.180, NVIDIA L40S, 0 %, 40361 MiB, 46068 MiB, 90.24 W
2026/09/26 17:56:17.180, NVIDIA L40S, 0 %, 40361 MiB, 46068 MiB, 90.30 W
2026/09/26 17:56:18.181, NVIDIA L40S, 0 %, 40361 MiB, 46068 MiB, 90.42 W
2026/09/26 17:56:19.181, NVIDIA L40S, 0 %, 40361 MiB, 46068 MiB, 90.49 W
2026/09/26 17:56:20.181, NVIDIA L40S, 0 %, 40361 MiB, 46068 MiB, 90.40 W
2026/09/26 17:56:21.182, NVIDIA L40S, 0 %, 40361 MiB, 46068 MiB, 90.19 W
2026/09/26 17:56:22.182, NVIDIA L40S, 0 %, 40361 MiB, 46068 MiB, 90.15 W
2026/09/26 17:56:23.182, NVIDIA L40S, 0 %, 40361 MiB, 46068 MiB, 90.31 W
2026/09/26 17:56:24.183, NVIDIA L40S, 0 %, 40361 MiB, 46068 MiB, 90.32 W
2026/09/26 17:56:25.183, NVIDIA L40S, 0 %, 40361 MiB, 46068 MiB, 90.35 W
2026/09/26 17:56:26.184, NVIDIA L40S, 0 %, 40361 MiB, 46068 MiB, 90.32 W
2026/09/26 17:56:27.184, NVIDIA L40S, 0 %, 40361 MiB, 46068 MiB, 90.08 W
2026/09/26 17:56:28.184, NVIDIA L40S, 0 %, 40361 MiB, 46068 MiB, 90.16 W
2026/09/26 17:56:29.185, NVIDIA L40S, 0 %, 40361 MiB, 46068 MiB, 90.40 W
2026/09/26 17:56:30.185, NVIDIA L40S, 0 %, 40361 MiB, 46068 MiB, 90.59 W
2026/09/26 17:56:31.185, NVIDIA L40S, 0 %, 40361 MiB, 46068 MiB, 90.47 W
2026/09/26 17:56:32.185, NVIDIA L40S, 0 %, 40361 MiB, 46068 MiB, 90.35 W
2026/09/26 17:56:33.188, NVIDIA L40S, 0 %, 40361 MiB, 46068 MiB, 90.35 W
2026/09/26 17:56:34.188, NVIDIA L40S, 0 %, 40361 MiB, 46068 MiB, 90.35 W
2026/09/26 17:56:35.188, NVIDIA L40S, 0 %, 40361 MiB, 46068 MiB, 90.23 W
2026/09/26 17:56:36.189, NVIDIA L40S, 0 %, 40361 MiB, 46068 MiB, 90.01 W
2026/09/26 17:56:37.189, NVIDIA L40S, 0 %, 40361 MiB, 46068 MiB, 90.08 W
2026/09/26 17:56:38.189, NVIDIA L40S, 0 %, 40361 MiB, 46068 MiB, 90.32 W
2026/09/26 17:56:39.190, NVIDIA L40S, 0 %, 40361 MiB, 46068 MiB, 90.52 W
2026/09/26 17:56:40.190, NVIDIA L40S, 0 %, 40361 MiB, 46068 MiB, 90.62 W
2026/09/26 17:56:41.191, NVIDIA L40S, 0 %, 40361 MiB, 46068 MiB, 90.50 W
2026/09/26 17:56:42.191, NVIDIA L40S, 0 %, 40361 MiB, 46068 MiB, 90.29 W
2026/09/26 17:56:43.191, NVIDIA L40S, 0 %, 40361 MiB, 46068 MiB, 90.32 W
2026/09/26 17:56:44.192, NVIDIA L40S, 0 %, 40361 MiB, 46068 MiB, 90.34 W
2026/09/26 17:56:45.193, NVIDIA L40S, 0 %, 40361 MiB, 46068 MiB, 90.46 W
2026/09/26 17:56:46.193, NVIDIA L40S, 0 %, 40361 MiB, 46068 MiB, 90.53 W
2026/09/26 17:56:47.193, NVIDIA L40S, 0 %, 40361 MiB, 46068 MiB, 90.41 W
2026/09/26 17:56:48.194, NVIDIA L40S, 0 %, 40361 MiB, 46068 MiB, 90.11 W
2026/09/26 17:56:49.194, NVIDIA L40S, 0 %, 40361 MiB, 46068 MiB, 90.14 W
2026/09/26 17:56:50.195, NVIDIA L40S, 0 %, 40361 MiB, 46068 MiB, 90.35 W
2026/09/26 17:56:51.195, NVIDIA L40S, 0 %, 40361 MiB, 46068 MiB, 90.25 W
2026/09/26 17:56:52.195, NVIDIA L40S, 0 %, 40361 MiB, 46068 MiB, 90.23 W
2026/09/26 17:56:53.195, NVIDIA L40S, 0 %, 40361 MiB, 46068 MiB, 90.37 W
2026/09/26 17:56:54.196, NVIDIA L40S, 0 %, 40361 MiB, 46068 MiB, 90.40 W
2026/09/26 17:56:55.196, NVIDIA L40S, 0 %, 40361 MiB, 46068 MiB, 90.25 W
2026/09/26 17:56:56.196, NVIDIA L40S, 0 %, 40361 MiB, 46068 MiB, 90.20 W
2026/09/26 17:56:57.196, NVIDIA L40S, 0 %, 40361 MiB, 46068 MiB, 90.35 W
2026/09/26 17:56:58.197, NVIDIA L40S, 0 %, 40361 MiB, 46068 MiB, 90.43 W
2026/09/26 17:56:59.197, NVIDIA L40S, 0 %, 40361 MiB, 46068 MiB, 90.35 W
2026/09/26 17:57:00.197, NVIDIA L40S, 0 %, 40361 MiB, 46068 MiB, 90.44 W
2026/09/26 17:57:01.198, NVIDIA L40S, 0 %, 40361 MiB, 46068 MiB, 90.32 W
2026/09/26 17:57:02.198, NVIDIA L40S, 0 %, 40361 MiB, 46068 MiB, 90.32 W
2026/09/26 17:57:03.198, NVIDIA L40S, 0 %, 40361 MiB, 46068 MiB, 90.37 W
2026/09/26 17:57:04.198, NVIDIA L40S, 0 %, 40361 MiB, 46068 MiB, 90.25 W
2026/09/26 17:57:05.199, NVIDIA L40S, 0 %, 40361 MiB, 46068 MiB, 90.20 W
2026/09/26 17:57:06.199, NVIDIA L40S, 0 %, 40361 MiB, 46068 MiB, 90.32 W
2026/09/26 17:57:07.199, NVIDIA L40S, 0 %, 40361 MiB, 46068 MiB, 90.59 W
2026/09/26 17:57:08.200, NVIDIA L40S, 0 %, 40361 MiB, 46068 MiB, 90.47 W
2026/09/26 17:57:09.200, NVIDIA L40S, 0 %, 40361 MiB, 46068 MiB, 90.16 W
2026/09/26 17:57:10.200, NVIDIA L40S, 0 %, 40361 MiB, 46068 MiB, 90.16 W
2026/09/26 17:57:11.200, NVIDIA L40S, 0 %, 40361 MiB, 46068 MiB, 90.16 W
2026/09/26 17:57:12.201, NVIDIA L40S, 0 %, 40361 MiB, 46068 MiB, 90.25 W
2026/09/26 17:57:13.202, NVIDIA L40S, 0 %, 40361 MiB, 46068 MiB, 90.32 W
2026/09/26 17:57:14.202, NVIDIA L40S, 0 %, 40361 MiB, 46068 MiB, 90.32 W
2026/09/26 17:57:15.202, NVIDIA L40S, 0 %, 40361 MiB, 46068 MiB, 90.35 W
2026/09/26 17:57:16.203, NVIDIA L40S, 0 %, 40361 MiB, 46068 MiB, 90.23 W
2026/09/26 17:57:17.204, NVIDIA L40S, 0 %, 40361 MiB, 46068 MiB, 90.25 W
2026/09/26 17:57:18.204, NVIDIA L40S, 0 %, 40361 MiB, 46068 MiB, 90.38 W
2026/09/26 17:57:19.204, NVIDIA L40S, 0 %, 40361 MiB, 46068 MiB, 90.20 W
2026/09/26 17:57:20.204, NVIDIA L40S, 0 %, 40361 MiB, 46068 MiB, 90.07 W
2026/09/26 17:57:21.205, NVIDIA L40S, 0 %, 40361 MiB, 46068 MiB, 90.25 W
2026/09/26 17:57:22.205, NVIDIA L40S, 0 %, 40361 MiB, 46068 MiB, 90.19 W
2026/09/26 17:57:23.206, NVIDIA L40S, 0 %, 40361 MiB, 46068 MiB, 90.37 W
2026/09/26 17:57:24.206, NVIDIA L40S, 0 %, 40361 MiB, 46068 MiB, 90.53 W
2026/09/26 17:57:25.206, NVIDIA L40S, 0 %, 40361 MiB, 46068 MiB, 90.20 W
2026/09/26 17:57:26.206, NVIDIA L40S, 0 %, 40361 MiB, 46068 MiB, 90.10 W
2026/09/26 17:57:27.207, NVIDIA L40S, 0 %, 40361 MiB, 46068 MiB, 90.32 W
2026/09/26 17:57:28.207, NVIDIA L40S, 0 %, 40361 MiB, 46068 MiB, 90.41 W
2026/09/26 17:57:29.207, NVIDIA L40S, 0 %, 40361 MiB, 46068 MiB, 90.48 W
2026/09/26 17:57:30.209, NVIDIA L40S, 0 %, 40361 MiB, 46068 MiB, 90.38 W
2026/09/26 17:57:31.209, NVIDIA L40S, 0 %, 40361 MiB, 46068 MiB, 90.29 W
2026/09/26 17:57:32.209, NVIDIA L40S, 0 %, 40361 MiB, 46068 MiB, 90.41 W
2026/09/26 17:57:33.210, NVIDIA L40S, 0 %, 40361 MiB, 46068 MiB, 90.32 W
2026/09/26 17:57:34.211, NVIDIA L40S, 0 %, 40361 MiB, 46068 MiB, 90.32 W
2026/09/26 17:57:35.211, NVIDIA L40S, 0 %, 40361 MiB, 46068 MiB, 90.51 W
2026/09/26 17:57:36.211, NVIDIA L40S, 0 %, 40361 MiB, 46068 MiB, 90.36 W
2026/09/26 17:57:37.211, NVIDIA L40S, 0 %, 40361 MiB, 46068 MiB, 90.39 W
2026/09/26 17:57:38.212, NVIDIA L40S, 0 %, 40361 MiB, 46068 MiB, 90.41 W
2026/09/26 17:57:39.212, NVIDIA L40S, 0 %, 40361 MiB, 46068 MiB, 90.29 W
2026/09/26 17:57:40.213, NVIDIA L40S, 0 %, 40361 MiB, 46068 MiB, 90.56 W
2026/09/26 17:57:41.213, NVIDIA L40S, 0 %, 40361 MiB, 46068 MiB, 90.44 W
2026/09/26 17:57:42.213, NVIDIA L40S, 0 %, 40361 MiB, 46068 MiB, 90.39 W
2026/09/26 17:57:43.214, NVIDIA L40S, 0 %, 40361 MiB, 46068 MiB, 90.41 W
2026/09/26 17:57:44.214, NVIDIA L40S, 0 %, 40361 MiB, 46068 MiB, 90.32 W
2026/09/26 17:57:45.215, NVIDIA L40S, 0 %, 40361 MiB, 46068 MiB, 90.47 W
2026/09/26 17:57:46.215, NVIDIA L40S, 0 %, 40361 MiB, 46068 MiB, 90.50 W
2026/09/26 17:57:47.215, NVIDIA L40S, 0 %, 40361 MiB, 46068 MiB, 90.44 W
2026/09/26 17:57:48.216, NVIDIA L40S, 0 %, 40361 MiB, 46068 MiB, 90.41 W
2026/09/26 17:57:49.217, NVIDIA L40S, 0 %, 40361 MiB, 46068 MiB, 90.47 W
2026/09/26 17:57:50.217, NVIDIA L40S, 0 %, 40361 MiB, 46068 MiB, 90.35 W
2026/09/26 17:57:51.217, NVIDIA L40S, 0 %, 40361 MiB, 46068 MiB, 90.35 W
2026/09/26 17:57:52.218, NVIDIA L40S, 0 %, 40361 MiB, 46068 MiB, 90.40 W
2026/09/26 17:57:53.218, NVIDIA L40S, 0 %, 40361 MiB, 46068 MiB, 90.25 W
2026/09/26 17:57:54.218, NVIDIA L40S, 0 %, 40361 MiB, 46068 MiB, 90.17 W
2026/09/26 17:57:55.218, NVIDIA L40S, 0 %, 40361 MiB, 46068 MiB, 90.29 W
2026/09/26 17:57:56.219, NVIDIA L40S, 0 %, 40361 MiB, 46068 MiB, 90.37 W
2026/09/26 17:57:57.219, NVIDIA L40S, 0 %, 40361 MiB, 46068 MiB, 90.22 W
2026/09/26 17:57:58.219, NVIDIA L40S, 0 %, 40361 MiB, 46068 MiB, 90.28 W
2026/09/26 17:57:59.220, NVIDIA L40S, 0 %, 40361 MiB, 46068 MiB, 90.41 W
2026/09/26 17:58:00.220, NVIDIA L40S, 0 %, 40361 MiB, 46068 MiB, 90.29 W
2026/09/26 17:58:01.220, NVIDIA L40S, 0 %, 40361 MiB, 46068 MiB, 90.17 W
2026/09/26 17:58:02.220, NVIDIA L40S, 0 %, 40361 MiB, 46068 MiB, 90.36 W
2026/09/26 17:58:03.221, NVIDIA L40S, 0 %, 40361 MiB, 46068 MiB, 90.39 W
2026/09/26 17:58:04.221, NVIDIA L40S, 0 %, 40361 MiB, 46068 MiB, 90.29 W
2026/09/26 17:58:05.221, NVIDIA L40S, 0 %, 40361 MiB, 46068 MiB, 90.53 W
2026/09/26 17:58:06.222, NVIDIA L40S, 0 %, 40361 MiB, 46068 MiB, 90.59 W
2026/09/26 17:58:07.222, NVIDIA L40S, 0 %, 40361 MiB, 46068 MiB, 90.38 W
2026/09/26 17:58:08.222, NVIDIA L40S, 0 %, 40361 MiB, 46068 MiB, 90.25 W
2026/09/26 17:58:09.223, NVIDIA L40S, 0 %, 40361 MiB, 46068 MiB, 90.25 W
2026/09/26 17:58:10.228, NVIDIA L40S, 0 %, 40361 MiB, 46068 MiB, 90.35 W
2026/09/26 17:58:11.228, NVIDIA L40S, 0 %, 40361 MiB, 46068 MiB, 90.59 W
2026/09/26 17:58:12.228, NVIDIA L40S, 0 %, 40361 MiB, 46068 MiB, 90.59 W
2026/09/26 17:58:13.229, NVIDIA L40S, 0 %, 40361 MiB, 46068 MiB, 90.32 W
2026/09/26 17:58:14.229, NVIDIA L40S, 0 %, 40361 MiB, 46068 MiB, 90.22 W
2026/09/26 17:58:15.229, NVIDIA L40S, 0 %, 40361 MiB, 46068 MiB, 90.37 W
2026/09/26 17:58:16.231, NVIDIA L40S, 0 %, 40361 MiB, 46068 MiB, 90.47 W
2026/09/26 17:58:17.231, NVIDIA L40S, 0 %, 40361 MiB, 46068 MiB, 90.35 W
2026/09/26 17:58:18.231, NVIDIA L40S, 0 %, 40361 MiB, 46068 MiB, 90.35 W
2026/09/26 17:58:19.231, NVIDIA L40S, 0 %, 40361 MiB, 46068 MiB, 90.39 W
2026/09/26 17:58:20.232, NVIDIA L40S, 0 %, 40361 MiB, 46068 MiB, 90.36 W
2026/09/26 17:58:21.232, NVIDIA L40S, 0 %, 40361 MiB, 46068 MiB, 90.32 W
2026/09/26 17:58:22.232, NVIDIA L40S, 0 %, 40361 MiB, 46068 MiB, 90.25 W
2026/09/26 17:58:23.233, NVIDIA L40S, 0 %, 40361 MiB, 46068 MiB, 90.22 W
2026/09/26 17:58:24.233, NVIDIA L40S, 0 %, 40361 MiB, 46068 MiB, 90.32 W
2026/09/26 17:58:25.233, NVIDIA L40S, 0 %, 40361 MiB, 46068 MiB, 90.29 W
2026/09/26 17:58:26.234, NVIDIA L40S, 0 %, 40361 MiB, 46068 MiB, 90.32 W
2026/09/26 17:58:27.234, NVIDIA L40S, 0 %, 40361 MiB, 46068 MiB, 90.49 W
2026/09/26 17:58:28.236, NVIDIA L40S, 0 %, 40361 MiB, 46068 MiB, 90.35 W
2026/09/26 17:58:29.236, NVIDIA L40S, 0 %, 40361 MiB, 46068 MiB, 90.32 W
2026/09/26 17:58:30.236, NVIDIA L40S, 0 %, 40361 MiB, 46068 MiB, 90.41 W
2026/09/26 17:58:31.236, NVIDIA L40S, 0 %, 40361 MiB, 46068 MiB, 90.51 W
2026/09/26 17:58:32.237, NVIDIA L40S, 0 %, 40361 MiB, 46068 MiB, 90.41 W
2026/09/26 17:58:33.237, NVIDIA L40S, 0 %, 40361 MiB, 46068 MiB, 90.25 W
2026/09/26 17:58:34.238, NVIDIA L40S, 0 %, 40361 MiB, 46068 MiB, 90.43 W
2026/09/26 17:58:35.238, NVIDIA L40S, 0 %, 40361 MiB, 46068 MiB, 90.31 W
2026/09/26 17:58:36.239, NVIDIA L40S, 0 %, 40361 MiB, 46068 MiB, 90.25 W
2026/09/26 17:58:37.239, NVIDIA L40S, 0 %, 40361 MiB, 46068 MiB, 90.32 W
2026/09/26 17:58:38.239, NVIDIA L40S, 0 %, 40361 MiB, 46068 MiB, 90.34 W
2026/09/26 17:58:39.240, NVIDIA L40S, 0 %, 40361 MiB, 46068 MiB, 90.47 W
2026/09/26 17:58:40.240, NVIDIA L40S, 0 %, 40361 MiB, 46068 MiB, 90.35 W
2026/09/26 17:58:41.240, NVIDIA L40S, 0 %, 40361 MiB, 46068 MiB, 90.28 W
2026/09/26 17:58:42.240, NVIDIA L40S, 0 %, 40361 MiB, 46068 MiB, 90.53 W
2026/09/26 17:58:43.241, NVIDIA L40S, 0 %, 40361 MiB, 46068 MiB, 90.62 W
2026/09/26 17:58:44.245, NVIDIA L40S, 0 %, 40361 MiB, 46068 MiB, 90.65 W
2026/09/26 17:58:45.246, NVIDIA L40S, 0 %, 40361 MiB, 46068 MiB, 90.64 W
2026/09/26 17:58:46.246, NVIDIA L40S, 0 %, 40361 MiB, 46068 MiB, 90.50 W
2026/09/26 17:58:47.246, NVIDIA L40S, 0 %, 40361 MiB, 46068 MiB, 90.40 W
2026/09/26 17:58:48.246, NVIDIA L40S, 0 %, 40361 MiB, 46068 MiB, 90.40 W
2026/09/26 17:58:49.248, NVIDIA L40S, 0 %, 40361 MiB, 46068 MiB, 90.50 W
2026/09/26 17:58:50.249, NVIDIA L40S, 0 %, 40361 MiB, 46068 MiB, 90.35 W
2026/09/26 17:58:51.249, NVIDIA L40S, 0 %, 40361 MiB, 46068 MiB, 90.41 W
2026/09/26 17:58:52.249, NVIDIA L40S, 0 %, 40361 MiB, 46068 MiB, 90.62 W
2026/09/26 17:58:53.249, NVIDIA L40S, 0 %, 40361 MiB, 46068 MiB, 90.60 W
2026/09/26 17:58:54.250, NVIDIA L40S, 0 %, 40361 MiB, 46068 MiB, 90.60 W
2026/09/26 17:58:55.250, NVIDIA L40S, 0 %, 40361 MiB, 46068 MiB, 90.41 W
2026/09/26 17:58:56.250, NVIDIA L40S, 0 %, 40361 MiB, 46068 MiB, 90.20 W
2026/09/26 17:58:57.250, NVIDIA L40S, 0 %, 40361 MiB, 46068 MiB, 90.29 W
2026/09/26 17:58:58.251, NVIDIA L40S, 0 %, 40361 MiB, 46068 MiB, 90.38 W
2026/09/26 17:58:59.251, NVIDIA L40S, 0 %, 40361 MiB, 46068 MiB, 90.35 W
2026/09/26 17:59:00.252, NVIDIA L40S, 0 %, 40361 MiB, 46068 MiB, 90.50 W
2026/09/26 17:59:01.252, NVIDIA L40S, 0 %, 40361 MiB, 46068 MiB, 90.53 W
2026/09/26 17:59:02.252, NVIDIA L40S, 0 %, 40361 MiB, 46068 MiB, 90.39 W
2026/09/26 17:59:03.252, NVIDIA L40S, 0 %, 40361 MiB, 46068 MiB, 90.44 W
2026/09/26 17:59:04.253, NVIDIA L40S, 0 %, 40361 MiB, 46068 MiB, 90.59 W
2026/09/26 17:59:05.254, NVIDIA L40S, 0 %, 40361 MiB, 46068 MiB, 90.65 W
2026/09/26 17:59:06.254, NVIDIA L40S, 0 %, 40361 MiB, 46068 MiB, 90.41 W
2026/09/26 17:59:07.254, NVIDIA L40S, 0 %, 40361 MiB, 46068 MiB, 90.20 W
2026/09/26 17:59:08.255, NVIDIA L40S, 0 %, 40361 MiB, 46068 MiB, 90.47 W
2026/09/26 17:59:09.255, NVIDIA L40S, 0 %, 40361 MiB, 46068 MiB, 90.59 W
2026/09/26 17:59:10.256, NVIDIA L40S, 0 %, 40361 MiB, 46068 MiB, 90.47 W
2026/09/26 17:59:11.256, NVIDIA L40S, 0 %, 40361 MiB, 46068 MiB, 90.56 W
2026/09/26 17:59:12.256, NVIDIA L40S, 0 %, 40361 MiB, 46068 MiB, 90.56 W
2026/09/26 17:59:13.257, NVIDIA L40S, 0 %, 40361 MiB, 46068 MiB, 90.56 W
2026/09/26 17:59:14.257, NVIDIA L40S, 0 %, 40361 MiB, 46068 MiB, 90.56 W
2026/09/26 17:59:15.257, NVIDIA L40S, 0 %, 40361 MiB, 46068 MiB, 90.47 W
2026/09/26 17:59:16.259, NVIDIA L40S, 0 %, 40361 MiB, 46068 MiB, 90.44 W
2026/09/26 17:59:17.259, NVIDIA L40S, 0 %, 40361 MiB, 46068 MiB, 90.44 W
2026/09/26 17:59:18.259, NVIDIA L40S, 0 %, 40361 MiB, 46068 MiB, 90.56 W
2026/09/26 17:59:19.259, NVIDIA L40S, 0 %, 40361 MiB, 46068 MiB, 90.53 W
2026/09/26 17:59:20.260, NVIDIA L40S, 0 %, 40361 MiB, 46068 MiB, 90.41 W
2026/09/26 17:59:21.260, NVIDIA L40S, 0 %, 40361 MiB, 46068 MiB, 90.41 W
2026/09/26 17:59:22.261, NVIDIA L40S, 0 %, 40361 MiB, 46068 MiB, 90.44 W
2026/09/26 17:59:23.261, NVIDIA L40S, 0 %, 40361 MiB, 46068 MiB, 90.41 W
2026/09/26 17:59:24.261, NVIDIA L40S, 0 %, 40361 MiB, 46068 MiB, 90.47 W
2026/09/26 17:59:25.261, NVIDIA L40S, 0 %, 40361 MiB, 46068 MiB, 90.65 W
2026/09/26 17:59:26.262, NVIDIA L40S, 0 %, 40361 MiB, 46068 MiB, 90.56 W
2026/09/26 17:59:27.262, NVIDIA L40S, 0 %, 40361 MiB, 46068 MiB, 90.45 W
2026/09/26 17:59:28.264, NVIDIA L40S, 0 %, 40361 MiB, 46068 MiB, 90.33 W
2026/09/26 17:59:29.264, NVIDIA L40S, 0 %, 40361 MiB, 46068 MiB, 90.56 W
2026/09/26 17:59:30.264, NVIDIA L40S, 0 %, 40361 MiB, 46068 MiB, 90.68 W
2026/09/26 17:59:31.264, NVIDIA L40S, 0 %, 40361 MiB, 46068 MiB, 90.53 W
2026/09/26 17:59:32.265, NVIDIA L40S, 0 %, 40361 MiB, 46068 MiB, 90.56 W
2026/09/26 17:59:33.265, NVIDIA L40S, 0 %, 40361 MiB, 46068 MiB, 90.47 W
2026/09/26 17:59:34.266, NVIDIA L40S, 0 %, 40361 MiB, 46068 MiB, 90.41 W
2026/09/26 17:59:35.266, NVIDIA L40S, 0 %, 40361 MiB, 46068 MiB, 90.51 W
2026/09/26 17:59:36.267, NVIDIA L40S, 0 %, 40361 MiB, 46068 MiB, 90.60 W
2026/09/26 17:59:37.267, NVIDIA L40S, 0 %, 40361 MiB, 46068 MiB, 90.57 W
2026/09/26 17:59:38.268, NVIDIA L40S, 0 %, 40361 MiB, 46068 MiB, 90.60 W
2026/09/26 17:59:39.268, NVIDIA L40S, 0 %, 40361 MiB, 46068 MiB, 90.62 W
2026/09/26 17:59:40.268, NVIDIA L40S, 0 %, 40361 MiB, 46068 MiB, 90.53 W
2026/09/26 17:59:41.269, NVIDIA L40S, 0 %, 40361 MiB, 46068 MiB, 90.41 W
2026/09/26 17:59:42.269, NVIDIA L40S, 0 %, 40361 MiB, 46068 MiB, 90.41 W
2026/09/26 17:59:43.270, NVIDIA L40S, 0 %, 40361 MiB, 46068 MiB, 90.44 W
2026/09/26 17:59:44.270, NVIDIA L40S, 0 %, 40361 MiB, 46068 MiB, 90.56 W
2026/09/26 17:59:45.271, NVIDIA L40S, 0 %, 40361 MiB, 46068 MiB, 90.68 W
2026/09/26 17:59:46.271, NVIDIA L40S, 0 %, 40361 MiB, 46068 MiB, 90.68 W
2026/09/26 17:59:47.271, NVIDIA L40S, 0 %, 40361 MiB, 46068 MiB, 90.50 W
2026/09/26 17:59:48.271, NVIDIA L40S, 0 %, 40361 MiB, 46068 MiB, 90.38 W
2026/09/26 17:59:49.272, NVIDIA L40S, 0 %, 40361 MiB, 46068 MiB, 90.34 W
2026/09/26 17:59:50.272, NVIDIA L40S, 0 %, 40361 MiB, 46068 MiB, 90.37 W
2026/09/26 17:59:51.272, NVIDIA L40S, 0 %, 40361 MiB, 46068 MiB, 90.50 W
2026/09/26 17:59:52.273, NVIDIA L40S, 0 %, 40361 MiB, 46068 MiB, 90.59 W
2026/09/26 17:59:53.273, NVIDIA L40S, 0 %, 40361 MiB, 46068 MiB, 90.56 W
2026/09/26 17:59:54.274, NVIDIA L40S, 0 %, 40361 MiB, 46068 MiB, 90.39 W
2026/09/26 17:59:55.275, NVIDIA L40S, 0 %, 40361 MiB, 46068 MiB, 90.26 W
2026/09/26 17:59:56.275, NVIDIA L40S, 0 %, 40361 MiB, 46068 MiB, 90.41 W
2026/09/26 17:59:57.275, NVIDIA L40S, 0 %, 40361 MiB, 46068 MiB, 90.50 W
2026/09/26 17:59:58.275, NVIDIA L40S, 0 %, 40361 MiB, 46068 MiB, 90.53 W
2026/09/26 17:59:59.277, NVIDIA L40S, 0 %, 40361 MiB, 46068 MiB, 90.75 W
2026/09/26 18:00:00.277, NVIDIA L40S, 0 %, 40361 MiB, 46068 MiB, 90.69 W
2026/09/26 18:00:01.277, NVIDIA L40S, 0 %, 40361 MiB, 46068 MiB, 90.45 W
2026/09/26 18:00:02.278, NVIDIA L40S, 0 %, 40361 MiB, 46068 MiB, 90.57 W
2026/09/26 18:00:03.278, NVIDIA L40S, 0 %, 40361 MiB, 46068 MiB, 90.81 W
2026/09/26 18:00:04.279, NVIDIA L40S, 0 %, 40361 MiB, 46068 MiB, 90.72 W
2026/09/26 18:00:05.280, NVIDIA L40S, 0 %, 40361 MiB, 46068 MiB, 90.76 W
2026/09/26 18:00:06.280, NVIDIA L40S, 0 %, 40792 MiB, 46068 MiB, 91.02 W
2026/09/26 18:00:07.280, NVIDIA L40S, 0 %, 40361 MiB, 46068 MiB, 91.05 W
2026/09/26 18:00:08.280, NVIDIA L40S, 0 %, 40361 MiB, 46068 MiB, 90.94 W
2026/09/26 18:00:09.281, NVIDIA L40S, 0 %, 40361 MiB, 46068 MiB, 90.65 W
2026/09/26 18:00:10.281, NVIDIA L40S, 0 %, 40361 MiB, 46068 MiB, 90.62 W
2026/09/26 18:00:11.282, NVIDIA L40S, 0 %, 40361 MiB, 46068 MiB, 90.62 W
2026/09/26 18:00:12.282, NVIDIA L40S, 0 %, 40361 MiB, 46068 MiB, 90.65 W
2026/09/26 18:00:13.282, NVIDIA L40S, 0 %, 40361 MiB, 46068 MiB, 90.50 W
2026/09/26 18:00:14.283, NVIDIA L40S, 0 %, 40361 MiB, 46068 MiB, 90.60 W
2026/09/26 18:00:15.283, NVIDIA L40S, 0 %, 40361 MiB, 46068 MiB, 90.65 W
2026/09/26 18:00:16.283, NVIDIA L40S, 0 %, 40361 MiB, 46068 MiB, 90.56 W
2026/09/26 18:00:17.284, NVIDIA L40S, 0 %, 40361 MiB, 46068 MiB, 90.59 W
2026/09/26 18:00:18.284, NVIDIA L40S, 0 %, 40361 MiB, 46068 MiB, 90.62 W
2026/09/26 18:00:19.284, NVIDIA L40S, 0 %, 40361 MiB, 46068 MiB, 90.77 W
2026/09/26 18:00:20.284, NVIDIA L40S, 0 %, 40361 MiB, 46068 MiB, 90.62 W
2026/09/26 18:00:21.285, NVIDIA L40S, 0 %, 40361 MiB, 46068 MiB, 90.47 W
2026/09/26 18:00:22.285, NVIDIA L40S, 0 %, 40361 MiB, 46068 MiB, 90.59 W
2026/09/26 18:00:23.285, NVIDIA L40S, 0 %, 40361 MiB, 46068 MiB, 90.62 W
2026/09/26 18:00:24.286, NVIDIA L40S, 0 %, 40361 MiB, 46068 MiB, 90.52 W
2026/09/26 18:00:25.286, NVIDIA L40S, 0 %, 40361 MiB, 46068 MiB, 90.53 W
2026/09/26 18:00:26.287, NVIDIA L40S, 0 %, 40361 MiB, 46068 MiB, 90.62 W
2026/09/26 18:00:27.287, NVIDIA L40S, 0 %, 40361 MiB, 46068 MiB, 90.59 W
2026/09/26 18:00:28.287, NVIDIA L40S, 0 %, 40361 MiB, 46068 MiB, 90.62 W
2026/09/26 18:00:29.288, NVIDIA L40S, 0 %, 40361 MiB, 46068 MiB, 90.59 W
2026/09/26 18:00:30.288, NVIDIA L40S, 0 %, 40361 MiB, 46068 MiB, 90.56 W
2026/09/26 18:00:31.289, NVIDIA L40S, 0 %, 40361 MiB, 46068 MiB, 90.71 W
2026/09/26 18:00:32.289, NVIDIA L40S, 0 %, 40361 MiB, 46068 MiB, 90.74 W
2026/09/26 18:00:33.289, NVIDIA L40S, 0 %, 40361 MiB, 46068 MiB, 90.65 W
2026/09/26 18:00:34.290, NVIDIA L40S, 0 %, 40361 MiB, 46068 MiB, 90.52 W
2026/09/26 18:00:35.290, NVIDIA L40S, 0 %, 40361 MiB, 46068 MiB, 90.56 W
2026/09/26 18:00:36.291, NVIDIA L40S, 0 %, 40361 MiB, 46068 MiB, 90.71 W
2026/09/26 18:00:37.292, NVIDIA L40S, 0 %, 40361 MiB, 46068 MiB, 90.80 W
2026/09/26 18:00:38.292, NVIDIA L40S, 0 %, 40361 MiB, 46068 MiB, 90.55 W
2026/09/26 18:00:39.292, NVIDIA L40S, 0 %, 40361 MiB, 46068 MiB, 90.58 W
2026/09/26 18:00:40.293, NVIDIA L40S, 0 %, 40361 MiB, 46068 MiB, 90.70 W
2026/09/26 18:00:41.293, NVIDIA L40S, 0 %, 40361 MiB, 46068 MiB, 90.67 W
2026/09/26 18:00:42.293, NVIDIA L40S, 0 %, 40361 MiB, 46068 MiB, 90.65 W
2026/09/26 18:00:43.294, NVIDIA L40S, 0 %, 40361 MiB, 46068 MiB, 90.40 W
2026/09/26 18:00:44.294, NVIDIA L40S, 0 %, 40361 MiB, 46068 MiB, 90.58 W
2026/09/26 18:00:45.294, NVIDIA L40S, 0 %, 40361 MiB, 46068 MiB, 90.73 W
2026/09/26 18:00:46.294, NVIDIA L40S, 0 %, 40361 MiB, 46068 MiB, 90.58 W
2026/09/26 18:00:47.295, NVIDIA L40S, 0 %, 40361 MiB, 46068 MiB, 90.55 W
2026/09/26 18:00:48.295, NVIDIA L40S, 0 %, 40361 MiB, 46068 MiB, 90.58 W
2026/09/26 18:00:49.295, NVIDIA L40S, 0 %, 40361 MiB, 46068 MiB, 90.58 W
2026/09/26 18:00:50.296, NVIDIA L40S, 0 %, 40361 MiB, 46068 MiB, 90.58 W
2026/09/26 18:00:51.297, NVIDIA L40S, 0 %, 40361 MiB, 46068 MiB, 90.58 W
2026/09/26 18:00:52.298, NVIDIA L40S, 0 %, 40361 MiB, 46068 MiB, 90.55 W
2026/09/26 18:00:53.298, NVIDIA L40S, 0 %, 40361 MiB, 46068 MiB, 90.70 W
2026/09/26 18:00:54.298, NVIDIA L40S, 0 %, 40361 MiB, 46068 MiB, 90.70 W
2026/09/26 18:00:55.298, NVIDIA L40S, 0 %, 40361 MiB, 46068 MiB, 90.67 W
2026/09/26 18:00:56.299, NVIDIA L40S, 0 %, 40361 MiB, 46068 MiB, 90.80 W
2026/09/26 18:00:57.299, NVIDIA L40S, 0 %, 40361 MiB, 46068 MiB, 90.55 W
2026/09/26 18:00:58.299, NVIDIA L40S, 0 %, 40361 MiB, 46068 MiB, 90.58 W
2026/09/26 18:00:59.299, NVIDIA L40S, 0 %, 40361 MiB, 46068 MiB, 90.73 W
2026/09/26 18:01:00.300, NVIDIA L40S, 0 %, 40361 MiB, 46068 MiB, 90.64 W
2026/09/26 18:01:01.301, NVIDIA L40S, 0 %, 40361 MiB, 46068 MiB, 90.67 W
2026/09/26 18:01:02.301, NVIDIA L40S, 0 %, 40361 MiB, 46068 MiB, 90.52 W
2026/09/26 18:01:03.301, NVIDIA L40S, 0 %, 40361 MiB, 46068 MiB, 90.37 W
2026/09/26 18:01:04.302, NVIDIA L40S, 0 %, 40361 MiB, 46068 MiB, 90.52 W
2026/09/26 18:01:05.304, NVIDIA L40S, 0 %, 40361 MiB, 46068 MiB, 90.73 W
2026/09/26 18:01:06.305, NVIDIA L40S, 0 %, 40361 MiB, 46068 MiB, 90.77 W
2026/09/26 18:01:07.306, NVIDIA L40S, 0 %, 40361 MiB, 46068 MiB, 90.67 W
2026/09/26 18:01:08.306, NVIDIA L40S, 0 %, 40361 MiB, 46068 MiB, 90.61 W
2026/09/26 18:01:09.306, NVIDIA L40S, 0 %, 40361 MiB, 46068 MiB, 90.46 W
2026/09/26 18:01:10.307, NVIDIA L40S, 0 %, 40361 MiB, 46068 MiB, 90.34 W
2026/09/26 18:01:11.307, NVIDIA L40S, 0 %, 40361 MiB, 46068 MiB, 90.36 W
2026/09/26 18:01:12.308, NVIDIA L40S, 0 %, 40361 MiB, 46068 MiB, 90.49 W
2026/09/26 18:01:13.308, NVIDIA L40S, 0 %, 40361 MiB, 46068 MiB, 90.51 W
2026/09/26 18:01:14.309, NVIDIA L40S, 0 %, 40361 MiB, 46068 MiB, 90.40 W
2026/09/26 18:01:15.309, NVIDIA L40S, 0 %, 40361 MiB, 46068 MiB, 90.34 W
2026/09/26 18:01:16.309, NVIDIA L40S, 0 %, 40361 MiB, 46068 MiB, 90.43 W
2026/09/26 18:01:17.310, NVIDIA L40S, 0 %, 40361 MiB, 46068 MiB, 90.52 W
2026/09/26 18:01:18.311, NVIDIA L40S, 0 %, 40361 MiB, 46068 MiB, 90.55 W
2026/09/26 18:01:19.311, NVIDIA L40S, 0 %, 40361 MiB, 46068 MiB, 90.61 W
2026/09/26 18:01:20.312, NVIDIA L40S, 0 %, 40361 MiB, 46068 MiB, 90.61 W
2026/09/26 18:01:21.312, NVIDIA L40S, 0 %, 40361 MiB, 46068 MiB, 90.58 W
2026/09/26 18:01:22.312, NVIDIA L40S, 0 %, 40361 MiB, 46068 MiB, 90.55 W
2026/09/26 18:01:23.313, NVIDIA L40S, 0 %, 40361 MiB, 46068 MiB, 90.58 W
2026/09/26 18:01:24.313, NVIDIA L40S, 0 %, 40361 MiB, 46068 MiB, 90.61 W
2026/09/26 18:01:25.314, NVIDIA L40S, 0 %, 40361 MiB, 46068 MiB, 90.70 W
2026/09/26 18:01:26.314, NVIDIA L40S, 0 %, 40361 MiB, 46068 MiB, 90.70 W
2026/09/26 18:01:27.315, NVIDIA L40S, 0 %, 40361 MiB, 46068 MiB, 90.58 W
2026/09/26 18:01:28.315, NVIDIA L40S, 0 %, 40361 MiB, 46068 MiB, 90.58 W
2026/09/26 18:01:29.316, NVIDIA L40S, 0 %, 40361 MiB, 46068 MiB, 90.49 W
2026/09/26 18:01:30.316, NVIDIA L40S, 0 %, 40361 MiB, 46068 MiB, 90.37 W
2026/09/26 18:01:31.316, NVIDIA L40S, 0 %, 40361 MiB, 46068 MiB, 90.51 W
2026/09/26 18:01:32.317, NVIDIA L40S, 0 %, 40361 MiB, 46068 MiB, 90.58 W
2026/09/26 18:01:33.317, NVIDIA L40S, 0 %, 40361 MiB, 46068 MiB, 90.53 W
2026/09/26 18:01:34.317, NVIDIA L40S, 0 %, 40361 MiB, 46068 MiB, 90.43 W
2026/09/26 18:01:35.318, NVIDIA L40S, 0 %, 40361 MiB, 46068 MiB, 90.43 W
2026/09/26 18:01:36.318, NVIDIA L40S, 0 %, 40361 MiB, 46068 MiB, 90.58 W
2026/09/26 18:01:37.318, NVIDIA L40S, 0 %, 40361 MiB, 46068 MiB, 90.64 W
2026/09/26 18:01:38.319, NVIDIA L40S, 0 %, 40361 MiB, 46068 MiB, 90.52 W
2026/09/26 18:01:39.319, NVIDIA L40S, 0 %, 40361 MiB, 46068 MiB, 90.37 W
2026/09/26 18:01:40.319, NVIDIA L40S, 0 %, 40361 MiB, 46068 MiB, 90.34 W
2026/09/26 18:01:41.319, NVIDIA L40S, 0 %, 40361 MiB, 46068 MiB, 90.40 W
2026/09/26 18:01:42.320, NVIDIA L40S, 0 %, 40361 MiB, 46068 MiB, 90.56 W
2026/09/26 18:01:43.320, NVIDIA L40S, 0 %, 40361 MiB, 46068 MiB, 90.49 W
2026/09/26 18:01:44.320, NVIDIA L40S, 0 %, 40361 MiB, 46068 MiB, 90.40 W
2026/09/26 18:01:45.321, NVIDIA L40S, 0 %, 40361 MiB, 46068 MiB, 90.40 W
2026/09/26 18:01:46.322, NVIDIA L40S, 0 %, 40361 MiB, 46068 MiB, 90.36 W
2026/09/26 18:01:47.322, NVIDIA L40S, 0 %, 40361 MiB, 46068 MiB, 90.37 W
2026/09/26 18:01:48.322, NVIDIA L40S, 0 %, 40361 MiB, 46068 MiB, 90.37 W
2026/09/26 18:01:49.323, NVIDIA L40S, 0 %, 40361 MiB, 46068 MiB, 90.36 W
2026/09/26 18:01:50.323, NVIDIA L40S, 0 %, 40361 MiB, 46068 MiB, 90.34 W
2026/09/26 18:01:51.323, NVIDIA L40S, 0 %, 40361 MiB, 46068 MiB, 90.28 W
2026/09/26 18:01:52.324, NVIDIA L40S, 0 %, 40361 MiB, 46068 MiB, 90.36 W
2026/09/26 18:01:53.324, NVIDIA L40S, 0 %, 40361 MiB, 46068 MiB, 90.30 W
2026/09/26 18:01:54.324, NVIDIA L40S, 0 %, 40361 MiB, 46068 MiB, 90.52 W
2026/09/26 18:01:55.324, NVIDIA L40S, 0 %, 40361 MiB, 46068 MiB, 90.57 W
2026/09/26 18:01:56.325, NVIDIA L40S, 0 %, 40361 MiB, 46068 MiB, 90.33 W
2026/09/26 18:01:57.325, NVIDIA L40S, 0 %, 40361 MiB, 46068 MiB, 90.45 W
2026/09/26 18:01:58.325, NVIDIA L40S, 0 %, 40361 MiB, 46068 MiB, 90.60 W
2026/09/26 18:01:59.326, NVIDIA L40S, 0 %, 40361 MiB, 46068 MiB, 90.51 W
2026/09/26 18:02:00.326, NVIDIA L40S, 0 %, 40361 MiB, 46068 MiB, 90.36 W
2026/09/26 18:02:01.326, NVIDIA L40S, 0 %, 40361 MiB, 46068 MiB, 90.39 W
2026/09/26 18:02:02.327, NVIDIA L40S, 0 %, 40361 MiB, 46068 MiB, 90.42 W
2026/09/26 18:02:03.327, NVIDIA L40S, 0 %, 40361 MiB, 46068 MiB, 90.51 W
2026/09/26 18:02:04.328, NVIDIA L40S, 0 %, 40361 MiB, 46068 MiB, 90.55 W
2026/09/26 18:02:05.328, NVIDIA L40S, 0 %, 40361 MiB, 46068 MiB, 90.51 W
2026/09/26 18:02:06.329, NVIDIA L40S, 0 %, 40361 MiB, 46068 MiB, 90.33 W
2026/09/26 18:02:07.329, NVIDIA L40S, 0 %, 40361 MiB, 46068 MiB, 90.33 W
2026/09/26 18:02:08.329, NVIDIA L40S, 0 %, 40361 MiB, 46068 MiB, 90.42 W
2026/09/26 18:02:09.330, NVIDIA L40S, 0 %, 40361 MiB, 46068 MiB, 90.42 W
2026/09/26 18:02:10.331, NVIDIA L40S, 0 %, 40361 MiB, 46068 MiB, 90.35 W
2026/09/26 18:02:11.331, NVIDIA L40S, 0 %, 40361 MiB, 46068 MiB, 90.23 W
2026/09/26 18:02:12.331, NVIDIA L40S, 0 %, 40361 MiB, 46068 MiB, 90.35 W
2026/09/26 18:02:13.332, NVIDIA L40S, 0 %, 40361 MiB, 46068 MiB, 90.48 W
2026/09/26 18:02:14.332, NVIDIA L40S, 0 %, 40361 MiB, 46068 MiB, 90.48 W
2026/09/26 18:02:15.332, NVIDIA L40S, 0 %, 40361 MiB, 46068 MiB, 90.35 W
2026/09/26 18:02:16.333, NVIDIA L40S, 0 %, 40361 MiB, 46068 MiB, 90.35 W
2026/09/26 18:02:17.333, NVIDIA L40S, 0 %, 40361 MiB, 46068 MiB, 90.48 W
2026/09/26 18:02:18.333, NVIDIA L40S, 0 %, 40361 MiB, 46068 MiB, 90.35 W
2026/09/26 18:02:19.334, NVIDIA L40S, 0 %, 40361 MiB, 46068 MiB, 90.35 W
2026/09/26 18:02:20.334, NVIDIA L40S, 0 %, 40361 MiB, 46068 MiB, 90.35 W
2026/09/26 18:02:21.334, NVIDIA L40S, 0 %, 40361 MiB, 46068 MiB, 90.23 W
2026/09/26 18:02:22.335, NVIDIA L40S, 0 %, 40361 MiB, 46068 MiB, 90.23 W
2026/09/26 18:02:23.335, NVIDIA L40S, 0 %, 40361 MiB, 46068 MiB, 90.35 W
2026/09/26 18:02:24.335, NVIDIA L40S, 0 %, 40361 MiB, 46068 MiB, 90.35 W
2026/09/26 18:02:25.336, NVIDIA L40S, 0 %, 40361 MiB, 46068 MiB, 90.23 W
2026/09/26 18:02:26.336, NVIDIA L40S, 0 %, 40361 MiB, 46068 MiB, 90.35 W
2026/09/26 18:02:27.336, NVIDIA L40S, 0 %, 40361 MiB, 46068 MiB, 90.45 W
2026/09/26 18:02:28.337, NVIDIA L40S, 0 %, 40361 MiB, 46068 MiB, 90.42 W
2026/09/26 18:02:29.337, NVIDIA L40S, 0 %, 40361 MiB, 46068 MiB, 90.45 W
2026/09/26 18:02:30.338, NVIDIA L40S, 0 %, 40361 MiB, 46068 MiB, 90.33 W
2026/09/26 18:02:31.338, NVIDIA L40S, 0 %, 40361 MiB, 46068 MiB, 90.30 W
2026/09/26 18:02:32.339, NVIDIA L40S, 0 %, 40361 MiB, 46068 MiB, 90.45 W
2026/09/26 18:02:33.339, NVIDIA L40S, 0 %, 40361 MiB, 46068 MiB, 90.57 W
2026/09/26 18:02:34.339, NVIDIA L40S, 0 %, 40361 MiB, 46068 MiB, 90.45 W
2026/09/26 18:02:35.340, NVIDIA L40S, 0 %, 40361 MiB, 46068 MiB, 90.33 W
2026/09/26 18:02:36.341, NVIDIA L40S, 0 %, 40361 MiB, 46068 MiB, 90.45 W
2026/09/26 18:02:37.341, NVIDIA L40S, 0 %, 40361 MiB, 46068 MiB, 90.35 W
2026/09/26 18:02:38.341, NVIDIA L40S, 0 %, 40361 MiB, 46068 MiB, 90.35 W
2026/09/26 18:02:39.342, NVIDIA L40S, 0 %, 40361 MiB, 46068 MiB, 90.54 W
2026/09/26 18:02:40.342, NVIDIA L40S, 0 %, 40361 MiB, 46068 MiB, 90.54 W
2026/09/26 18:02:41.342, NVIDIA L40S, 0 %, 40361 MiB, 46068 MiB, 90.36 W
2026/09/26 18:02:42.343, NVIDIA L40S, 0 %, 40361 MiB, 46068 MiB, 90.27 W
2026/09/26 18:02:43.344, NVIDIA L40S, 0 %, 40361 MiB, 46068 MiB, 90.37 W
2026/09/26 18:02:44.345, NVIDIA L40S, 0 %, 40361 MiB, 46068 MiB, 90.30 W
2026/09/26 18:02:45.345, NVIDIA L40S, 0 %, 40361 MiB, 46068 MiB, 90.30 W
2026/09/26 18:02:46.345, NVIDIA L40S, 0 %, 40361 MiB, 46068 MiB, 90.42 W
2026/09/26 18:02:47.346, NVIDIA L40S, 0 %, 40361 MiB, 46068 MiB, 90.52 W
2026/09/26 18:02:48.347, NVIDIA L40S, 0 %, 40361 MiB, 46068 MiB, 90.49 W
2026/09/26 18:02:49.347, NVIDIA L40S, 0 %, 40361 MiB, 46068 MiB, 90.39 W
2026/09/26 18:02:50.347, NVIDIA L40S, 0 %, 40361 MiB, 46068 MiB, 90.24 W
2026/09/26 18:02:51.347, NVIDIA L40S, 0 %, 40361 MiB, 46068 MiB, 90.21 W
2026/09/26 18:02:52.348, NVIDIA L40S, 0 %, 40361 MiB, 46068 MiB, 90.36 W
2026/09/26 18:02:53.349, NVIDIA L40S, 0 %, 40361 MiB, 46068 MiB, 90.51 W
2026/09/26 18:02:54.349, NVIDIA L40S, 0 %, 40361 MiB, 46068 MiB, 90.63 W
2026/09/26 18:02:55.349, NVIDIA L40S, 0 %, 40361 MiB, 46068 MiB, 90.37 W
2026/09/26 18:02:56.349, NVIDIA L40S, 0 %, 40361 MiB, 46068 MiB, 90.12 W
2026/09/26 18:02:57.350, NVIDIA L40S, 0 %, 40361 MiB, 46068 MiB, 90.27 W
2026/09/26 18:02:58.350, NVIDIA L40S, 0 %, 40361 MiB, 46068 MiB, 90.30 W
2026/09/26 18:02:59.350, NVIDIA L40S, 0 %, 40361 MiB, 46068 MiB, 90.15 W
2026/09/26 18:03:00.350, NVIDIA L40S, 0 %, 40361 MiB, 46068 MiB, 90.22 W
2026/09/26 18:03:01.351, NVIDIA L40S, 0 %, 40361 MiB, 46068 MiB, 90.34 W
2026/09/26 18:03:02.351, NVIDIA L40S, 0 %, 40361 MiB, 46068 MiB, 90.46 W
2026/09/26 18:03:03.351, NVIDIA L40S, 0 %, 40361 MiB, 46068 MiB, 90.49 W
2026/09/26 18:03:04.351, NVIDIA L40S, 0 %, 40361 MiB, 46068 MiB, 90.39 W
2026/09/26 18:03:05.352, NVIDIA L40S, 0 %, 40361 MiB, 46068 MiB, 90.24 W
2026/09/26 18:03:06.353, NVIDIA L40S, 0 %, 40361 MiB, 46068 MiB, 90.12 W
2026/09/26 18:03:07.353, NVIDIA L40S, 0 %, 40361 MiB, 46068 MiB, 90.06 W
2026/09/26 18:03:08.353, NVIDIA L40S, 0 %, 40361 MiB, 46068 MiB, 90.25 W
2026/09/26 18:03:09.353, NVIDIA L40S, 0 %, 40361 MiB, 46068 MiB, 90.40 W
2026/09/26 18:03:10.355, NVIDIA L40S, 0 %, 40361 MiB, 46068 MiB, 90.43 W
2026/09/26 18:03:11.355, NVIDIA L40S, 0 %, 40361 MiB, 46068 MiB, 90.53 W
2026/09/26 18:03:12.356, NVIDIA L40S, 0 %, 40361 MiB, 46068 MiB, 90.40 W
2026/09/26 18:03:13.356, NVIDIA L40S, 0 %, 40361 MiB, 46068 MiB, 90.19 W
2026/09/26 18:03:14.356, NVIDIA L40S, 0 %, 40361 MiB, 46068 MiB, 90.28 W
2026/09/26 18:03:15.356, NVIDIA L40S, 0 %, 40361 MiB, 46068 MiB, 90.35 W
2026/09/26 18:03:16.357, NVIDIA L40S, 0 %, 40361 MiB, 46068 MiB, 90.38 W
2026/09/26 18:03:17.359, NVIDIA L40S, 0 %, 40361 MiB, 46068 MiB, 90.43 W
2026/09/26 18:03:18.359, NVIDIA L40S, 0 %, 40361 MiB, 46068 MiB, 90.34 W
2026/09/26 18:03:19.360, NVIDIA L40S, 0 %, 40361 MiB, 46068 MiB, 90.31 W
2026/09/26 18:03:20.360, NVIDIA L40S, 0 %, 40361 MiB, 46068 MiB, 90.25 W
2026/09/26 18:03:21.360, NVIDIA L40S, 0 %, 40361 MiB, 46068 MiB, 90.28 W
2026/09/26 18:03:22.360, NVIDIA L40S, 0 %, 40361 MiB, 46068 MiB, 90.31 W
2026/09/26 18:03:23.361, NVIDIA L40S, 0 %, 40361 MiB, 46068 MiB, 90.34 W
2026/09/26 18:03:24.362, NVIDIA L40S, 0 %, 40361 MiB, 46068 MiB, 90.24 W
2026/09/26 18:03:25.362, NVIDIA L40S, 0 %, 40361 MiB, 46068 MiB, 90.21 W
2026/09/26 18:03:26.362, NVIDIA L40S, 0 %, 40361 MiB, 46068 MiB, 90.31 W
2026/09/26 18:03:27.363, NVIDIA L40S, 0 %, 40361 MiB, 46068 MiB, 90.37 W
2026/09/26 18:03:28.363, NVIDIA L40S, 0 %, 40361 MiB, 46068 MiB, 90.34 W
2026/09/26 18:03:29.363, NVIDIA L40S, 0 %, 40361 MiB, 46068 MiB, 90.25 W
2026/09/26 18:03:30.364, NVIDIA L40S, 0 %, 40361 MiB, 46068 MiB, 90.25 W
2026/09/26 18:03:31.364, NVIDIA L40S, 0 %, 40361 MiB, 46068 MiB, 90.25 W
2026/09/26 18:03:32.365, NVIDIA L40S, 0 %, 40361 MiB, 46068 MiB, 90.25 W
2026/09/26 18:03:33.365, NVIDIA L40S, 0 %, 40361 MiB, 46068 MiB, 90.35 W
2026/09/26 18:03:34.365, NVIDIA L40S, 0 %, 40361 MiB, 46068 MiB, 90.44 W
2026/09/26 18:03:35.365, NVIDIA L40S, 0 %, 40361 MiB, 46068 MiB, 90.34 W
2026/09/26 18:03:36.366, NVIDIA L40S, 0 %, 40361 MiB, 46068 MiB, 90.37 W
2026/09/26 18:03:37.367, NVIDIA L40S, 0 %, 40361 MiB, 46068 MiB, 90.38 W
2026/09/26 18:03:38.367, NVIDIA L40S, 0 %, 40361 MiB, 46068 MiB, 90.38 W
2026/09/26 18:03:39.367, NVIDIA L40S, 0 %, 40361 MiB, 46068 MiB, 90.50 W
2026/09/26 18:03:40.368, NVIDIA L40S, 0 %, 40361 MiB, 46068 MiB, 90.50 W
2026/09/26 18:03:41.368, NVIDIA L40S, 0 %, 40361 MiB, 46068 MiB, 90.44 W
2026/09/26 18:03:42.370, NVIDIA L40S, 0 %, 40361 MiB, 46068 MiB, 90.26 W
2026/09/26 18:03:43.371, NVIDIA L40S, 0 %, 40361 MiB, 46068 MiB, 90.20 W
2026/09/26 18:03:44.371, NVIDIA L40S, 0 %, 40361 MiB, 46068 MiB, 90.25 W
2026/09/26 18:03:45.371, NVIDIA L40S, 0 %, 40361 MiB, 46068 MiB, 90.40 W
2026/09/26 18:03:46.372, NVIDIA L40S, 0 %, 40361 MiB, 46068 MiB, 90.53 W
2026/09/26 18:03:47.372, NVIDIA L40S, 0 %, 40361 MiB, 46068 MiB, 90.47 W
2026/09/26 18:03:48.372, NVIDIA L40S, 0 %, 40361 MiB, 46068 MiB, 90.32 W
2026/09/26 18:03:49.373, NVIDIA L40S, 0 %, 40361 MiB, 46068 MiB, 90.22 W
2026/09/26 18:03:50.374, NVIDIA L40S, 0 %, 40361 MiB, 46068 MiB, 90.35 W
2026/09/26 18:03:51.374, NVIDIA L40S, 0 %, 40361 MiB, 46068 MiB, 90.32 W
2026/09/26 18:03:52.374, NVIDIA L40S, 0 %, 40361 MiB, 46068 MiB, 90.41 W
2026/09/26 18:03:53.375, NVIDIA L40S, 0 %, 40361 MiB, 46068 MiB, 90.56 W
2026/09/26 18:03:54.375, NVIDIA L40S, 0 %, 40361 MiB, 46068 MiB, 90.59 W
2026/09/26 18:03:55.377, NVIDIA L40S, 0 %, 40361 MiB, 46068 MiB, 90.59 W
2026/09/26 18:03:56.377, NVIDIA L40S, 0 %, 40361 MiB, 46068 MiB, 90.52 W
2026/09/26 18:03:57.377, NVIDIA L40S, 0 %, 40361 MiB, 46068 MiB, 90.40 W
2026/09/26 18:03:58.378, NVIDIA L40S, 0 %, 40361 MiB, 46068 MiB, 90.38 W
2026/09/26 18:03:59.378, NVIDIA L40S, 0 %, 40361 MiB, 46068 MiB, 90.53 W
2026/09/26 18:04:00.378, NVIDIA L40S, 0 %, 40361 MiB, 46068 MiB, 90.37 W
2026/09/26 18:04:01.378, NVIDIA L40S, 0 %, 40361 MiB, 46068 MiB, 90.22 W
2026/09/26 18:04:02.379, NVIDIA L40S, 0 %, 40361 MiB, 46068 MiB, 90.23 W
2026/09/26 18:04:03.379, NVIDIA L40S, 0 %, 40361 MiB, 46068 MiB, 90.34 W
2026/09/26 18:04:04.380, NVIDIA L40S, 0 %, 40361 MiB, 46068 MiB, 90.37 W
2026/09/26 18:04:05.380, NVIDIA L40S, 0 %, 40361 MiB, 46068 MiB, 90.25 W
2026/09/26 18:04:06.380, NVIDIA L40S, 0 %, 40361 MiB, 46068 MiB, 90.34 W
2026/09/26 18:04:07.381, NVIDIA L40S, 0 %, 40361 MiB, 46068 MiB, 90.41 W
2026/09/26 18:04:08.381, NVIDIA L40S, 0 %, 40361 MiB, 46068 MiB, 90.44 W
2026/09/26 18:04:09.382, NVIDIA L40S, 0 %, 40361 MiB, 46068 MiB, 90.47 W
2026/09/26 18:04:10.382, NVIDIA L40S, 0 %, 40361 MiB, 46068 MiB, 90.35 W
2026/09/26 18:04:11.382, NVIDIA L40S, 0 %, 40361 MiB, 46068 MiB, 90.41 W
2026/09/26 18:04:12.383, NVIDIA L40S, 0 %, 40361 MiB, 46068 MiB, 90.50 W
2026/09/26 18:04:13.383, NVIDIA L40S, 0 %, 40361 MiB, 46068 MiB, 90.32 W
2026/09/26 18:04:14.383, NVIDIA L40S, 0 %, 40361 MiB, 46068 MiB, 90.20 W
2026/09/26 18:04:15.384, NVIDIA L40S, 0 %, 40361 MiB, 46068 MiB, 90.32 W
2026/09/26 18:04:16.384, NVIDIA L40S, 0 %, 40361 MiB, 46068 MiB, 90.20 W
2026/09/26 18:04:17.384, NVIDIA L40S, 0 %, 40361 MiB, 46068 MiB, 90.20 W
2026/09/26 18:04:18.385, NVIDIA L40S, 0 %, 40361 MiB, 46068 MiB, 90.34 W
2026/09/26 18:04:19.385, NVIDIA L40S, 0 %, 40361 MiB, 46068 MiB, 90.40 W
2026/09/26 18:04:20.385, NVIDIA L40S, 0 %, 40361 MiB, 46068 MiB, 90.52 W
2026/09/26 18:04:21.385, NVIDIA L40S, 0 %, 40361 MiB, 46068 MiB, 90.38 W
2026/09/26 18:04:22.387, NVIDIA L40S, 0 %, 40361 MiB, 46068 MiB, 90.40 W
2026/09/26 18:04:23.387, NVIDIA L40S, 0 %, 40361 MiB, 46068 MiB, 90.50 W
2026/09/26 18:04:24.388, NVIDIA L40S, 0 %, 40361 MiB, 46068 MiB, 90.35 W
2026/09/26 18:04:25.388, NVIDIA L40S, 0 %, 40361 MiB, 46068 MiB, 90.28 W
2026/09/26 18:04:26.389, NVIDIA L40S, 0 %, 40361 MiB, 46068 MiB, 90.25 W
2026/09/26 18:04:27.389, NVIDIA L40S, 0 %, 40361 MiB, 46068 MiB, 90.35 W
2026/09/26 18:04:28.389, NVIDIA L40S, 0 %, 40361 MiB, 46068 MiB, 90.44 W
2026/09/26 18:04:29.390, NVIDIA L40S, 0 %, 40361 MiB, 46068 MiB, 90.41 W
2026/09/26 18:04:30.390, NVIDIA L40S, 0 %, 40361 MiB, 46068 MiB, 90.44 W
2026/09/26 18:04:31.391, NVIDIA L40S, 0 %, 40361 MiB, 46068 MiB, 90.56 W
2026/09/26 18:04:32.391, NVIDIA L40S, 0 %, 40361 MiB, 46068 MiB, 90.47 W
2026/09/26 18:04:33.391, NVIDIA L40S, 0 %, 40361 MiB, 46068 MiB, 90.38 W
2026/09/26 18:04:34.395, NVIDIA L40S, 0 %, 40361 MiB, 46068 MiB, 90.47 W
2026/09/26 18:04:35.395, NVIDIA L40S, 0 %, 40361 MiB, 46068 MiB, 90.44 W
2026/09/26 18:04:36.395, NVIDIA L40S, 0 %, 40361 MiB, 46068 MiB, 90.47 W
2026/09/26 18:04:37.396, NVIDIA L40S, 0 %, 40361 MiB, 46068 MiB, 90.51 W
2026/09/26 18:04:38.396, NVIDIA L40S, 0 %, 40361 MiB, 46068 MiB, 90.38 W
2026/09/26 18:04:39.397, NVIDIA L40S, 0 %, 40361 MiB, 46068 MiB, 90.32 W
2026/09/26 18:04:40.397, NVIDIA L40S, 0 %, 40361 MiB, 46068 MiB, 90.26 W
2026/09/26 18:04:41.398, NVIDIA L40S, 0 %, 40361 MiB, 46068 MiB, 90.41 W
2026/09/26 18:04:42.398, NVIDIA L40S, 0 %, 40361 MiB, 46068 MiB, 90.41 W
2026/09/26 18:04:43.398, NVIDIA L40S, 0 %, 40361 MiB, 46068 MiB, 90.14 W
2026/09/26 18:04:44.399, NVIDIA L40S, 0 %, 40361 MiB, 46068 MiB, 90.36 W
2026/09/26 18:04:45.399, NVIDIA L40S, 0 %, 40361 MiB, 46068 MiB, 90.51 W
2026/09/26 18:04:46.399, NVIDIA L40S, 0 %, 40361 MiB, 46068 MiB, 90.44 W
2026/09/26 18:04:47.400, NVIDIA L40S, 0 %, 40361 MiB, 46068 MiB, 90.47 W
2026/09/26 18:04:48.400, NVIDIA L40S, 0 %, 40361 MiB, 46068 MiB, 90.50 W
2026/09/26 18:04:49.401, NVIDIA L40S, 0 %, 40361 MiB, 46068 MiB, 90.62 W
2026/09/26 18:04:50.401, NVIDIA L40S, 0 %, 40361 MiB, 46068 MiB, 90.47 W
2026/09/26 18:04:51.401, NVIDIA L40S, 0 %, 40361 MiB, 46068 MiB, 90.29 W
2026/09/26 18:04:52.402, NVIDIA L40S, 0 %, 40361 MiB, 46068 MiB, 90.17 W
2026/09/26 18:04:53.403, NVIDIA L40S, 0 %, 40361 MiB, 46068 MiB, 90.17 W
2026/09/26 18:04:54.403, NVIDIA L40S, 0 %, 40361 MiB, 46068 MiB, 90.59 W
2026/09/26 18:04:55.403, NVIDIA L40S, 0 %, 40361 MiB, 46068 MiB, 90.74 W
2026/09/26 18:04:56.404, NVIDIA L40S, 0 %, 40361 MiB, 46068 MiB, 90.44 W
2026/09/26 18:04:57.404, NVIDIA L40S, 0 %, 40361 MiB, 46068 MiB, 90.44 W
2026/09/26 18:04:58.404, NVIDIA L40S, 0 %, 40361 MiB, 46068 MiB, 90.47 W
2026/09/26 18:04:59.405, NVIDIA L40S, 0 %, 40361 MiB, 46068 MiB, 90.37 W
2026/09/26 18:05:00.406, NVIDIA L40S, 0 %, 40361 MiB, 46068 MiB, 90.50 W
2026/09/26 18:05:01.406, NVIDIA L40S, 0 %, 40361 MiB, 46068 MiB, 90.35 W
2026/09/26 18:05:02.406, NVIDIA L40S, 100 %, 40361 MiB, 46068 MiB, 167.55 W
2026/09/26 18:05:03.407, NVIDIA L40S, 99 %, 40361 MiB, 46068 MiB, 251.25 W
2026/09/26 18:05:04.407, NVIDIA L40S, 100 %, 40361 MiB, 46068 MiB, 240.45 W
2026/09/26 18:05:05.407, NVIDIA L40S, 100 %, 40361 MiB, 46068 MiB, 258.67 W
2026/09/26 18:05:06.408, NVIDIA L40S, 100 %, 40361 MiB, 46068 MiB, 265.13 W
2026/09/26 18:05:07.409, NVIDIA L40S, 100 %, 40361 MiB, 46068 MiB, 243.83 W
2026/09/26 18:05:08.409, NVIDIA L40S, 100 %, 40361 MiB, 46068 MiB, 258.37 W
2026/09/26 18:05:09.410, NVIDIA L40S, 100 %, 40361 MiB, 46068 MiB, 252.10 W
2026/09/26 18:05:10.410, NVIDIA L40S, 100 %, 40361 MiB, 46068 MiB, 245.04 W
2026/09/26 18:05:11.410, NVIDIA L40S, 100 %, 40361 MiB, 46068 MiB, 249.57 W
2026/09/26 18:05:12.411, NVIDIA L40S, 100 %, 40361 MiB, 46068 MiB, 264.67 W
2026/09/26 18:05:13.411, NVIDIA L40S, 100 %, 40361 MiB, 46068 MiB, 245.32 W
2026/09/26 18:05:14.411, NVIDIA L40S, 100 %, 40361 MiB, 46068 MiB, 266.10 W
2026/09/26 18:05:15.412, NVIDIA L40S, 100 %, 40361 MiB, 46068 MiB, 256.36 W
2026/09/26 18:05:16.412, NVIDIA L40S, 100 %, 40361 MiB, 46068 MiB, 246.58 W
2026/09/26 18:05:17.413, NVIDIA L40S, 100 %, 40361 MiB, 46068 MiB, 253.88 W
2026/09/26 18:05:18.413, NVIDIA L40S, 100 %, 40361 MiB, 46068 MiB, 251.92 W
2026/09/26 18:05:19.413, NVIDIA L40S, 100 %, 40361 MiB, 46068 MiB, 245.89 W
2026/09/26 18:05:20.414, NVIDIA L40S, 100 %, 40361 MiB, 46068 MiB, 264.00 W
2026/09/26 18:05:21.414, NVIDIA L40S, 100 %, 40361 MiB, 46068 MiB, 266.13 W
2026/09/26 18:05:22.414, NVIDIA L40S, 100 %, 40361 MiB, 46068 MiB, 247.65 W
2026/09/26 18:05:23.416, NVIDIA L40S, 100 %, 40361 MiB, 46068 MiB, 259.48 W
2026/09/26 18:05:24.416, NVIDIA L40S, 0 %, 40361 MiB, 46068 MiB, 179.35 W
2026/09/26 18:05:25.416, NVIDIA L40S, 0 %, 40361 MiB, 46068 MiB, 109.62 W
2026/09/26 18:05:26.417, NVIDIA L40S, 0 %, 40361 MiB, 46068 MiB, 94.90 W
2026/09/26 18:05:27.417, NVIDIA L40S, 0 %, 40361 MiB, 46068 MiB, 94.77 W
2026/09/26 18:05:28.417, NVIDIA L40S, 0 %, 40361 MiB, 46068 MiB, 94.53 W
2026/09/26 18:05:29.418, NVIDIA L40S, 0 %, 40361 MiB, 46068 MiB, 94.44 W
2026/09/26 18:05:30.418, NVIDIA L40S, 0 %, 40361 MiB, 46068 MiB, 94.31 W
2026/09/26 18:05:31.419, NVIDIA L40S, 0 %, 40361 MiB, 46068 MiB, 94.26 W
2026/09/26 18:05:32.419, NVIDIA L40S, 0 %, 40361 MiB, 46068 MiB, 94.26 W
2026/09/26 18:05:33.419, NVIDIA L40S, 0 %, 40361 MiB, 46068 MiB, 94.08 W
2026/09/26 18:05:34.420, NVIDIA L40S, 0 %, 40361 MiB, 46068 MiB, 94.05 W
2026/09/26 18:05:35.420, NVIDIA L40S, 0 %, 40361 MiB, 46068 MiB, 94.08 W
2026/09/26 18:05:36.421, NVIDIA L40S, 0 %, 40361 MiB, 46068 MiB, 93.96 W
2026/09/26 18:05:37.421, NVIDIA L40S, 0 %, 40361 MiB, 46068 MiB, 93.84 W
2026/09/26 18:05:38.422, NVIDIA L40S, 0 %, 40361 MiB, 46068 MiB, 93.78 W
2026/09/26 18:05:39.422, NVIDIA L40S, 0 %, 40361 MiB, 46068 MiB, 93.69 W
2026/09/26 18:05:40.423, NVIDIA L40S, 0 %, 40361 MiB, 46068 MiB, 93.54 W
2026/09/26 18:05:41.423, NVIDIA L40S, 0 %, 40361 MiB, 46068 MiB, 93.56 W
2026/09/26 18:05:42.426, NVIDIA L40S, 0 %, 40361 MiB, 46068 MiB, 93.65 W
2026/09/26 18:05:43.427, NVIDIA L40S, 0 %, 40361 MiB, 46068 MiB, 93.57 W
2026/09/26 18:05:44.427, NVIDIA L40S, 0 %, 40361 MiB, 46068 MiB, 93.45 W
2026/09/26 18:05:45.428, NVIDIA L40S, 0 %, 40361 MiB, 46068 MiB, 93.36 W
2026/09/26 18:05:46.428, NVIDIA L40S, 0 %, 40361 MiB, 46068 MiB, 93.26 W
2026/09/26 18:05:47.429, NVIDIA L40S, 0 %, 40361 MiB, 46068 MiB, 93.26 W
2026/09/26 18:05:48.429, NVIDIA L40S, 0 %, 40361 MiB, 46068 MiB, 93.36 W
2026/09/26 18:05:49.429, NVIDIA L40S, 0 %, 40361 MiB, 46068 MiB, 93.38 W
2026/09/26 18:05:50.430, NVIDIA L40S, 0 %, 40361 MiB, 46068 MiB, 93.42 W
2026/09/26 18:05:51.432, NVIDIA L40S, 0 %, 40361 MiB, 46068 MiB, 93.41 W
2026/09/26 18:05:52.432, NVIDIA L40S, 0 %, 40361 MiB, 46068 MiB, 93.29 W
2026/09/26 18:05:53.434, NVIDIA L40S, 0 %, 40361 MiB, 46068 MiB, 93.17 W
2026/09/26 18:05:54.434, NVIDIA L40S, 0 %, 40361 MiB, 46068 MiB, 93.11 W
2026/09/26 18:05:55.435, NVIDIA L40S, 0 %, 40361 MiB, 46068 MiB, 93.08 W
2026/09/26 18:05:56.435, NVIDIA L40S, 0 %, 40361 MiB, 46068 MiB, 93.08 W
2026/09/26 18:05:57.436, NVIDIA L40S, 0 %, 40361 MiB, 46068 MiB, 93.08 W
2026/09/26 18:05:58.436, NVIDIA L40S, 0 %, 40361 MiB, 46068 MiB, 92.96 W
2026/09/26 18:05:59.436, NVIDIA L40S, 0 %, 40361 MiB, 46068 MiB, 92.57 W
2026/09/26 18:06:00.436, NVIDIA L40S, 0 %, 40361 MiB, 46068 MiB, 92.60 W
2026/09/26 18:06:01.437, NVIDIA L40S, 0 %, 40361 MiB, 46068 MiB, 92.75 W
2026/09/26 18:06:02.437, NVIDIA L40S, 0 %, 40361 MiB, 46068 MiB, 92.99 W
2026/09/26 18:06:03.438, NVIDIA L40S, 0 %, 40361 MiB, 46068 MiB, 93.02 W
2026/09/26 18:06:04.438, NVIDIA L40S, 0 %, 40361 MiB, 46068 MiB, 92.71 W
2026/09/26 18:06:05.438, NVIDIA L40S, 0 %, 40361 MiB, 46068 MiB, 92.78 W
2026/09/26 18:06:06.439, NVIDIA L40S, 0 %, 40361 MiB, 46068 MiB, 92.72 W
2026/09/26 18:06:07.439, NVIDIA L40S, 0 %, 40361 MiB, 46068 MiB, 92.78 W
2026/09/26 18:06:08.439, NVIDIA L40S, 0 %, 40361 MiB, 46068 MiB, 92.78 W
2026/09/26 18:06:09.440, NVIDIA L40S, 0 %, 40361 MiB, 46068 MiB, 92.62 W
2026/09/26 18:06:10.440, NVIDIA L40S, 0 %, 40361 MiB, 46068 MiB, 92.71 W
2026/09/26 18:06:11.440, NVIDIA L40S, 0 %, 40361 MiB, 46068 MiB, 91.62 W
2026/09/26 18:06:12.441, NVIDIA L40S, 0 %, 40361 MiB, 46068 MiB, 90.53 W
2026/09/26 18:06:13.441, NVIDIA L40S, 0 %, 40361 MiB, 46068 MiB, 90.51 W
2026/09/26 18:06:14.441, NVIDIA L40S, 0 %, 40361 MiB, 46068 MiB, 90.51 W
2026/09/26 18:06:15.442, NVIDIA L40S, 0 %, 40361 MiB, 46068 MiB, 90.50 W
2026/09/26 18:06:16.442, NVIDIA L40S, 0 %, 40361 MiB, 46068 MiB, 90.41 W
2026/09/26 18:06:17.442, NVIDIA L40S, 0 %, 40361 MiB, 46068 MiB, 90.44 W
2026/09/26 18:06:18.443, NVIDIA L40S, 0 %, 40361 MiB, 46068 MiB, 90.27 W
2026/09/26 18:06:19.443, NVIDIA L40S, 0 %, 40361 MiB, 46068 MiB, 90.26 W
2026/09/26 18:06:20.443, NVIDIA L40S, 0 %, 40361 MiB, 46068 MiB, 90.35 W
2026/09/26 18:06:21.443, NVIDIA L40S, 0 %, 40361 MiB, 46068 MiB, 90.25 W
2026/09/26 18:06:22.444, NVIDIA L40S, 0 %, 40361 MiB, 46068 MiB, 90.44 W
2026/09/26 18:06:23.444, NVIDIA L40S, 0 %, 40361 MiB, 46068 MiB, 90.41 W
2026/09/26 18:06:24.444, NVIDIA L40S, 0 %, 40361 MiB, 46068 MiB, 90.20 W
2026/09/26 18:06:25.444, NVIDIA L40S, 0 %, 40361 MiB, 46068 MiB, 90.25 W
2026/09/26 18:06:26.445, NVIDIA L40S, 0 %, 40361 MiB, 46068 MiB, 90.25 W
2026/09/26 18:06:27.445, NVIDIA L40S, 0 %, 40361 MiB, 46068 MiB, 90.10 W
2026/09/26 18:06:28.445, NVIDIA L40S, 0 %, 40361 MiB, 46068 MiB, 90.10 W
2026/09/26 18:06:29.447, NVIDIA L40S, 0 %, 40361 MiB, 46068 MiB, 90.37 W
2026/09/26 18:06:30.447, NVIDIA L40S, 0 %, 40361 MiB, 46068 MiB, 90.40 W
2026/09/26 18:06:31.448, NVIDIA L40S, 100 %, 40361 MiB, 46068 MiB, 195.32 W
2026/09/26 18:06:32.448, NVIDIA L40S, 100 %, 40361 MiB, 46068 MiB, 244.46 W
2026/09/26 18:06:33.448, NVIDIA L40S, 100 %, 40361 MiB, 46068 MiB, 245.02 W
2026/09/26 18:06:34.448, NVIDIA L40S, 100 %, 40361 MiB, 46068 MiB, 245.15 W
2026/09/26 18:06:35.449, NVIDIA L40S, 100 %, 40361 MiB, 46068 MiB, 245.78 W
2026/09/26 18:06:36.449, NVIDIA L40S, 100 %, 40361 MiB, 46068 MiB, 246.10 W
2026/09/26 18:06:37.449, NVIDIA L40S, 100 %, 40361 MiB, 46068 MiB, 246.15 W
2026/09/26 18:06:38.450, NVIDIA L40S, 100 %, 40361 MiB, 46068 MiB, 246.52 W
2026/09/26 18:06:39.450, NVIDIA L40S, 100 %, 40361 MiB, 46068 MiB, 246.66 W
2026/09/26 18:06:40.451, NVIDIA L40S, 100 %, 40361 MiB, 46068 MiB, 246.87 W
2026/09/26 18:06:41.451, NVIDIA L40S, 100 %, 40361 MiB, 46068 MiB, 247.28 W
2026/09/26 18:06:42.452, NVIDIA L40S, 100 %, 40361 MiB, 46068 MiB, 252.49 W
2026/09/26 18:06:43.452, NVIDIA L40S, 100 %, 40361 MiB, 46068 MiB, 247.61 W
2026/09/26 18:06:44.452, NVIDIA L40S, 100 %, 40361 MiB, 46068 MiB, 247.79 W
2026/09/26 18:06:45.452, NVIDIA L40S, 100 %, 40361 MiB, 46068 MiB, 247.91 W
2026/09/26 18:06:46.453, NVIDIA L40S, 100 %, 40361 MiB, 46068 MiB, 248.19 W
2026/09/26 18:06:47.453, NVIDIA L40S, 100 %, 40361 MiB, 46068 MiB, 248.44 W
2026/09/26 18:06:48.458, NVIDIA L40S, 100 %, 40361 MiB, 46068 MiB, 248.76 W
2026/09/26 18:06:49.459, NVIDIA L40S, 100 %, 40361 MiB, 46068 MiB, 248.70 W
2026/09/26 18:06:50.459, NVIDIA L40S, 100 %, 40361 MiB, 46068 MiB, 248.63 W
2026/09/26 18:06:51.460, NVIDIA L40S, 100 %, 40361 MiB, 46068 MiB, 248.73 W
2026/09/26 18:06:52.460, NVIDIA L40S, 100 %, 40361 MiB, 46068 MiB, 249.12 W
2026/09/26 18:06:53.460, NVIDIA L40S, 100 %, 40361 MiB, 46068 MiB, 260.74 W
2026/09/26 18:06:54.461, NVIDIA L40S, 100 %, 40361 MiB, 46068 MiB, 249.15 W
2026/09/26 18:06:55.461, NVIDIA L40S, 100 %, 40361 MiB, 46068 MiB, 249.56 W
2026/09/26 18:06:56.462, NVIDIA L40S, 100 %, 40361 MiB, 46068 MiB, 249.51 W
2026/09/26 18:06:57.462, NVIDIA L40S, 100 %, 40361 MiB, 46068 MiB, 249.75 W
2026/09/26 18:06:58.462, NVIDIA L40S, 100 %, 40361 MiB, 46068 MiB, 249.77 W
2026/09/26 18:06:59.463, NVIDIA L40S, 100 %, 40361 MiB, 46068 MiB, 250.14 W
2026/09/26 18:07:00.463, NVIDIA L40S, 100 %, 40361 MiB, 46068 MiB, 250.09 W
2026/09/26 18:07:01.463, NVIDIA L40S, 100 %, 40361 MiB, 46068 MiB, 250.06 W
2026/09/26 18:07:02.464, NVIDIA L40S, 100 %, 40361 MiB, 46068 MiB, 250.14 W
2026/09/26 18:07:03.465, NVIDIA L40S, 100 %, 40361 MiB, 46068 MiB, 259.72 W
2026/09/26 18:07:04.465, NVIDIA L40S, 100 %, 40361 MiB, 46068 MiB, 265.33 W
2026/09/26 18:07:05.465, NVIDIA L40S, 100 %, 40361 MiB, 46068 MiB, 248.93 W
2026/09/26 18:07:06.465, NVIDIA L40S, 100 %, 40361 MiB, 46068 MiB, 249.06 W
2026/09/26 18:07:07.466, NVIDIA L40S, 100 %, 40361 MiB, 46068 MiB, 248.98 W
2026/09/26 18:07:08.468, NVIDIA L40S, 100 %, 40361 MiB, 46068 MiB, 249.36 W
2026/09/26 18:07:09.468, NVIDIA L40S, 100 %, 40361 MiB, 46068 MiB, 249.45 W
2026/09/26 18:07:10.468, NVIDIA L40S, 100 %, 40361 MiB, 46068 MiB, 249.63 W
2026/09/26 18:07:11.469, NVIDIA L40S, 100 %, 40361 MiB, 46068 MiB, 249.97 W
2026/09/26 18:07:12.469, NVIDIA L40S, 100 %, 40361 MiB, 46068 MiB, 249.70 W
2026/09/26 18:07:13.469, NVIDIA L40S, 100 %, 40361 MiB, 46068 MiB, 249.38 W
2026/09/26 18:07:14.470, NVIDIA L40S, 100 %, 40361 MiB, 46068 MiB, 260.11 W
2026/09/26 18:07:15.471, NVIDIA L40S, 100 %, 40361 MiB, 46068 MiB, 261.07 W
2026/09/26 18:07:16.472, NVIDIA L40S, 100 %, 40361 MiB, 46068 MiB, 250.01 W
2026/09/26 18:07:17.472, NVIDIA L40S, 100 %, 40361 MiB, 46068 MiB, 250.17 W
2026/09/26 18:07:18.472, NVIDIA L40S, 100 %, 40361 MiB, 46068 MiB, 250.22 W
2026/09/26 18:07:19.473, NVIDIA L40S, 100 %, 40361 MiB, 46068 MiB, 250.24 W
2026/09/26 18:07:21.101, NVIDIA L40S, 100 %, 40361 MiB, 46068 MiB, 250.50 W
2026/09/26 18:07:22.101, NVIDIA L40S, 100 %, 40361 MiB, 46068 MiB, 250.34 W
2026/09/26 18:07:23.101, NVIDIA L40S, 100 %, 40361 MiB, 46068 MiB, 250.37 W
2026/09/26 18:07:24.102, NVIDIA L40S, 100 %, 40361 MiB, 46068 MiB, 250.64 W
2026/09/26 18:07:25.102, NVIDIA L40S, 100 %, 40361 MiB, 46068 MiB, 250.57 W
2026/09/26 18:07:26.102, NVIDIA L40S, 100 %, 40361 MiB, 46068 MiB, 266.14 W
2026/09/26 18:07:27.103, NVIDIA L40S, 100 %, 40361 MiB, 46068 MiB, 250.85 W
2026/09/26 18:07:28.103, NVIDIA L40S, 100 %, 40361 MiB, 46068 MiB, 250.71 W
2026/09/26 18:07:29.104, NVIDIA L40S, 100 %, 40361 MiB, 46068 MiB, 251.00 W
2026/09/26 18:07:30.104, NVIDIA L40S, 100 %, 40361 MiB, 46068 MiB, 251.08 W
2026/09/26 18:07:31.104, NVIDIA L40S, 100 %, 40361 MiB, 46068 MiB, 251.19 W
2026/09/26 18:07:32.104, NVIDIA L40S, 100 %, 40361 MiB, 46068 MiB, 251.09 W
2026/09/26 18:07:33.108, NVIDIA L40S, 100 %, 40361 MiB, 46068 MiB, 251.30 W
2026/09/26 18:07:34.108, NVIDIA L40S, 100 %, 40361 MiB, 46068 MiB, 251.19 W
2026/09/26 18:07:35.108, NVIDIA L40S, 100 %, 40361 MiB, 46068 MiB, 251.26 W
2026/09/26 18:07:36.109, NVIDIA L40S, 100 %, 40361 MiB, 46068 MiB, 251.70 W
2026/09/26 18:07:37.109, NVIDIA L40S, 100 %, 40361 MiB, 46068 MiB, 260.62 W
2026/09/26 18:07:38.109, NVIDIA L40S, 100 %, 40361 MiB, 46068 MiB, 253.18 W
2026/09/26 18:07:39.110, NVIDIA L40S, 100 %, 40361 MiB, 46068 MiB, 253.21 W
2026/09/26 18:07:40.110, NVIDIA L40S, 100 %, 40361 MiB, 46068 MiB, 253.57 W
2026/09/26 18:07:41.110, NVIDIA L40S, 100 %, 40361 MiB, 46068 MiB, 253.57 W
2026/09/26 18:07:42.111, NVIDIA L40S, 100 %, 40361 MiB, 46068 MiB, 253.53 W
2026/09/26 18:07:43.111, NVIDIA L40S, 100 %, 40361 MiB, 46068 MiB, 253.83 W
2026/09/26 18:07:44.112, NVIDIA L40S, 100 %, 40361 MiB, 46068 MiB, 253.85 W
2026/09/26 18:07:45.112, NVIDIA L40S, 100 %, 40361 MiB, 46068 MiB, 253.91 W
2026/09/26 18:07:46.112, NVIDIA L40S, 100 %, 40361 MiB, 46068 MiB, 253.63 W
2026/09/26 18:07:47.112, NVIDIA L40S, 100 %, 40361 MiB, 46068 MiB, 254.09 W
2026/09/26 18:07:48.113, NVIDIA L40S, 100 %, 40361 MiB, 46068 MiB, 270.34 W
2026/09/26 18:07:49.113, NVIDIA L40S, 100 %, 40361 MiB, 46068 MiB, 251.77 W
2026/09/26 18:07:50.113, NVIDIA L40S, 100 %, 40361 MiB, 46068 MiB, 252.21 W
2026/09/26 18:07:51.114, NVIDIA L40S, 100 %, 40361 MiB, 46068 MiB, 252.03 W
2026/09/26 18:07:52.117, NVIDIA L40S, 100 %, 40361 MiB, 46068 MiB, 251.93 W
2026/09/26 18:07:53.117, NVIDIA L40S, 100 %, 40361 MiB, 46068 MiB, 252.26 W
2026/09/26 18:07:54.118, NVIDIA L40S, 100 %, 40361 MiB, 46068 MiB, 252.18 W
2026/09/26 18:07:55.118, NVIDIA L40S, 100 %, 40361 MiB, 46068 MiB, 252.53 W
2026/09/26 18:07:56.118, NVIDIA L40S, 100 %, 40361 MiB, 46068 MiB, 252.29 W
2026/09/26 18:07:57.119, NVIDIA L40S, 100 %, 40361 MiB, 46068 MiB, 252.14 W
2026/09/26 18:07:58.120, NVIDIA L40S, 100 %, 40361 MiB, 46068 MiB, 252.36 W
2026/09/26 18:07:59.120, NVIDIA L40S, 100 %, 40361 MiB, 46068 MiB, 265.11 W
2026/09/26 18:08:00.120, NVIDIA L40S, 100 %, 40361 MiB, 46068 MiB, 252.60 W
2026/09/26 18:08:01.121, NVIDIA L40S, 100 %, 40361 MiB, 46068 MiB, 252.32 W
2026/09/26 18:08:02.121, NVIDIA L40S, 100 %, 40361 MiB, 46068 MiB, 252.40 W
2026/09/26 18:08:03.121, NVIDIA L40S, 100 %, 40361 MiB, 46068 MiB, 252.62 W
2026/09/26 18:08:04.122, NVIDIA L40S, 100 %, 40361 MiB, 46068 MiB, 252.54 W
2026/09/26 18:08:05.123, NVIDIA L40S, 100 %, 40361 MiB, 46068 MiB, 252.53 W
2026/09/26 18:08:06.123, NVIDIA L40S, 100 %, 40361 MiB, 46068 MiB, 252.71 W
2026/09/26 18:08:07.123, NVIDIA L40S, 100 %, 40361 MiB, 46068 MiB, 253.04 W
2026/09/26 18:08:08.123, NVIDIA L40S, 100 %, 40361 MiB, 46068 MiB, 253.08 W
2026/09/26 18:08:09.126, NVIDIA L40S, 100 %, 40361 MiB, 46068 MiB, 252.81 W
2026/09/26 18:08:10.126, NVIDIA L40S, 100 %, 40361 MiB, 46068 MiB, 267.12 W
2026/09/26 18:08:11.126, NVIDIA L40S, 100 %, 40361 MiB, 46068 MiB, 252.71 W
2026/09/26 18:08:12.127, NVIDIA L40S, 100 %, 40361 MiB, 46068 MiB, 252.64 W
2026/09/26 18:08:13.127, NVIDIA L40S, 100 %, 40361 MiB, 46068 MiB, 252.58 W
2026/09/26 18:08:14.131, NVIDIA L40S, 100 %, 40361 MiB, 46068 MiB, 252.94 W
2026/09/26 18:08:15.131, NVIDIA L40S, 100 %, 40361 MiB, 46068 MiB, 252.87 W
2026/09/26 18:08:16.133, NVIDIA L40S, 100 %, 40361 MiB, 46068 MiB, 252.88 W
2026/09/26 18:08:17.133, NVIDIA L40S, 100 %, 40361 MiB, 46068 MiB, 253.14 W
2026/09/26 18:08:18.133, NVIDIA L40S, 100 %, 40361 MiB, 46068 MiB, 252.86 W
2026/09/26 18:08:19.134, NVIDIA L40S, 100 %, 40361 MiB, 46068 MiB, 253.10 W
2026/09/26 18:08:20.134, NVIDIA L40S, 100 %, 40361 MiB, 46068 MiB, 252.99 W
2026/09/26 18:08:21.136, NVIDIA L40S, 100 %, 40361 MiB, 46068 MiB, 271.53 W
2026/09/26 18:08:22.136, NVIDIA L40S, 100 %, 40361 MiB, 46068 MiB, 254.59 W
2026/09/26 18:08:23.137, NVIDIA L40S, 100 %, 40361 MiB, 46068 MiB, 255.05 W
2026/09/26 18:08:24.137, NVIDIA L40S, 100 %, 40361 MiB, 46068 MiB, 255.00 W
2026/09/26 18:08:25.138, NVIDIA L40S, 100 %, 40361 MiB, 46068 MiB, 254.92 W
2026/09/26 18:08:26.138, NVIDIA L40S, 100 %, 40361 MiB, 46068 MiB, 255.25 W
2026/09/26 18:08:27.138, NVIDIA L40S, 100 %, 40361 MiB, 46068 MiB, 255.10 W
2026/09/26 18:08:28.139, NVIDIA L40S, 100 %, 40361 MiB, 46068 MiB, 255.21 W
2026/09/26 18:08:29.139, NVIDIA L40S, 100 %, 40361 MiB, 46068 MiB, 255.04 W
2026/09/26 18:08:30.140, NVIDIA L40S, 100 %, 40361 MiB, 46068 MiB, 255.14 W
2026/09/26 18:08:31.140, NVIDIA L40S, 100 %, 40361 MiB, 46068 MiB, 263.95 W
2026/09/26 18:08:32.141, NVIDIA L40S, 100 %, 40361 MiB, 46068 MiB, 260.36 W
2026/09/26 18:08:33.141, NVIDIA L40S, 100 %, 40361 MiB, 46068 MiB, 253.45 W
2026/09/26 18:08:34.141, NVIDIA L40S, 100 %, 40361 MiB, 46068 MiB, 253.34 W
2026/09/26 18:08:35.142, NVIDIA L40S, 100 %, 40361 MiB, 46068 MiB, 253.41 W
2026/09/26 18:08:36.142, NVIDIA L40S, 100 %, 40361 MiB, 46068 MiB, 253.54 W
2026/09/26 18:08:37.142, NVIDIA L40S, 100 %, 40361 MiB, 46068 MiB, 253.41 W
2026/09/26 18:08:38.143, NVIDIA L40S, 100 %, 40361 MiB, 46068 MiB, 253.68 W
2026/09/26 18:08:39.143, NVIDIA L40S, 100 %, 40361 MiB, 46068 MiB, 253.51 W
2026/09/26 18:08:40.143, NVIDIA L40S, 100 %, 40361 MiB, 46068 MiB, 253.49 W
2026/09/26 18:08:41.144, NVIDIA L40S, 100 %, 40361 MiB, 46068 MiB, 253.77 W
2026/09/26 18:08:42.145, NVIDIA L40S, 100 %, 40361 MiB, 46068 MiB, 273.25 W
2026/09/26 18:08:43.145, NVIDIA L40S, 100 %, 40361 MiB, 46068 MiB, 262.19 W
2026/09/26 18:08:44.146, NVIDIA L40S, 100 %, 40361 MiB, 46068 MiB, 255.66 W
2026/09/26 18:08:45.146, NVIDIA L40S, 100 %, 40361 MiB, 46068 MiB, 255.39 W
2026/09/26 18:08:46.146, NVIDIA L40S, 100 %, 40361 MiB, 46068 MiB, 255.51 W
2026/09/26 18:08:47.147, NVIDIA L40S, 100 %, 40361 MiB, 46068 MiB, 255.49 W
2026/09/26 18:08:48.148, NVIDIA L40S, 100 %, 40361 MiB, 46068 MiB, 255.53 W
2026/09/26 18:08:49.179, NVIDIA L40S, 100 %, 40361 MiB, 46068 MiB, 255.74 W
2026/09/26 18:08:50.181, NVIDIA L40S, 100 %, 40361 MiB, 46068 MiB, 255.61 W
2026/09/26 18:08:51.181, NVIDIA L40S, 100 %, 40361 MiB, 46068 MiB, 255.55 W
2026/09/26 18:08:52.181, NVIDIA L40S, 100 %, 40361 MiB, 46068 MiB, 255.21 W
2026/09/26 18:08:53.182, NVIDIA L40S, 93 %, 40361 MiB, 46068 MiB, 261.92 W
2026/09/26 18:08:54.183, NVIDIA L40S, 100 %, 40361 MiB, 46068 MiB, 251.55 W
2026/09/26 18:08:55.184, NVIDIA L40S, 100 %, 40361 MiB, 46068 MiB, 253.82 W
2026/09/26 18:08:56.184, NVIDIA L40S, 100 %, 40361 MiB, 46068 MiB, 253.75 W
2026/09/26 18:08:57.184, NVIDIA L40S, 100 %, 40361 MiB, 46068 MiB, 253.68 W
2026/09/26 18:08:58.185, NVIDIA L40S, 100 %, 40361 MiB, 46068 MiB, 253.77 W
2026/09/26 18:08:59.185, NVIDIA L40S, 100 %, 40361 MiB, 46068 MiB, 253.99 W
2026/09/26 18:09:00.185, NVIDIA L40S, 100 %, 40361 MiB, 46068 MiB, 254.13 W
2026/09/26 18:09:01.186, NVIDIA L40S, 100 %, 40361 MiB, 46068 MiB, 253.69 W
2026/09/26 18:09:02.186, NVIDIA L40S, 100 %, 40361 MiB, 46068 MiB, 254.15 W
2026/09/26 18:09:03.186, NVIDIA L40S, 100 %, 40361 MiB, 46068 MiB, 254.01 W
2026/09/26 18:09:04.187, NVIDIA L40S, 100 %, 40361 MiB, 46068 MiB, 273.25 W
2026/09/26 18:09:05.187, NVIDIA L40S, 100 %, 40361 MiB, 46068 MiB, 252.31 W
2026/09/26 18:09:06.188, NVIDIA L40S, 100 %, 40361 MiB, 46068 MiB, 253.95 W
2026/09/26 18:09:07.188, NVIDIA L40S, 100 %, 40361 MiB, 46068 MiB, 254.05 W
2026/09/26 18:09:08.188, NVIDIA L40S, 100 %, 40361 MiB, 46068 MiB, 254.12 W
2026/09/26 18:09:09.190, NVIDIA L40S, 100 %, 40361 MiB, 46068 MiB, 254.05 W
2026/09/26 18:09:10.190, NVIDIA L40S, 100 %, 40361 MiB, 46068 MiB, 253.84 W
2026/09/26 18:09:11.191, NVIDIA L40S, 100 %, 40361 MiB, 46068 MiB, 253.89 W
2026/09/26 18:09:12.191, NVIDIA L40S, 100 %, 40361 MiB, 46068 MiB, 253.99 W
2026/09/26 18:09:13.192, NVIDIA L40S, 100 %, 40361 MiB, 46068 MiB, 253.81 W
2026/09/26 18:09:14.193, NVIDIA L40S, 100 %, 40361 MiB, 46068 MiB, 254.13 W
2026/09/26 18:09:15.193, NVIDIA L40S, 0 %, 40361 MiB, 46068 MiB, 211.90 W
2026/09/26 18:09:16.194, NVIDIA L40S, 0 %, 40361 MiB, 46068 MiB, 113.54 W
2026/09/26 18:09:17.194, NVIDIA L40S, 0 %, 40361 MiB, 46068 MiB, 98.62 W
2026/09/26 18:09:18.194, NVIDIA L40S, 0 %, 40361 MiB, 46068 MiB, 98.41 W
2026/09/26 18:09:19.195, NVIDIA L40S, 0 %, 40361 MiB, 46068 MiB, 98.11 W
2026/09/26 18:09:20.195, NVIDIA L40S, 0 %, 40361 MiB, 46068 MiB, 97.92 W
2026/09/26 18:09:21.195, NVIDIA L40S, 0 %, 40361 MiB, 46068 MiB, 97.59 W
2026/09/26 18:09:22.197, NVIDIA L40S, 0 %, 40361 MiB, 46068 MiB, 97.38 W
2026/09/26 18:09:23.197, NVIDIA L40S, 0 %, 40361 MiB, 46068 MiB, 97.35 W
2026/09/26 18:09:24.198, NVIDIA L40S, 0 %, 40361 MiB, 46068 MiB, 97.06 W
2026/09/26 18:09:25.198, NVIDIA L40S, 0 %, 40361 MiB, 46068 MiB, 96.90 W
2026/09/26 18:09:26.198, NVIDIA L40S, 0 %, 40361 MiB, 46068 MiB, 96.80 W
2026/09/26 18:09:27.199, NVIDIA L40S, 0 %, 40361 MiB, 46068 MiB, 96.57 W
2026/09/26 18:09:28.199, NVIDIA L40S, 0 %, 40361 MiB, 46068 MiB, 96.16 W
2026/09/26 18:09:29.200, NVIDIA L40S, 0 %, 40361 MiB, 46068 MiB, 95.91 W
2026/09/26 18:09:30.200, NVIDIA L40S, 0 %, 40361 MiB, 46068 MiB, 95.97 W
2026/09/26 18:09:31.201, NVIDIA L40S, 0 %, 40361 MiB, 46068 MiB, 95.91 W
2026/09/26 18:09:32.202, NVIDIA L40S, 0 %, 40361 MiB, 46068 MiB, 95.82 W
2026/09/26 18:09:33.202, NVIDIA L40S, 0 %, 40361 MiB, 46068 MiB, 95.79 W
2026/09/26 18:09:34.202, NVIDIA L40S, 0 %, 40361 MiB, 46068 MiB, 95.73 W
2026/09/26 18:09:35.203, NVIDIA L40S, 0 %, 40361 MiB, 46068 MiB, 95.49 W
2026/09/26 18:09:36.203, NVIDIA L40S, 0 %, 40361 MiB, 46068 MiB, 95.31 W
2026/09/26 18:09:37.203, NVIDIA L40S, 0 %, 40361 MiB, 46068 MiB, 95.19 W
2026/09/26 18:09:38.203, NVIDIA L40S, 0 %, 40361 MiB, 46068 MiB, 94.92 W
2026/09/26 18:09:39.205, NVIDIA L40S, 0 %, 40361 MiB, 46068 MiB, 94.89 W
2026/09/26 18:09:40.206, NVIDIA L40S, 0 %, 40361 MiB, 46068 MiB, 94.91 W
2026/09/26 18:09:41.206, NVIDIA L40S, 0 %, 40361 MiB, 46068 MiB, 94.70 W
2026/09/26 18:09:42.214, NVIDIA L40S, 0 %, 40361 MiB, 46068 MiB, 94.73 W
2026/09/26 18:09:43.215, NVIDIA L40S, 0 %, 40361 MiB, 46068 MiB, 94.82 W
2026/09/26 18:09:44.215, NVIDIA L40S, 0 %, 40361 MiB, 46068 MiB, 94.55 W
2026/09/26 18:09:45.215, NVIDIA L40S, 0 %, 40361 MiB, 46068 MiB, 94.28 W
2026/09/26 18:09:46.217, NVIDIA L40S, 0 %, 40361 MiB, 46068 MiB, 94.15 W
2026/09/26 18:09:47.217, NVIDIA L40S, 0 %, 40361 MiB, 46068 MiB, 94.27 W
2026/09/26 18:09:48.217, NVIDIA L40S, 0 %, 40361 MiB, 46068 MiB, 94.28 W
2026/09/26 18:09:49.218, NVIDIA L40S, 0 %, 40361 MiB, 46068 MiB, 94.17 W
2026/09/26 18:09:50.220, NVIDIA L40S, 0 %, 40361 MiB, 46068 MiB, 94.12 W
2026/09/26 18:09:51.220, NVIDIA L40S, 0 %, 40361 MiB, 46068 MiB, 94.12 W
2026/09/26 18:09:52.221, NVIDIA L40S, 0 %, 40361 MiB, 46068 MiB, 94.15 W
2026/09/26 18:09:53.221, NVIDIA L40S, 0 %, 40361 MiB, 46068 MiB, 93.97 W
2026/09/26 18:09:54.222, NVIDIA L40S, 0 %, 40361 MiB, 46068 MiB, 93.88 W
2026/09/26 18:09:55.224, NVIDIA L40S, 0 %, 40361 MiB, 46068 MiB, 93.96 W
2026/09/26 18:09:56.225, NVIDIA L40S, 0 %, 40361 MiB, 46068 MiB, 93.96 W
2026/09/26 18:09:57.226, NVIDIA L40S, 0 %, 40361 MiB, 46068 MiB, 93.84 W
2026/09/26 18:09:58.226, NVIDIA L40S, 0 %, 40361 MiB, 46068 MiB, 93.75 W
2026/09/26 18:09:59.226, NVIDIA L40S, 0 %, 40361 MiB, 46068 MiB, 93.55 W
2026/09/26 18:10:00.228, NVIDIA L40S, 0 %, 40361 MiB, 46068 MiB, 93.43 W
2026/09/26 18:10:01.228, NVIDIA L40S, 0 %, 40361 MiB, 46068 MiB, 93.49 W
2026/09/26 18:10:02.229, NVIDIA L40S, 0 %, 40361 MiB, 46068 MiB, 93.31 W
2026/09/26 18:10:03.229, NVIDIA L40S, 0 %, 40361 MiB, 46068 MiB, 93.10 W
2026/09/26 18:10:04.229, NVIDIA L40S, 0 %, 40361 MiB, 46068 MiB, 93.21 W
2026/09/26 18:10:05.230, NVIDIA L40S, 0 %, 40361 MiB, 46068 MiB, 93.17 W
2026/09/26 18:10:06.230, NVIDIA L40S, 0 %, 40361 MiB, 46068 MiB, 93.01 W
2026/09/26 18:10:07.231, NVIDIA L40S, 0 %, 40361 MiB, 46068 MiB, 92.98 W
2026/09/26 18:10:08.231, NVIDIA L40S, 0 %, 40361 MiB, 46068 MiB, 92.95 W
2026/09/26 18:10:09.231, NVIDIA L40S, 0 %, 40361 MiB, 46068 MiB, 92.83 W
2026/09/26 18:10:10.232, NVIDIA L40S, 0 %, 40361 MiB, 46068 MiB, 92.90 W
2026/09/26 18:10:11.232, NVIDIA L40S, 0 %, 40361 MiB, 46068 MiB, 93.04 W
2026/09/26 18:10:12.232, NVIDIA L40S, 0 %, 40361 MiB, 46068 MiB, 92.92 W
2026/09/26 18:10:13.233, NVIDIA L40S, 0 %, 40361 MiB, 46068 MiB, 92.77 W
2026/09/26 18:10:14.233, NVIDIA L40S, 0 %, 40361 MiB, 46068 MiB, 92.65 W
2026/09/26 18:10:15.234, NVIDIA L40S, 0 %, 40361 MiB, 46068 MiB, 92.56 W
2026/09/26 18:10:16.234, NVIDIA L40S, 0 %, 40361 MiB, 46068 MiB, 92.59 W
2026/09/26 18:10:17.234, NVIDIA L40S, 0 %, 40361 MiB, 46068 MiB, 92.71 W
2026/09/26 18:10:18.235, NVIDIA L40S, 0 %, 40361 MiB, 46068 MiB, 92.68 W
2026/09/26 18:10:19.235, NVIDIA L40S, 0 %, 40361 MiB, 46068 MiB, 92.59 W
2026/09/26 18:10:20.235, NVIDIA L40S, 0 %, 40361 MiB, 46068 MiB, 92.52 W
2026/09/26 18:10:21.236, NVIDIA L40S, 0 %, 40361 MiB, 46068 MiB, 92.59 W
2026/09/26 18:10:22.236, NVIDIA L40S, 0 %, 40361 MiB, 46068 MiB, 92.56 W
2026/09/26 18:10:23.236, NVIDIA L40S, 0 %, 40361 MiB, 46068 MiB, 92.44 W
2026/09/26 18:10:24.236, NVIDIA L40S, 0 %, 40361 MiB, 46068 MiB, 92.41 W
2026/09/26 18:10:25.237, NVIDIA L40S, 0 %, 40361 MiB, 46068 MiB, 92.23 W
2026/09/26 18:10:26.237, NVIDIA L40S, 0 %, 40361 MiB, 46068 MiB, 92.35 W
2026/09/26 18:10:27.237, NVIDIA L40S, 0 %, 40361 MiB, 46068 MiB, 92.47 W
2026/09/26 18:10:28.237, NVIDIA L40S, 0 %, 40361 MiB, 46068 MiB, 92.32 W
2026/09/26 18:10:29.240, NVIDIA L40S, 0 %, 40361 MiB, 46068 MiB, 92.08 W
2026/09/26 18:10:30.241, NVIDIA L40S, 0 %, 40361 MiB, 46068 MiB, 92.05 W
2026/09/26 18:10:31.241, NVIDIA L40S, 0 %, 40361 MiB, 46068 MiB, 92.23 W
2026/09/26 18:10:32.241, NVIDIA L40S, 0 %, 40361 MiB, 46068 MiB, 92.17 W
2026/09/26 18:10:33.250, NVIDIA L40S, 0 %, 40361 MiB, 46068 MiB, 92.02 W
2026/09/26 18:10:34.251, NVIDIA L40S, 0 %, 40361 MiB, 46068 MiB, 92.14 W
2026/09/26 18:10:35.251, NVIDIA L40S, 0 %, 40361 MiB, 46068 MiB, 92.26 W
2026/09/26 18:10:36.251, NVIDIA L40S, 0 %, 40361 MiB, 46068 MiB, 92.05 W
2026/09/26 18:10:37.251, NVIDIA L40S, 0 %, 40361 MiB, 46068 MiB, 92.05 W
2026/09/26 18:10:38.252, NVIDIA L40S, 0 %, 40361 MiB, 46068 MiB, 92.14 W
2026/09/26 18:10:39.252, NVIDIA L40S, 0 %, 40361 MiB, 46068 MiB, 92.05 W
2026/09/26 18:10:40.252, NVIDIA L40S, 0 %, 40361 MiB, 46068 MiB, 91.95 W
2026/09/26 18:10:41.259, NVIDIA L40S, 0 %, 40361 MiB, 46068 MiB, 92.02 W
2026/09/26 18:10:42.260, NVIDIA L40S, 0 %, 40361 MiB, 46068 MiB, 92.23 W
2026/09/26 18:10:43.260, NVIDIA L40S, 0 %, 40361 MiB, 46068 MiB, 92.05 W
2026/09/26 18:10:44.260, NVIDIA L40S, 0 %, 40361 MiB, 46068 MiB, 91.84 W
2026/09/26 18:10:45.262, NVIDIA L40S, 0 %, 40361 MiB, 46068 MiB, 91.90 W
2026/09/26 18:10:46.262, NVIDIA L40S, 0 %, 40361 MiB, 46068 MiB, 91.87 W
2026/09/26 18:10:47.263, NVIDIA L40S, 0 %, 40361 MiB, 46068 MiB, 91.89 W
2026/09/26 18:10:48.263, NVIDIA L40S, 0 %, 40361 MiB, 46068 MiB, 91.87 W
2026/09/26 18:10:49.264, NVIDIA L40S, 0 %, 40361 MiB, 46068 MiB, 91.83 W
2026/09/26 18:10:50.264, NVIDIA L40S, 0 %, 40361 MiB, 46068 MiB, 91.89 W
2026/09/26 18:10:51.264, NVIDIA L40S, 0 %, 40361 MiB, 46068 MiB, 91.95 W
2026/09/26 18:10:52.265, NVIDIA L40S, 0 %, 40361 MiB, 46068 MiB, 91.81 W
2026/09/26 18:10:53.265, NVIDIA L40S, 0 %, 40361 MiB, 46068 MiB, 91.87 W
2026/09/26 18:10:54.266, NVIDIA L40S, 0 %, 40361 MiB, 46068 MiB, 92.03 W
2026/09/26 18:10:55.267, NVIDIA L40S, 0 %, 40361 MiB, 46068 MiB, 92.02 W
2026/09/26 18:10:56.267, NVIDIA L40S, 0 %, 40361 MiB, 46068 MiB, 92.11 W
2026/09/26 18:10:57.267, NVIDIA L40S, 0 %, 40361 MiB, 46068 MiB, 92.02 W
2026/09/26 18:10:58.467, NVIDIA L40S, 0 %, 40361 MiB, 46068 MiB, 91.99 W
2026/09/26 18:10:59.467, NVIDIA L40S, 0 %, 40361 MiB, 46068 MiB, 91.96 W
2026/09/26 18:11:00.468, NVIDIA L40S, 0 %, 40361 MiB, 46068 MiB, 91.72 W
2026/09/26 18:11:01.468, NVIDIA L40S, 0 %, 40361 MiB, 46068 MiB, 91.51 W
2026/09/26 18:11:02.468, NVIDIA L40S, 0 %, 40361 MiB, 46068 MiB, 91.57 W
2026/09/26 18:11:03.470, NVIDIA L40S, 0 %, 40361 MiB, 46068 MiB, 91.63 W
2026/09/26 18:11:04.470, NVIDIA L40S, 0 %, 40361 MiB, 46068 MiB, 91.60 W
2026/09/26 18:11:05.471, NVIDIA L40S, 0 %, 40361 MiB, 46068 MiB, 91.50 W
2026/09/26 18:11:06.471, NVIDIA L40S, 0 %, 40361 MiB, 46068 MiB, 91.60 W
2026/09/26 18:11:07.471, NVIDIA L40S, 0 %, 40361 MiB, 46068 MiB, 91.75 W
2026/09/26 18:11:08.471, NVIDIA L40S, 0 %, 40361 MiB, 46068 MiB, 91.63 W
2026/09/26 18:11:09.472, NVIDIA L40S, 0 %, 40361 MiB, 46068 MiB, 91.69 W
2026/09/26 18:11:10.472, NVIDIA L40S, 0 %, 40361 MiB, 46068 MiB, 91.54 W
2026/09/26 18:11:11.472, NVIDIA L40S, 0 %, 40361 MiB, 46068 MiB, 91.36 W
2026/09/26 18:11:12.473, NVIDIA L40S, 0 %, 40361 MiB, 46068 MiB, 91.50 W
2026/09/26 18:11:13.473, NVIDIA L40S, 0 %, 40361 MiB, 46068 MiB, 91.47 W
2026/09/26 18:11:14.473, NVIDIA L40S, 0 %, 40361 MiB, 46068 MiB, 91.50 W
2026/09/26 18:11:15.473, NVIDIA L40S, 0 %, 40361 MiB, 46068 MiB, 91.63 W
2026/09/26 18:11:16.474, NVIDIA L40S, 0 %, 40361 MiB, 46068 MiB, 91.63 W
2026/09/26 18:11:17.474, NVIDIA L40S, 0 %, 40361 MiB, 46068 MiB, 91.51 W
2026/09/26 18:11:18.474, NVIDIA L40S, 0 %, 40361 MiB, 46068 MiB, 91.57 W
2026/09/26 18:11:19.474, NVIDIA L40S, 0 %, 40361 MiB, 46068 MiB, 91.67 W
2026/09/26 18:11:20.475, NVIDIA L40S, 0 %, 40361 MiB, 46068 MiB, 91.62 W
2026/09/26 18:11:21.475, NVIDIA L40S, 0 %, 40361 MiB, 46068 MiB, 91.08 W
2026/09/26 18:11:22.476, NVIDIA L40S, 0 %, 40361 MiB, 46068 MiB, 90.86 W
2026/09/26 18:11:23.476, NVIDIA L40S, 0 %, 40361 MiB, 46068 MiB, 91.05 W
2026/09/26 18:11:24.476, NVIDIA L40S, 0 %, 40361 MiB, 46068 MiB, 91.02 W
2026/09/26 18:11:25.477, NVIDIA L40S, 0 %, 40361 MiB, 46068 MiB, 91.05 W
2026/09/26 18:11:26.477, NVIDIA L40S, 0 %, 40361 MiB, 46068 MiB, 90.81 W
2026/09/26 18:11:27.477, NVIDIA L40S, 0 %, 40361 MiB, 46068 MiB, 90.71 W
2026/09/26 18:11:28.477, NVIDIA L40S, 0 %, 40361 MiB, 46068 MiB, 90.74 W
2026/09/26 18:11:29.478, NVIDIA L40S, 0 %, 40361 MiB, 46068 MiB, 90.62 W
2026/09/26 18:11:30.478, NVIDIA L40S, 0 %, 40361 MiB, 46068 MiB, 90.47 W
2026/09/26 18:11:31.478, NVIDIA L40S, 0 %, 40361 MiB, 46068 MiB, 90.56 W
2026/09/26 18:11:32.479, NVIDIA L40S, 0 %, 40361 MiB, 46068 MiB, 90.71 W
2026/09/26 18:11:33.479, NVIDIA L40S, 0 %, 40361 MiB, 46068 MiB, 90.64 W
2026/09/26 18:11:34.480, NVIDIA L40S, 0 %, 40361 MiB, 46068 MiB, 90.76 W
2026/09/26 18:11:35.480, NVIDIA L40S, 0 %, 40361 MiB, 46068 MiB, 90.86 W
2026/09/26 18:11:36.480, NVIDIA L40S, 0 %, 40361 MiB, 46068 MiB, 90.83 W
2026/09/26 18:11:37.481, NVIDIA L40S, 0 %, 40361 MiB, 46068 MiB, 90.71 W
2026/09/26 18:11:38.481, NVIDIA L40S, 0 %, 40361 MiB, 46068 MiB, 90.40 W
2026/09/26 18:11:39.482, NVIDIA L40S, 0 %, 40361 MiB, 46068 MiB, 90.53 W
2026/09/26 18:11:40.482, NVIDIA L40S, 0 %, 40361 MiB, 46068 MiB, 90.77 W
2026/09/26 18:11:41.482, NVIDIA L40S, 0 %, 40361 MiB, 46068 MiB, 90.77 W
2026/09/26 18:11:42.483, NVIDIA L40S, 0 %, 40361 MiB, 46068 MiB, 90.71 W
2026/09/26 18:11:43.486, NVIDIA L40S, 0 %, 40361 MiB, 46068 MiB, 90.68 W
2026/09/26 18:11:44.487, NVIDIA L40S, 0 %, 40361 MiB, 46068 MiB, 90.68 W
2026/09/26 18:11:45.487, NVIDIA L40S, 0 %, 40361 MiB, 46068 MiB, 90.68 W
2026/09/26 18:11:46.488, NVIDIA L40S, 0 %, 40361 MiB, 46068 MiB, 90.80 W
2026/09/26 18:11:47.488, NVIDIA L40S, 0 %, 40361 MiB, 46068 MiB, 90.65 W
2026/09/26 18:11:48.488, NVIDIA L40S, 0 %, 40361 MiB, 46068 MiB, 90.62 W
2026/09/26 18:11:49.489, NVIDIA L40S, 0 %, 40361 MiB, 46068 MiB, 90.77 W
2026/09/26 18:11:50.489, NVIDIA L40S, 0 %, 40361 MiB, 46068 MiB, 90.71 W
2026/09/26 18:11:51.490, NVIDIA L40S, 0 %, 40361 MiB, 46068 MiB, 90.59 W
2026/09/26 18:11:52.490, NVIDIA L40S, 0 %, 40361 MiB, 46068 MiB, 90.47 W
2026/09/26 18:11:53.491, NVIDIA L40S, 0 %, 40361 MiB, 46068 MiB, 90.77 W
2026/09/26 18:11:54.491, NVIDIA L40S, 0 %, 40361 MiB, 46068 MiB, 90.77 W
2026/09/26 18:11:55.491, NVIDIA L40S, 0 %, 40361 MiB, 46068 MiB, 90.38 W
2026/09/26 18:11:56.492, NVIDIA L40S, 0 %, 40361 MiB, 46068 MiB, 90.50 W
2026/09/26 18:11:57.492, NVIDIA L40S, 0 %, 40361 MiB, 46068 MiB, 90.77 W
2026/09/26 18:11:58.493, NVIDIA L40S, 0 %, 40361 MiB, 46068 MiB, 90.64 W
2026/09/26 18:11:59.493, NVIDIA L40S, 0 %, 40361 MiB, 46068 MiB, 90.64 W
2026/09/26 18:12:00.493, NVIDIA L40S, 0 %, 40361 MiB, 46068 MiB, 90.77 W
2026/09/26 18:12:01.493, NVIDIA L40S, 0 %, 40361 MiB, 46068 MiB, 90.77 W
2026/09/26 18:12:02.494, NVIDIA L40S, 0 %, 40361 MiB, 46068 MiB, 90.59 W
2026/09/26 18:12:03.494, NVIDIA L40S, 0 %, 40361 MiB, 46068 MiB, 90.53 W
2026/09/26 18:12:04.494, NVIDIA L40S, 0 %, 40361 MiB, 46068 MiB, 90.80 W
2026/09/26 18:12:05.494, NVIDIA L40S, 0 %, 40361 MiB, 46068 MiB, 90.89 W
2026/09/26 18:12:06.495, NVIDIA L40S, 0 %, 40361 MiB, 46068 MiB, 90.69 W
2026/09/26 18:12:07.496, NVIDIA L40S, 0 %, 40361 MiB, 46068 MiB, 90.63 W
2026/09/26 18:12:08.496, NVIDIA L40S, 0 %, 40361 MiB, 46068 MiB, 90.54 W
2026/09/26 18:12:09.497, NVIDIA L40S, 0 %, 40361 MiB, 46068 MiB, 90.45 W
2026/09/26 18:12:10.497, NVIDIA L40S, 0 %, 40361 MiB, 46068 MiB, 90.54 W
2026/09/26 18:12:11.497, NVIDIA L40S, 0 %, 40361 MiB, 46068 MiB, 90.73 W
2026/09/26 18:12:12.498, NVIDIA L40S, 0 %, 40361 MiB, 46068 MiB, 90.88 W
2026/09/26 18:12:13.498, NVIDIA L40S, 0 %, 40361 MiB, 46068 MiB, 90.72 W
2026/09/26 18:12:14.498, NVIDIA L40S, 0 %, 40361 MiB, 46068 MiB, 90.56 W
2026/09/26 18:12:15.499, NVIDIA L40S, 0 %, 40361 MiB, 46068 MiB, 90.53 W
2026/09/26 18:12:16.499, NVIDIA L40S, 0 %, 40361 MiB, 46068 MiB, 90.50 W
2026/09/26 18:12:17.499, NVIDIA L40S, 0 %, 40361 MiB, 46068 MiB, 90.48 W
2026/09/26 18:12:18.500, NVIDIA L40S, 0 %, 40361 MiB, 46068 MiB, 90.57 W
2026/09/26 18:12:19.500, NVIDIA L40S, 0 %, 40361 MiB, 46068 MiB, 90.60 W
2026/09/26 18:12:20.500, NVIDIA L40S, 0 %, 40361 MiB, 46068 MiB, 90.51 W
2026/09/26 18:12:21.502, NVIDIA L40S, 0 %, 40361 MiB, 46068 MiB, 90.50 W
2026/09/26 18:12:22.502, NVIDIA L40S, 0 %, 40361 MiB, 46068 MiB, 90.57 W
2026/09/26 18:12:23.503, NVIDIA L40S, 0 %, 40361 MiB, 46068 MiB, 90.57 W
2026/09/26 18:12:24.503, NVIDIA L40S, 0 %, 40361 MiB, 46068 MiB, 90.69 W
2026/09/26 18:12:25.504, NVIDIA L40S, 0 %, 40361 MiB, 46068 MiB, 90.72 W
2026/09/26 18:12:26.504, NVIDIA L40S, 0 %, 40361 MiB, 46068 MiB, 90.69 W
2026/09/26 18:12:27.505, NVIDIA L40S, 0 %, 40361 MiB, 46068 MiB, 90.72 W
2026/09/26 18:12:28.505, NVIDIA L40S, 0 %, 40361 MiB, 46068 MiB, 90.50 W
2026/09/26 18:12:29.505, NVIDIA L40S, 0 %, 40361 MiB, 46068 MiB, 90.42 W
2026/09/26 18:12:30.506, NVIDIA L40S, 0 %, 40361 MiB, 46068 MiB, 90.39 W
2026/09/26 18:12:31.506, NVIDIA L40S, 0 %, 40361 MiB, 46068 MiB, 90.39 W
2026/09/26 18:12:32.507, NVIDIA L40S, 0 %, 40361 MiB, 46068 MiB, 90.57 W
2026/09/26 18:12:33.507, NVIDIA L40S, 0 %, 40361 MiB, 46068 MiB, 90.69 W
2026/09/26 18:12:34.507, NVIDIA L40S, 0 %, 40361 MiB, 46068 MiB, 90.54 W
2026/09/26 18:12:35.508, NVIDIA L40S, 0 %, 40361 MiB, 46068 MiB, 90.48 W
2026/09/26 18:12:36.508, NVIDIA L40S, 0 %, 40361 MiB, 46068 MiB, 90.36 W
2026/09/26 18:12:37.509, NVIDIA L40S, 0 %, 40361 MiB, 46068 MiB, 90.21 W
2026/09/26 18:12:38.509, NVIDIA L40S, 0 %, 40361 MiB, 46068 MiB, 90.57 W
2026/09/26 18:12:39.510, NVIDIA L40S, 0 %, 40361 MiB, 46068 MiB, 90.84 W
2026/09/26 18:12:40.510, NVIDIA L40S, 0 %, 40361 MiB, 46068 MiB, 90.78 W
2026/09/26 18:12:41.511, NVIDIA L40S, 0 %, 40361 MiB, 46068 MiB, 90.53 W
2026/09/26 18:12:42.511, NVIDIA L40S, 0 %, 40361 MiB, 46068 MiB, 90.60 W
2026/09/26 18:12:43.511, NVIDIA L40S, 0 %, 40361 MiB, 46068 MiB, 90.66 W
2026/09/26 18:12:44.512, NVIDIA L40S, 0 %, 40361 MiB, 46068 MiB, 90.30 W
2026/09/26 18:12:45.513, NVIDIA L40S, 0 %, 40361 MiB, 46068 MiB, 90.30 W
2026/09/26 18:12:46.513, NVIDIA L40S, 0 %, 40361 MiB, 46068 MiB, 90.45 W
2026/09/26 18:12:47.513, NVIDIA L40S, 0 %, 40361 MiB, 46068 MiB, 90.39 W
2026/09/26 18:12:48.514, NVIDIA L40S, 0 %, 40361 MiB, 46068 MiB, 90.36 W
2026/09/26 18:12:49.514, NVIDIA L40S, 0 %, 40361 MiB, 46068 MiB, 90.42 W
2026/09/26 18:12:50.515, NVIDIA L40S, 0 %, 40361 MiB, 46068 MiB, 90.51 W
2026/09/26 18:12:51.515, NVIDIA L40S, 0 %, 40361 MiB, 46068 MiB, 90.48 W
2026/09/26 18:12:52.517, NVIDIA L40S, 0 %, 40361 MiB, 46068 MiB, 90.50 W
2026/09/26 18:12:53.517, NVIDIA L40S, 0 %, 40361 MiB, 46068 MiB, 90.69 W
2026/09/26 18:12:54.517, NVIDIA L40S, 0 %, 40361 MiB, 46068 MiB, 90.69 W
2026/09/26 18:12:55.518, NVIDIA L40S, 0 %, 40361 MiB, 46068 MiB, 90.60 W
2026/09/26 18:12:56.519, NVIDIA L40S, 0 %, 40361 MiB, 46068 MiB, 90.53 W
2026/09/26 18:12:57.520, NVIDIA L40S, 0 %, 40361 MiB, 46068 MiB, 90.62 W
2026/09/26 18:12:58.520, NVIDIA L40S, 0 %, 40361 MiB, 46068 MiB, 90.66 W
2026/09/26 18:12:59.520, NVIDIA L40S, 0 %, 40361 MiB, 46068 MiB, 90.48 W
2026/09/26 18:13:00.521, NVIDIA L40S, 0 %, 40361 MiB, 46068 MiB, 90.49 W
2026/09/26 18:13:01.522, NVIDIA L40S, 0 %, 40361 MiB, 46068 MiB, 90.67 W
2026/09/26 18:13:02.523, NVIDIA L40S, 0 %, 40361 MiB, 46068 MiB, 90.48 W
2026/09/26 18:13:03.523, NVIDIA L40S, 0 %, 40361 MiB, 46068 MiB, 90.48 W
2026/09/26 18:13:04.523, NVIDIA L40S, 0 %, 40361 MiB, 46068 MiB, 90.57 W
2026/09/26 18:13:05.524, NVIDIA L40S, 0 %, 40361 MiB, 46068 MiB, 90.57 W
2026/09/26 18:13:06.525, NVIDIA L40S, 0 %, 40361 MiB, 46068 MiB, 90.66 W
2026/09/26 18:13:07.525, NVIDIA L40S, 0 %, 40361 MiB, 46068 MiB, 90.57 W
2026/09/26 18:13:08.525, NVIDIA L40S, 0 %, 40361 MiB, 46068 MiB, 90.60 W
2026/09/26 18:13:09.526, NVIDIA L40S, 0 %, 40361 MiB, 46068 MiB, 90.45 W
2026/09/26 18:13:10.526, NVIDIA L40S, 0 %, 40361 MiB, 46068 MiB, 90.36 W
2026/09/26 18:13:11.526, NVIDIA L40S, 0 %, 40361 MiB, 46068 MiB, 90.38 W
2026/09/26 18:13:12.527, NVIDIA L40S, 0 %, 40361 MiB, 46068 MiB, 90.50 W
2026/09/26 18:13:13.527, NVIDIA L40S, 0 %, 40361 MiB, 46068 MiB, 90.50 W
2026/09/26 18:13:14.527, NVIDIA L40S, 0 %, 40361 MiB, 46068 MiB, 90.48 W
2026/09/26 18:13:15.527, NVIDIA L40S, 0 %, 40361 MiB, 46068 MiB, 90.43 W
2026/09/26 18:13:16.528, NVIDIA L40S, 0 %, 40361 MiB, 46068 MiB, 90.30 W
2026/09/26 18:13:17.528, NVIDIA L40S, 0 %, 40361 MiB, 46068 MiB, 90.33 W
2026/09/26 18:13:18.528, NVIDIA L40S, 0 %, 40361 MiB, 46068 MiB, 90.33 W
2026/09/26 18:13:19.528, NVIDIA L40S, 0 %, 40361 MiB, 46068 MiB, 90.33 W
2026/09/26 18:13:20.529, NVIDIA L40S, 0 %, 40361 MiB, 46068 MiB, 90.42 W
2026/09/26 18:13:21.529, NVIDIA L40S, 0 %, 40361 MiB, 46068 MiB, 90.38 W
2026/09/26 18:13:22.529, NVIDIA L40S, 0 %, 40361 MiB, 46068 MiB, 90.44 W
2026/09/26 18:13:23.530, NVIDIA L40S, 0 %, 40361 MiB, 46068 MiB, 90.48 W
2026/09/26 18:13:24.530, NVIDIA L40S, 0 %, 40361 MiB, 46068 MiB, 90.57 W
2026/09/26 18:13:25.530, NVIDIA L40S, 0 %, 40361 MiB, 46068 MiB, 90.57 W
2026/09/26 18:13:26.530, NVIDIA L40S, 0 %, 40361 MiB, 46068 MiB, 90.30 W
2026/09/26 18:13:27.531, NVIDIA L40S, 0 %, 40361 MiB, 46068 MiB, 90.27 W
2026/09/26 18:13:28.531, NVIDIA L40S, 0 %, 40361 MiB, 46068 MiB, 90.51 W
2026/09/26 18:13:29.531, NVIDIA L40S, 0 %, 40361 MiB, 46068 MiB, 90.51 W
2026/09/26 18:13:30.532, NVIDIA L40S, 0 %, 40361 MiB, 46068 MiB, 90.37 W
2026/09/26 18:13:31.532, NVIDIA L40S, 0 %, 40361 MiB, 46068 MiB, 90.54 W
2026/09/26 18:13:32.532, NVIDIA L40S, 0 %, 40361 MiB, 46068 MiB, 90.51 W
2026/09/26 18:13:33.532, NVIDIA L40S, 0 %, 40361 MiB, 46068 MiB, 90.48 W
2026/09/26 18:13:34.533, NVIDIA L40S, 0 %, 40361 MiB, 46068 MiB, 90.60 W
2026/09/26 18:13:35.533, NVIDIA L40S, 0 %, 40361 MiB, 46068 MiB, 90.57 W
2026/09/26 18:13:36.533, NVIDIA L40S, 0 %, 40361 MiB, 46068 MiB, 90.48 W
2026/09/26 18:13:37.534, NVIDIA L40S, 0 %, 40361 MiB, 46068 MiB, 90.53 W
2026/09/26 18:13:38.534, NVIDIA L40S, 0 %, 40361 MiB, 46068 MiB, 90.45 W
2026/09/26 18:13:39.535, NVIDIA L40S, 0 %, 40361 MiB, 46068 MiB, 90.30 W
2026/09/26 18:13:40.535, NVIDIA L40S, 0 %, 40361 MiB, 46068 MiB, 90.48 W
2026/09/26 18:13:41.535, NVIDIA L40S, 0 %, 40361 MiB, 46068 MiB, 90.63 W
2026/09/26 18:13:42.538, NVIDIA L40S, 0 %, 40361 MiB, 46068 MiB, 90.56 W
2026/09/26 18:13:43.538, NVIDIA L40S, 0 %, 40361 MiB, 46068 MiB, 90.65 W
2026/09/26 18:13:44.538, NVIDIA L40S, 0 %, 40361 MiB, 46068 MiB, 90.66 W
2026/09/26 18:13:45.539, NVIDIA L40S, 0 %, 40361 MiB, 46068 MiB, 90.39 W
2026/09/26 18:13:46.539, NVIDIA L40S, 0 %, 40361 MiB, 46068 MiB, 90.51 W
2026/09/26 18:13:47.539, NVIDIA L40S, 0 %, 40361 MiB, 46068 MiB, 90.64 W
2026/09/26 18:13:48.540, NVIDIA L40S, 0 %, 40361 MiB, 46068 MiB, 90.57 W
2026/09/26 18:13:49.540, NVIDIA L40S, 0 %, 40361 MiB, 46068 MiB, 90.57 W
2026/09/26 18:13:50.540, NVIDIA L40S, 0 %, 40361 MiB, 46068 MiB, 90.54 W
2026/09/26 18:13:51.541, NVIDIA L40S, 0 %, 40361 MiB, 46068 MiB, 90.45 W
2026/09/26 18:13:52.542, NVIDIA L40S, 0 %, 40361 MiB, 46068 MiB, 90.42 W
2026/09/26 18:13:53.542, NVIDIA L40S, 0 %, 40361 MiB, 46068 MiB, 90.42 W
2026/09/26 18:13:54.542, NVIDIA L40S, 0 %, 40361 MiB, 46068 MiB, 90.57 W
2026/09/26 18:13:55.542, NVIDIA L40S, 0 %, 40361 MiB, 46068 MiB, 90.57 W
2026/09/26 18:13:56.543, NVIDIA L40S, 0 %, 40361 MiB, 46068 MiB, 90.42 W
2026/09/26 18:13:57.543, NVIDIA L40S, 0 %, 40361 MiB, 46068 MiB, 90.64 W
2026/09/26 18:13:58.543, NVIDIA L40S, 0 %, 40361 MiB, 46068 MiB, 90.64 W
2026/09/26 18:13:59.543, NVIDIA L40S, 0 %, 40361 MiB, 46068 MiB, 90.54 W
2026/09/26 18:14:00.544, NVIDIA L40S, 0 %, 40361 MiB, 46068 MiB, 90.42 W
2026/09/26 18:14:01.544, NVIDIA L40S, 0 %, 40361 MiB, 46068 MiB, 90.39 W
2026/09/26 18:14:02.545, NVIDIA L40S, 0 %, 40361 MiB, 46068 MiB, 90.57 W
2026/09/26 18:14:03.546, NVIDIA L40S, 0 %, 40361 MiB, 46068 MiB, 90.51 W
2026/09/26 18:14:04.546, NVIDIA L40S, 0 %, 40361 MiB, 46068 MiB, 90.36 W
2026/09/26 18:14:05.547, NVIDIA L40S, 0 %, 40361 MiB, 46068 MiB, 90.36 W
2026/09/26 18:14:06.548, NVIDIA L40S, 0 %, 40361 MiB, 46068 MiB, 90.51 W
2026/09/26 18:14:07.548, NVIDIA L40S, 0 %, 40361 MiB, 46068 MiB, 90.63 W
2026/09/26 18:14:08.548, NVIDIA L40S, 0 %, 40361 MiB, 46068 MiB, 90.63 W
2026/09/26 18:14:09.549, NVIDIA L40S, 0 %, 40361 MiB, 46068 MiB, 90.72 W
2026/09/26 18:14:10.549, NVIDIA L40S, 0 %, 40361 MiB, 46068 MiB, 90.54 W
2026/09/26 18:14:11.550, NVIDIA L40S, 0 %, 40361 MiB, 46068 MiB, 90.39 W
2026/09/26 18:14:12.550, NVIDIA L40S, 0 %, 40361 MiB, 46068 MiB, 90.45 W
2026/09/26 18:14:13.550, NVIDIA L40S, 0 %, 40361 MiB, 46068 MiB, 90.45 W
2026/09/26 18:14:14.551, NVIDIA L40S, 0 %, 40361 MiB, 46068 MiB, 90.51 W
2026/09/26 18:14:15.551, NVIDIA L40S, 0 %, 40361 MiB, 46068 MiB, 90.64 W
2026/09/26 18:14:16.551, NVIDIA L40S, 0 %, 40361 MiB, 46068 MiB, 90.70 W
2026/09/26 18:14:17.552, NVIDIA L40S, 0 %, 40361 MiB, 46068 MiB, 90.55 W
2026/09/26 18:14:18.552, NVIDIA L40S, 0 %, 40361 MiB, 46068 MiB, 90.61 W
2026/09/26 18:14:19.552, NVIDIA L40S, 0 %, 40361 MiB, 46068 MiB, 90.76 W
2026/09/26 18:14:20.553, NVIDIA L40S, 0 %, 40361 MiB, 46068 MiB, 90.73 W
2026/09/26 18:14:21.553, NVIDIA L40S, 0 %, 40361 MiB, 46068 MiB, 90.58 W
2026/09/26 18:14:22.554, NVIDIA L40S, 0 %, 40361 MiB, 46068 MiB, 90.64 W
2026/09/26 18:14:23.554, NVIDIA L40S, 0 %, 40361 MiB, 46068 MiB, 90.72 W
2026/09/26 18:14:24.554, NVIDIA L40S, 0 %, 40361 MiB, 46068 MiB, 90.78 W
2026/09/26 18:14:25.555, NVIDIA L40S, 0 %, 40361 MiB, 46068 MiB, 90.72 W
2026/09/26 18:14:26.555, NVIDIA L40S, 0 %, 40361 MiB, 46068 MiB, 90.63 W
2026/09/26 18:14:27.555, NVIDIA L40S, 0 %, 40361 MiB, 46068 MiB, 90.57 W
2026/09/26 18:14:28.563, NVIDIA L40S, 0 %, 40361 MiB, 46068 MiB, 90.57 W
2026/09/26 18:14:29.563, NVIDIA L40S, 0 %, 40361 MiB, 46068 MiB, 90.74 W
2026/09/26 18:14:30.563, NVIDIA L40S, 0 %, 40361 MiB, 46068 MiB, 90.74 W
2026/09/26 18:14:31.564, NVIDIA L40S, 0 %, 40361 MiB, 46068 MiB, 90.65 W
2026/09/26 18:14:32.564, NVIDIA L40S, 0 %, 40361 MiB, 46068 MiB, 90.60 W
2026/09/26 18:14:33.564, NVIDIA L40S, 0 %, 40361 MiB, 46068 MiB, 90.62 W
2026/09/26 18:14:34.564, NVIDIA L40S, 0 %, 40361 MiB, 46068 MiB, 90.62 W
2026/09/26 18:14:35.565, NVIDIA L40S, 0 %, 40361 MiB, 46068 MiB, 90.53 W
2026/09/26 18:14:36.565, NVIDIA L40S, 0 %, 40361 MiB, 46068 MiB, 90.59 W
2026/09/26 18:14:37.565, NVIDIA L40S, 0 %, 40361 MiB, 46068 MiB, 90.61 W
2026/09/26 18:14:38.566, NVIDIA L40S, 0 %, 40361 MiB, 46068 MiB, 90.56 W
2026/09/26 18:14:39.566, NVIDIA L40S, 0 %, 40361 MiB, 46068 MiB, 90.53 W
2026/09/26 18:14:40.569, NVIDIA L40S, 0 %, 40361 MiB, 46068 MiB, 90.41 W
2026/09/26 18:14:41.569, NVIDIA L40S, 0 %, 40361 MiB, 46068 MiB, 90.48 W
2026/09/26 18:14:42.569, NVIDIA L40S, 0 %, 40361 MiB, 46068 MiB, 90.69 W
2026/09/26 18:14:43.570, NVIDIA L40S, 0 %, 40361 MiB, 46068 MiB, 90.69 W
2026/09/26 18:14:44.570, NVIDIA L40S, 0 %, 40361 MiB, 46068 MiB, 90.51 W
2026/09/26 18:14:45.572, NVIDIA L40S, 0 %, 40361 MiB, 46068 MiB, 90.51 W
2026/09/26 18:14:46.572, NVIDIA L40S, 0 %, 40361 MiB, 46068 MiB, 90.60 W
2026/09/26 18:14:47.573, NVIDIA L40S, 0 %, 40361 MiB, 46068 MiB, 90.62 W
2026/09/26 18:14:48.573, NVIDIA L40S, 0 %, 40361 MiB, 46068 MiB, 90.69 W
2026/09/26 18:14:49.575, NVIDIA L40S, 0 %, 40361 MiB, 46068 MiB, 90.63 W
2026/09/26 18:14:50.575, NVIDIA L40S, 0 %, 40361 MiB, 46068 MiB, 90.51 W
2026/09/26 18:14:51.575, NVIDIA L40S, 0 %, 40361 MiB, 46068 MiB, 90.60 W
2026/09/26 18:14:52.575, NVIDIA L40S, 0 %, 40361 MiB, 46068 MiB, 90.60 W
2026/09/26 18:14:53.578, NVIDIA L40S, 0 %, 40361 MiB, 46068 MiB, 90.51 W
2026/09/26 18:14:54.578, NVIDIA L40S, 0 %, 40361 MiB, 46068 MiB, 90.48 W
2026/09/26 18:14:55.579, NVIDIA L40S, 0 %, 40361 MiB, 46068 MiB, 90.54 W
2026/09/26 18:14:56.579, NVIDIA L40S, 0 %, 40361 MiB, 46068 MiB, 90.72 W
2026/09/26 18:14:57.579, NVIDIA L40S, 0 %, 40361 MiB, 46068 MiB, 90.54 W
2026/09/26 18:14:58.580, NVIDIA L40S, 0 %, 40361 MiB, 46068 MiB, 90.45 W
2026/09/26 18:14:59.580, NVIDIA L40S, 0 %, 40361 MiB, 46068 MiB, 90.62 W
2026/09/26 18:15:00.580, NVIDIA L40S, 0 %, 40361 MiB, 46068 MiB, 90.54 W
2026/09/26 18:15:01.581, NVIDIA L40S, 0 %, 40361 MiB, 46068 MiB, 90.51 W
2026/09/26 18:15:02.581, NVIDIA L40S, 0 %, 40361 MiB, 46068 MiB, 90.69 W
2026/09/26 18:15:03.586, NVIDIA L40S, 0 %, 40361 MiB, 46068 MiB, 90.93 W
2026/09/26 18:15:04.586, NVIDIA L40S, 0 %, 40361 MiB, 46068 MiB, 90.74 W
2026/09/26 18:15:05.590, NVIDIA L40S, 0 %, 40361 MiB, 46068 MiB, 90.57 W
2026/09/26 18:15:06.590, NVIDIA L40S, 0 %, 40361 MiB, 46068 MiB, 90.51 W
2026/09/26 18:15:07.593, NVIDIA L40S, 0 %, 40792 MiB, 46068 MiB, 90.88 W
2026/09/26 18:15:08.597, NVIDIA L40S, 7 %, 40361 MiB, 46068 MiB, 91.08 W
2026/09/26 18:15:09.600, NVIDIA L40S, 0 %, 40361 MiB, 46068 MiB, 90.81 W
2026/09/26 18:15:10.600, NVIDIA L40S, 0 %, 40361 MiB, 46068 MiB, 90.64 W
2026/09/26 18:15:11.601, NVIDIA L40S, 0 %, 40361 MiB, 46068 MiB, 90.69 W
2026/09/26 18:15:12.601, NVIDIA L40S, 0 %, 40361 MiB, 46068 MiB, 90.69 W
2026/09/26 18:15:13.602, NVIDIA L40S, 0 %, 40361 MiB, 46068 MiB, 90.53 W
2026/09/26 18:15:14.602, NVIDIA L40S, 0 %, 40361 MiB, 46068 MiB, 90.53 W
2026/09/26 18:15:15.602, NVIDIA L40S, 0 %, 40361 MiB, 46068 MiB, 90.65 W
2026/09/26 18:15:16.603, NVIDIA L40S, 0 %, 40361 MiB, 46068 MiB, 90.71 W
2026/09/26 18:15:17.603, NVIDIA L40S, 0 %, 40361 MiB, 46068 MiB, 90.68 W
2026/09/26 18:15:18.604, NVIDIA L40S, 0 %, 40361 MiB, 46068 MiB, 90.48 W
2026/09/26 18:15:19.604, NVIDIA L40S, 0 %, 40361 MiB, 46068 MiB, 90.51 W
2026/09/26 18:15:20.604, NVIDIA L40S, 0 %, 40361 MiB, 46068 MiB, 90.54 W
2026/09/26 18:15:21.606, NVIDIA L40S, 0 %, 40361 MiB, 46068 MiB, 90.48 W
2026/09/26 18:15:22.606, NVIDIA L40S, 0 %, 40361 MiB, 46068 MiB, 90.64 W
2026/09/26 18:15:23.606, NVIDIA L40S, 0 %, 40361 MiB, 46068 MiB, 90.48 W
2026/09/26 18:15:24.606, NVIDIA L40S, 0 %, 40361 MiB, 46068 MiB, 90.39 W
2026/09/26 18:15:25.607, NVIDIA L40S, 0 %, 40361 MiB, 46068 MiB, 90.51 W
2026/09/26 18:15:26.607, NVIDIA L40S, 0 %, 40361 MiB, 46068 MiB, 90.44 W
2026/09/26 18:15:27.607, NVIDIA L40S, 0 %, 40361 MiB, 46068 MiB, 90.47 W
2026/09/26 18:15:28.608, NVIDIA L40S, 0 %, 40361 MiB, 46068 MiB, 90.66 W
2026/09/26 18:15:29.608, NVIDIA L40S, 0 %, 40361 MiB, 46068 MiB, 90.75 W
2026/09/26 18:15:30.609, NVIDIA L40S, 0 %, 40361 MiB, 46068 MiB, 90.78 W
2026/09/26 18:15:31.609, NVIDIA L40S, 0 %, 40361 MiB, 46068 MiB, 90.84 W
2026/09/26 18:15:32.610, NVIDIA L40S, 0 %, 40361 MiB, 46068 MiB, 90.84 W
2026/09/26 18:15:33.610, NVIDIA L40S, 0 %, 40361 MiB, 46068 MiB, 90.67 W
2026/09/26 18:15:34.610, NVIDIA L40S, 0 %, 40361 MiB, 46068 MiB, 90.61 W
2026/09/26 18:15:35.611, NVIDIA L40S, 0 %, 40361 MiB, 46068 MiB, 90.70 W
2026/09/26 18:15:36.612, NVIDIA L40S, 0 %, 40361 MiB, 46068 MiB, 90.82 W
2026/09/26 18:15:37.612, NVIDIA L40S, 0 %, 40361 MiB, 46068 MiB, 90.78 W
2026/09/26 18:15:38.612, NVIDIA L40S, 0 %, 40361 MiB, 46068 MiB, 90.45 W
2026/09/26 18:15:39.612, NVIDIA L40S, 0 %, 40361 MiB, 46068 MiB, 90.39 W
2026/09/26 18:15:40.613, NVIDIA L40S, 0 %, 40361 MiB, 46068 MiB, 90.51 W
2026/09/26 18:15:41.613, NVIDIA L40S, 0 %, 40361 MiB, 46068 MiB, 90.60 W
2026/09/26 18:15:42.613, NVIDIA L40S, 0 %, 40361 MiB, 46068 MiB, 90.66 W
2026/09/26 18:15:43.614, NVIDIA L40S, 0 %, 40361 MiB, 46068 MiB, 90.62 W
2026/09/26 18:15:44.614, NVIDIA L40S, 0 %, 40361 MiB, 46068 MiB, 90.62 W
2026/09/26 18:15:45.615, NVIDIA L40S, 0 %, 40361 MiB, 46068 MiB, 90.47 W
2026/09/26 18:15:46.617, NVIDIA L40S, 0 %, 40361 MiB, 46068 MiB, 90.42 W
2026/09/26 18:15:47.617, NVIDIA L40S, 0 %, 40361 MiB, 46068 MiB, 90.42 W
2026/09/26 18:15:48.617, NVIDIA L40S, 0 %, 40361 MiB, 46068 MiB, 90.48 W
2026/09/26 18:15:49.617, NVIDIA L40S, 0 %, 40361 MiB, 46068 MiB, 90.66 W
2026/09/26 18:15:50.618, NVIDIA L40S, 0 %, 40361 MiB, 46068 MiB, 90.85 W
2026/09/26 18:15:51.619, NVIDIA L40S, 0 %, 40361 MiB, 46068 MiB, 90.79 W
2026/09/26 18:15:52.619, NVIDIA L40S, 0 %, 40361 MiB, 46068 MiB, 90.64 W
2026/09/26 18:15:53.619, NVIDIA L40S, 0 %, 40361 MiB, 46068 MiB, 90.48 W
2026/09/26 18:15:54.620, NVIDIA L40S, 0 %, 40361 MiB, 46068 MiB, 90.33 W
2026/09/26 18:15:55.622, NVIDIA L40S, 0 %, 40361 MiB, 46068 MiB, 90.36 W
2026/09/26 18:15:56.622, NVIDIA L40S, 0 %, 40361 MiB, 46068 MiB, 90.48 W
2026/09/26 18:15:57.622, NVIDIA L40S, 0 %, 40361 MiB, 46068 MiB, 90.60 W
2026/09/26 18:15:58.622, NVIDIA L40S, 0 %, 40361 MiB, 46068 MiB, 90.63 W
2026/09/26 18:15:59.623, NVIDIA L40S, 0 %, 40361 MiB, 46068 MiB, 90.58 W
2026/09/26 18:16:00.624, NVIDIA L40S, 0 %, 40361 MiB, 46068 MiB, 90.46 W
2026/09/26 18:16:01.624, NVIDIA L40S, 0 %, 40361 MiB, 46068 MiB, 90.48 W
2026/09/26 18:16:02.624, NVIDIA L40S, 0 %, 40361 MiB, 46068 MiB, 90.57 W
2026/09/26 18:16:03.625, NVIDIA L40S, 0 %, 40361 MiB, 46068 MiB, 90.60 W
2026/09/26 18:16:04.625, NVIDIA L40S, 0 %, 40361 MiB, 46068 MiB, 90.57 W
2026/09/26 18:16:05.626, NVIDIA L40S, 0 %, 40361 MiB, 46068 MiB, 90.57 W
2026/09/26 18:16:06.626, NVIDIA L40S, 0 %, 40361 MiB, 46068 MiB, 90.54 W
2026/09/26 18:16:07.626, NVIDIA L40S, 0 %, 40361 MiB, 46068 MiB, 90.51 W
2026/09/26 18:16:08.627, NVIDIA L40S, 0 %, 40361 MiB, 46068 MiB, 90.78 W
2026/09/26 18:16:09.628, NVIDIA L40S, 0 %, 40361 MiB, 46068 MiB, 90.90 W
2026/09/26 18:16:10.628, NVIDIA L40S, 0 %, 40361 MiB, 46068 MiB, 90.73 W
2026/09/26 18:16:11.629, NVIDIA L40S, 0 %, 40361 MiB, 46068 MiB, 90.73 W
2026/09/26 18:16:12.629, NVIDIA L40S, 0 %, 40361 MiB, 46068 MiB, 90.54 W
2026/09/26 18:16:13.630, NVIDIA L40S, 0 %, 40361 MiB, 46068 MiB, 90.50 W
2026/09/26 18:16:14.631, NVIDIA L40S, 0 %, 40361 MiB, 46068 MiB, 90.57 W
2026/09/26 18:16:15.631, NVIDIA L40S, 0 %, 40361 MiB, 46068 MiB, 90.48 W
2026/09/26 18:16:16.631, NVIDIA L40S, 0 %, 40361 MiB, 46068 MiB, 90.48 W
2026/09/26 18:16:17.632, NVIDIA L40S, 0 %, 40361 MiB, 46068 MiB, 90.48 W
2026/09/26 18:16:18.633, NVIDIA L40S, 0 %, 40361 MiB, 46068 MiB, 90.42 W
2026/09/26 18:16:19.633, NVIDIA L40S, 0 %, 40361 MiB, 46068 MiB, 90.38 W
2026/09/26 18:16:20.633, NVIDIA L40S, 0 %, 40361 MiB, 46068 MiB, 90.65 W
2026/09/26 18:16:21.634, NVIDIA L40S, 0 %, 40361 MiB, 46068 MiB, 90.77 W
2026/09/26 18:16:22.634, NVIDIA L40S, 0 %, 40361 MiB, 46068 MiB, 90.65 W
2026/09/26 18:16:23.635, NVIDIA L40S, 0 %, 40361 MiB, 46068 MiB, 90.62 W
2026/09/26 18:16:24.635, NVIDIA L40S, 0 %, 40361 MiB, 46068 MiB, 90.48 W
2026/09/26 18:16:25.635, NVIDIA L40S, 0 %, 40361 MiB, 46068 MiB, 90.39 W
2026/09/26 18:16:26.636, NVIDIA L40S, 0 %, 40361 MiB, 46068 MiB, 90.53 W
2026/09/26 18:16:27.636, NVIDIA L40S, 0 %, 40361 MiB, 46068 MiB, 90.46 W
2026/09/26 18:16:28.637, NVIDIA L40S, 0 %, 40361 MiB, 46068 MiB, 90.50 W
2026/09/26 18:16:29.637, NVIDIA L40S, 0 %, 40361 MiB, 46068 MiB, 90.53 W
2026/09/26 18:16:30.637, NVIDIA L40S, 0 %, 40361 MiB, 46068 MiB, 90.47 W
2026/09/26 18:16:31.637, NVIDIA L40S, 0 %, 40361 MiB, 46068 MiB, 90.69 W
2026/09/26 18:16:32.638, NVIDIA L40S, 0 %, 40361 MiB, 46068 MiB, 90.65 W
2026/09/26 18:16:33.638, NVIDIA L40S, 0 %, 40361 MiB, 46068 MiB, 90.53 W
2026/09/26 18:16:34.638, NVIDIA L40S, 0 %, 40361 MiB, 46068 MiB, 90.54 W
2026/09/26 18:16:35.639, NVIDIA L40S, 0 %, 40361 MiB, 46068 MiB, 90.60 W
2026/09/26 18:16:36.640, NVIDIA L40S, 0 %, 40361 MiB, 46068 MiB, 90.54 W
2026/09/26 18:16:37.640, NVIDIA L40S, 0 %, 40361 MiB, 46068 MiB, 90.51 W
2026/09/26 18:16:38.641, NVIDIA L40S, 0 %, 40361 MiB, 46068 MiB, 90.44 W
2026/09/26 18:16:39.641, NVIDIA L40S, 0 %, 40361 MiB, 46068 MiB, 90.35 W
2026/09/26 18:16:40.641, NVIDIA L40S, 0 %, 40361 MiB, 46068 MiB, 90.47 W
2026/09/26 18:16:41.643, NVIDIA L40S, 0 %, 40361 MiB, 46068 MiB, 90.71 W
2026/09/26 18:16:42.643, NVIDIA L40S, 0 %, 40361 MiB, 46068 MiB, 90.77 W
2026/09/26 18:16:43.643, NVIDIA L40S, 0 %, 40361 MiB, 46068 MiB, 90.60 W
2026/09/26 18:16:44.644, NVIDIA L40S, 0 %, 40361 MiB, 46068 MiB, 90.39 W
2026/09/26 18:16:45.644, NVIDIA L40S, 0 %, 40361 MiB, 46068 MiB, 90.42 W
2026/09/26 18:16:46.645, NVIDIA L40S, 0 %, 40361 MiB, 46068 MiB, 90.53 W
2026/09/26 18:16:47.645, NVIDIA L40S, 0 %, 40361 MiB, 46068 MiB, 90.47 W
2026/09/26 18:16:48.645, NVIDIA L40S, 0 %, 40361 MiB, 46068 MiB, 90.50 W
2026/09/26 18:16:49.646, NVIDIA L40S, 0 %, 40361 MiB, 46068 MiB, 90.59 W
2026/09/26 18:16:50.646, NVIDIA L40S, 0 %, 40361 MiB, 46068 MiB, 90.68 W
2026/09/26 18:16:51.647, NVIDIA L40S, 0 %, 40361 MiB, 46068 MiB, 90.71 W
2026/09/26 18:16:52.648, NVIDIA L40S, 0 %, 40361 MiB, 46068 MiB, 90.62 W
2026/09/26 18:16:53.648, NVIDIA L40S, 0 %, 40361 MiB, 46068 MiB, 90.65 W
2026/09/26 18:16:54.648, NVIDIA L40S, 0 %, 40361 MiB, 46068 MiB, 90.67 W
2026/09/26 18:16:55.649, NVIDIA L40S, 0 %, 40361 MiB, 46068 MiB, 90.50 W
2026/09/26 18:16:56.649, NVIDIA L40S, 0 %, 40361 MiB, 46068 MiB, 90.41 W
2026/09/26 18:16:57.649, NVIDIA L40S, 0 %, 40361 MiB, 46068 MiB, 90.44 W
2026/09/26 18:16:58.650, NVIDIA L40S, 0 %, 40361 MiB, 46068 MiB, 90.44 W
2026/09/26 18:16:59.650, NVIDIA L40S, 0 %, 40361 MiB, 46068 MiB, 90.41 W
2026/09/26 18:17:00.650, NVIDIA L40S, 0 %, 40361 MiB, 46068 MiB, 90.59 W
2026/09/26 18:17:01.651, NVIDIA L40S, 0 %, 40361 MiB, 46068 MiB, 90.59 W
2026/09/26 18:17:02.651, NVIDIA L40S, 0 %, 40361 MiB, 46068 MiB, 90.44 W
2026/09/26 18:17:03.652, NVIDIA L40S, 0 %, 40361 MiB, 46068 MiB, 90.53 W
2026/09/26 18:17:04.652, NVIDIA L40S, 0 %, 40361 MiB, 46068 MiB, 90.53 W
2026/09/26 18:17:05.653, NVIDIA L40S, 0 %, 40361 MiB, 46068 MiB, 90.45 W
2026/09/26 18:17:06.653, NVIDIA L40S, 0 %, 40361 MiB, 46068 MiB, 90.51 W
2026/09/26 18:17:07.653, NVIDIA L40S, 0 %, 40361 MiB, 46068 MiB, 90.51 W
2026/09/26 18:17:08.654, NVIDIA L40S, 0 %, 40361 MiB, 46068 MiB, 90.48 W
2026/09/26 18:17:09.655, NVIDIA L40S, 0 %, 40361 MiB, 46068 MiB, 90.56 W
2026/09/26 18:17:10.655, NVIDIA L40S, 0 %, 40361 MiB, 46068 MiB, 90.53 W
2026/09/26 18:17:11.655, NVIDIA L40S, 0 %, 40361 MiB, 46068 MiB, 90.47 W
2026/09/26 18:17:12.656, NVIDIA L40S, 0 %, 40361 MiB, 46068 MiB, 90.56 W
2026/09/26 18:17:13.656, NVIDIA L40S, 0 %, 40361 MiB, 46068 MiB, 90.62 W
2026/09/26 18:17:14.656, NVIDIA L40S, 0 %, 40361 MiB, 46068 MiB, 90.47 W
2026/09/26 18:17:15.657, NVIDIA L40S, 0 %, 40361 MiB, 46068 MiB, 90.17 W
2026/09/26 18:17:16.657, NVIDIA L40S, 0 %, 40361 MiB, 46068 MiB, 90.29 W
2026/09/26 18:17:17.657, NVIDIA L40S, 0 %, 40361 MiB, 46068 MiB, 90.41 W
2026/09/26 18:17:18.658, NVIDIA L40S, 0 %, 40361 MiB, 46068 MiB, 90.35 W
2026/09/26 18:17:19.658, NVIDIA L40S, 0 %, 40361 MiB, 46068 MiB, 90.41 W
2026/09/26 18:17:20.661, NVIDIA L40S, 0 %, 40361 MiB, 46068 MiB, 90.44 W
2026/09/26 18:17:21.661, NVIDIA L40S, 0 %, 40361 MiB, 46068 MiB, 90.42 W
2026/09/26 18:17:22.661, NVIDIA L40S, 0 %, 40361 MiB, 46068 MiB, 90.30 W
2026/09/26 18:17:23.662, NVIDIA L40S, 0 %, 40361 MiB, 46068 MiB, 90.42 W
2026/09/26 18:17:24.662, NVIDIA L40S, 0 %, 40361 MiB, 46068 MiB, 90.54 W
2026/09/26 18:17:25.663, NVIDIA L40S, 0 %, 40361 MiB, 46068 MiB, 90.57 W
2026/09/26 18:17:26.663, NVIDIA L40S, 0 %, 40361 MiB, 46068 MiB, 90.68 W
2026/09/26 18:17:27.663, NVIDIA L40S, 0 %, 40361 MiB, 46068 MiB, 90.68 W
2026/09/26 18:17:28.664, NVIDIA L40S, 0 %, 40361 MiB, 46068 MiB, 90.62 W
2026/09/26 18:17:29.664, NVIDIA L40S, 0 %, 40361 MiB, 46068 MiB, 90.42 W
2026/09/26 18:17:30.664, NVIDIA L40S, 0 %, 40361 MiB, 46068 MiB, 90.29 W
2026/09/26 18:17:31.665, NVIDIA L40S, 0 %, 40361 MiB, 46068 MiB, 90.47 W
2026/09/26 18:17:32.666, NVIDIA L40S, 0 %, 40361 MiB, 46068 MiB, 90.59 W
2026/09/26 18:17:33.666, NVIDIA L40S, 0 %, 40361 MiB, 46068 MiB, 90.65 W
2026/09/26 18:17:34.666, NVIDIA L40S, 0 %, 40361 MiB, 46068 MiB, 90.56 W
2026/09/26 18:17:35.667, NVIDIA L40S, 0 %, 40361 MiB, 46068 MiB, 90.44 W
2026/09/26 18:17:36.667, NVIDIA L40S, 0 %, 40361 MiB, 46068 MiB, 90.41 W
2026/09/26 18:17:37.668, NVIDIA L40S, 0 %, 40361 MiB, 46068 MiB, 90.32 W
2026/09/26 18:17:38.668, NVIDIA L40S, 0 %, 40361 MiB, 46068 MiB, 90.23 W
2026/09/26 18:17:39.668, NVIDIA L40S, 0 %, 40361 MiB, 46068 MiB, 90.20 W
2026/09/26 18:17:40.669, NVIDIA L40S, 0 %, 40361 MiB, 46068 MiB, 90.44 W
2026/09/26 18:17:41.669, NVIDIA L40S, 0 %, 40361 MiB, 46068 MiB, 90.38 W
2026/09/26 18:17:42.669, NVIDIA L40S, 0 %, 40361 MiB, 46068 MiB, 90.29 W
2026/09/26 18:17:43.670, NVIDIA L40S, 0 %, 40361 MiB, 46068 MiB, 90.56 W
2026/09/26 18:17:44.670, NVIDIA L40S, 0 %, 40361 MiB, 46068 MiB, 90.56 W
2026/09/26 18:17:45.671, NVIDIA L40S, 0 %, 40361 MiB, 46068 MiB, 90.53 W
2026/09/26 18:17:46.671, NVIDIA L40S, 0 %, 40361 MiB, 46068 MiB, 90.65 W
2026/09/26 18:17:47.672, NVIDIA L40S, 0 %, 40361 MiB, 46068 MiB, 90.50 W
2026/09/26 18:17:48.672, NVIDIA L40S, 0 %, 40361 MiB, 46068 MiB, 90.28 W
2026/09/26 18:17:49.672, NVIDIA L40S, 0 %, 40361 MiB, 46068 MiB, 90.34 W
2026/09/26 18:17:50.673, NVIDIA L40S, 0 %, 40361 MiB, 46068 MiB, 90.53 W
2026/09/26 18:17:51.673, NVIDIA L40S, 0 %, 40361 MiB, 46068 MiB, 90.49 W
2026/09/26 18:17:52.673, NVIDIA L40S, 0 %, 40361 MiB, 46068 MiB, 90.31 W
2026/09/26 18:17:53.674, NVIDIA L40S, 0 %, 40361 MiB, 46068 MiB, 90.50 W
2026/09/26 18:17:54.674, NVIDIA L40S, 0 %, 40361 MiB, 46068 MiB, 90.68 W
2026/09/26 18:17:55.674, NVIDIA L40S, 0 %, 40361 MiB, 46068 MiB, 90.56 W
2026/09/26 18:17:56.675, NVIDIA L40S, 0 %, 40361 MiB, 46068 MiB, 90.32 W
2026/09/26 18:17:57.675, NVIDIA L40S, 0 %, 40361 MiB, 46068 MiB, 115.17 W
2026/09/26 18:17:58.676, NVIDIA L40S, 100 %, 40361 MiB, 46068 MiB, 302.17 W
2026/09/26 18:17:59.676, NVIDIA L40S, 100 %, 40361 MiB, 46068 MiB, 267.22 W
2026/09/26 18:18:00.677, NVIDIA L40S, 100 %, 40361 MiB, 46068 MiB, 281.40 W
2026/09/26 18:18:01.677, NVIDIA L40S, 100 %, 40361 MiB, 46068 MiB, 274.82 W
2026/09/26 18:18:02.677, NVIDIA L40S, 100 %, 40361 MiB, 46068 MiB, 276.75 W
2026/09/26 18:18:03.678, NVIDIA L40S, 100 %, 40361 MiB, 46068 MiB, 287.00 W
2026/09/26 18:18:04.678, NVIDIA L40S, 100 %, 40361 MiB, 46068 MiB, 270.84 W
2026/09/26 18:18:05.679, NVIDIA L40S, 100 %, 40361 MiB, 46068 MiB, 294.56 W
2026/09/26 18:18:06.679, NVIDIA L40S, 100 %, 40361 MiB, 46068 MiB, 263.29 W
2026/09/26 18:18:07.679, NVIDIA L40S, 100 %, 40361 MiB, 46068 MiB, 295.81 W
2026/09/26 18:18:08.681, NVIDIA L40S, 100 %, 40361 MiB, 46068 MiB, 261.45 W
2026/09/26 18:18:09.681, NVIDIA L40S, 100 %, 40361 MiB, 46068 MiB, 308.58 W
2026/09/26 18:18:10.681, NVIDIA L40S, 100 %, 40361 MiB, 46068 MiB, 252.75 W
2026/09/26 18:18:11.681, NVIDIA L40S, 100 %, 40361 MiB, 46068 MiB, 298.85 W
2026/09/26 18:18:12.682, NVIDIA L40S, 100 %, 40361 MiB, 46068 MiB, 247.63 W
2026/09/26 18:18:13.682, NVIDIA L40S, 100 %, 40361 MiB, 46068 MiB, 305.19 W
2026/09/26 18:18:14.683, NVIDIA L40S, 100 %, 40361 MiB, 46068 MiB, 244.62 W
2026/09/26 18:18:15.683, NVIDIA L40S, 100 %, 40361 MiB, 46068 MiB, 314.98 W
2026/09/26 18:18:16.683, NVIDIA L40S, 100 %, 40361 MiB, 46068 MiB, 246.60 W
2026/09/26 18:18:17.684, NVIDIA L40S, 100 %, 40361 MiB, 46068 MiB, 297.32 W
2026/09/26 18:18:18.684, NVIDIA L40S, 100 %, 40361 MiB, 46068 MiB, 248.10 W
2026/09/26 18:18:19.685, NVIDIA L40S, 100 %, 40361 MiB, 46068 MiB, 301.08 W
2026/09/26 18:18:20.685, NVIDIA L40S, 100 %, 40361 MiB, 46068 MiB, 250.39 W
2026/09/26 18:18:21.686, NVIDIA L40S, 100 %, 40361 MiB, 46068 MiB, 305.92 W
2026/09/26 18:18:22.686, NVIDIA L40S, 100 %, 40361 MiB, 46068 MiB, 249.27 W
2026/09/26 18:18:23.686, NVIDIA L40S, 100 %, 40361 MiB, 46068 MiB, 301.25 W
2026/09/26 18:18:24.687, NVIDIA L40S, 100 %, 40361 MiB, 46068 MiB, 250.92 W
2026/09/26 18:18:25.687, NVIDIA L40S, 100 %, 40361 MiB, 46068 MiB, 307.26 W
2026/09/26 18:18:26.688, NVIDIA L40S, 100 %, 40361 MiB, 46068 MiB, 260.98 W
2026/09/26 18:18:27.705, NVIDIA L40S, 100 %, 40361 MiB, 46068 MiB, 298.20 W
2026/09/26 18:18:28.706, NVIDIA L40S, 100 %, 40361 MiB, 46068 MiB, 261.52 W
2026/09/26 18:18:29.706, NVIDIA L40S, 100 %, 40361 MiB, 46068 MiB, 297.62 W
2026/09/26 18:18:30.706, NVIDIA L40S, 100 %, 40361 MiB, 46068 MiB, 276.40 W
2026/09/26 18:18:31.707, NVIDIA L40S, 100 %, 40361 MiB, 46068 MiB, 293.89 W
2026/09/26 18:18:32.707, NVIDIA L40S, 100 %, 40361 MiB, 46068 MiB, 276.27 W
2026/09/26 18:18:33.707, NVIDIA L40S, 100 %, 40361 MiB, 46068 MiB, 287.07 W
2026/09/26 18:18:34.708, NVIDIA L40S, 100 %, 40361 MiB, 46068 MiB, 283.02 W
2026/09/26 18:18:35.708, NVIDIA L40S, 100 %, 40361 MiB, 46068 MiB, 285.95 W
2026/09/26 18:18:36.708, NVIDIA L40S, 100 %, 40361 MiB, 46068 MiB, 286.03 W
2026/09/26 18:18:37.709, NVIDIA L40S, 100 %, 40361 MiB, 46068 MiB, 279.93 W
2026/09/26 18:18:38.709, NVIDIA L40S, 100 %, 40361 MiB, 46068 MiB, 292.04 W
2026/09/26 18:18:39.709, NVIDIA L40S, 100 %, 40361 MiB, 46068 MiB, 274.63 W
2026/09/26 18:18:40.710, NVIDIA L40S, 100 %, 40361 MiB, 46068 MiB, 299.99 W
2026/09/26 18:18:41.710, NVIDIA L40S, 100 %, 40361 MiB, 46068 MiB, 273.54 W
2026/09/26 18:18:42.710, NVIDIA L40S, 100 %, 40361 MiB, 46068 MiB, 295.91 W
2026/09/26 18:18:43.710, NVIDIA L40S, 100 %, 40361 MiB, 46068 MiB, 267.89 W
2026/09/26 18:18:44.713, NVIDIA L40S, 100 %, 40361 MiB, 46068 MiB, 304.92 W
2026/09/26 18:18:45.713, NVIDIA L40S, 100 %, 40361 MiB, 46068 MiB, 262.71 W
2026/09/26 18:18:46.714, NVIDIA L40S, 0 %, 40361 MiB, 46068 MiB, 170.30 W
2026/09/26 18:18:47.714, NVIDIA L40S, 0 %, 40361 MiB, 46068 MiB, 113.74 W
2026/09/26 18:18:48.714, NVIDIA L40S, 0 %, 40361 MiB, 46068 MiB, 97.65 W
2026/09/26 18:18:49.715, NVIDIA L40S, 0 %, 40361 MiB, 46068 MiB, 97.49 W
2026/09/26 18:18:50.715, NVIDIA L40S, 0 %, 40361 MiB, 46068 MiB, 97.16 W
2026/09/26 18:18:51.715, NVIDIA L40S, 0 %, 40361 MiB, 46068 MiB, 97.03 W
2026/09/26 18:18:52.715, NVIDIA L40S, 0 %, 40361 MiB, 46068 MiB, 96.94 W
2026/09/26 18:18:53.716, NVIDIA L40S, 0 %, 40361 MiB, 46068 MiB, 96.58 W
2026/09/26 18:18:54.716, NVIDIA L40S, 0 %, 40361 MiB, 46068 MiB, 96.34 W
2026/09/26 18:18:55.716, NVIDIA L40S, 0 %, 40361 MiB, 46068 MiB, 96.24 W
2026/09/26 18:18:56.717, NVIDIA L40S, 0 %, 40361 MiB, 46068 MiB, 96.15 W
2026/09/26 18:18:57.717, NVIDIA L40S, 0 %, 40361 MiB, 46068 MiB, 95.91 W
2026/09/26 18:18:58.718, NVIDIA L40S, 0 %, 40361 MiB, 46068 MiB, 95.85 W
2026/09/26 18:18:59.718, NVIDIA L40S, 0 %, 40361 MiB, 46068 MiB, 95.85 W
2026/09/26 18:19:00.718, NVIDIA L40S, 0 %, 40361 MiB, 46068 MiB, 95.64 W
2026/09/26 18:19:01.719, NVIDIA L40S, 0 %, 40361 MiB, 46068 MiB, 95.67 W
2026/09/26 18:19:02.720, NVIDIA L40S, 0 %, 40361 MiB, 46068 MiB, 95.49 W
2026/09/26 18:19:03.720, NVIDIA L40S, 0 %, 40361 MiB, 46068 MiB, 95.15 W
2026/09/26 18:19:04.720, NVIDIA L40S, 0 %, 40361 MiB, 46068 MiB, 95.36 W
2026/09/26 18:19:05.720, NVIDIA L40S, 0 %, 40361 MiB, 46068 MiB, 95.36 W
2026/09/26 18:19:06.721, NVIDIA L40S, 0 %, 40361 MiB, 46068 MiB, 95.06 W
2026/09/26 18:19:07.722, NVIDIA L40S, 0 %, 40361 MiB, 46068 MiB, 94.97 W
2026/09/26 18:19:08.722, NVIDIA L40S, 0 %, 40361 MiB, 46068 MiB, 94.85 W
2026/09/26 18:19:09.722, NVIDIA L40S, 0 %, 40361 MiB, 46068 MiB, 94.67 W
2026/09/26 18:19:10.722, NVIDIA L40S, 0 %, 40361 MiB, 46068 MiB, 94.74 W
2026/09/26 18:19:11.723, NVIDIA L40S, 0 %, 40361 MiB, 46068 MiB, 94.74 W
2026/09/26 18:19:12.723, NVIDIA L40S, 0 %, 40361 MiB, 46068 MiB, 94.54 W
2026/09/26 18:19:13.723, NVIDIA L40S, 0 %, 40361 MiB, 46068 MiB, 94.51 W
2026/09/26 18:19:14.724, NVIDIA L40S, 0 %, 40361 MiB, 46068 MiB, 94.34 W
2026/09/26 18:19:15.724, NVIDIA L40S, 0 %, 40361 MiB, 46068 MiB, 94.14 W
2026/09/26 18:19:16.724, NVIDIA L40S, 0 %, 40361 MiB, 46068 MiB, 94.14 W
2026/09/26 18:19:17.724, NVIDIA L40S, 0 %, 40361 MiB, 46068 MiB, 94.17 W
2026/09/26 18:19:18.725, NVIDIA L40S, 0 %, 40361 MiB, 46068 MiB, 94.08 W
2026/09/26 18:19:19.725, NVIDIA L40S, 0 %, 40361 MiB, 46068 MiB, 94.02 W
2026/09/26 18:19:20.725, NVIDIA L40S, 0 %, 40361 MiB, 46068 MiB, 94.25 W
2026/09/26 18:19:21.726, NVIDIA L40S, 0 %, 40361 MiB, 46068 MiB, 94.30 W
2026/09/26 18:19:22.726, NVIDIA L40S, 0 %, 40361 MiB, 46068 MiB, 93.94 W
2026/09/26 18:19:23.727, NVIDIA L40S, 0 %, 40361 MiB, 46068 MiB, 93.67 W
2026/09/26 18:19:24.727, NVIDIA L40S, 0 %, 40361 MiB, 46068 MiB, 93.68 W
2026/09/26 18:19:25.727, NVIDIA L40S, 0 %, 40361 MiB, 46068 MiB, 93.53 W
2026/09/26 18:19:26.727, NVIDIA L40S, 0 %, 40361 MiB, 46068 MiB, 93.42 W
2026/09/26 18:19:27.728, NVIDIA L40S, 0 %, 40361 MiB, 46068 MiB, 93.69 W
2026/09/26 18:19:28.729, NVIDIA L40S, 0 %, 40361 MiB, 46068 MiB, 93.69 W
2026/09/26 18:19:29.729, NVIDIA L40S, 0 %, 40361 MiB, 46068 MiB, 93.42 W
2026/09/26 18:19:30.730, NVIDIA L40S, 0 %, 40361 MiB, 46068 MiB, 93.35 W
2026/09/26 18:19:31.730, NVIDIA L40S, 0 %, 40361 MiB, 46068 MiB, 93.26 W
2026/09/26 18:19:32.730, NVIDIA L40S, 0 %, 40361 MiB, 46068 MiB, 93.20 W
2026/09/26 18:19:33.731, NVIDIA L40S, 0 %, 40361 MiB, 46068 MiB, 93.27 W
2026/09/26 18:19:34.731, NVIDIA L40S, 0 %, 40361 MiB, 46068 MiB, 93.33 W
2026/09/26 18:19:35.731, NVIDIA L40S, 0 %, 40361 MiB, 46068 MiB, 93.23 W
2026/09/26 18:19:36.732, NVIDIA L40S, 0 %, 40361 MiB, 46068 MiB, 92.99 W
2026/09/26 18:19:37.732, NVIDIA L40S, 0 %, 40361 MiB, 46068 MiB, 93.05 W
2026/09/26 18:19:38.732, NVIDIA L40S, 0 %, 40361 MiB, 46068 MiB, 93.11 W
2026/09/26 18:19:39.733, NVIDIA L40S, 0 %, 40361 MiB, 46068 MiB, 92.96 W
2026/09/26 18:19:40.733, NVIDIA L40S, 0 %, 40361 MiB, 46068 MiB, 92.93 W
2026/09/26 18:19:41.733, NVIDIA L40S, 0 %, 40361 MiB, 46068 MiB, 92.80 W
2026/09/26 18:19:42.733, NVIDIA L40S, 0 %, 40361 MiB, 46068 MiB, 92.80 W
2026/09/26 18:19:43.734, NVIDIA L40S, 0 %, 40361 MiB, 46068 MiB, 93.07 W
2026/09/26 18:19:44.738, NVIDIA L40S, 0 %, 40361 MiB, 46068 MiB, 93.10 W
2026/09/26 18:19:45.740, NVIDIA L40S, 0 %, 40361 MiB, 46068 MiB, 92.95 W
2026/09/26 18:19:46.741, NVIDIA L40S, 0 %, 40361 MiB, 46068 MiB, 92.93 W
2026/09/26 18:19:47.741, NVIDIA L40S, 0 %, 40361 MiB, 46068 MiB, 92.92 W
2026/09/26 18:19:48.741, NVIDIA L40S, 0 %, 40361 MiB, 46068 MiB, 92.90 W
2026/09/26 18:19:49.744, NVIDIA L40S, 0 %, 40361 MiB, 46068 MiB, 92.68 W
2026/09/26 18:19:50.745, NVIDIA L40S, 0 %, 40361 MiB, 46068 MiB, 92.47 W
2026/09/26 18:19:51.746, NVIDIA L40S, 0 %, 40361 MiB, 46068 MiB, 92.68 W
2026/09/26 18:19:52.747, NVIDIA L40S, 0 %, 40361 MiB, 46068 MiB, 92.83 W
2026/09/26 18:19:53.748, NVIDIA L40S, 0 %, 40361 MiB, 46068 MiB, 92.71 W
2026/09/26 18:19:54.748, NVIDIA L40S, 0 %, 40361 MiB, 46068 MiB, 92.90 W
2026/09/26 18:19:55.749, NVIDIA L40S, 0 %, 40361 MiB, 46068 MiB, 92.95 W
2026/09/26 18:19:56.749, NVIDIA L40S, 0 %, 40361 MiB, 46068 MiB, 92.65 W
2026/09/26 18:19:57.752, NVIDIA L40S, 0 %, 40361 MiB, 46068 MiB, 92.62 W
2026/09/26 18:19:58.753, NVIDIA L40S, 0 %, 40361 MiB, 46068 MiB, 92.71 W
2026/09/26 18:19:59.753, NVIDIA L40S, 0 %, 40361 MiB, 46068 MiB, 92.71 W
2026/09/26 18:20:00.753, NVIDIA L40S, 0 %, 40361 MiB, 46068 MiB, 92.71 W
2026/09/26 18:20:01.754, NVIDIA L40S, 0 %, 40361 MiB, 46068 MiB, 92.51 W
2026/09/26 18:20:02.754, NVIDIA L40S, 0 %, 40361 MiB, 46068 MiB, 92.29 W
2026/09/26 18:20:03.755, NVIDIA L40S, 0 %, 40361 MiB, 46068 MiB, 92.35 W
2026/09/26 18:20:04.755, NVIDIA L40S, 0 %, 40361 MiB, 46068 MiB, 92.63 W
2026/09/26 18:20:05.756, NVIDIA L40S, 0 %, 40361 MiB, 46068 MiB, 92.54 W
2026/09/26 18:20:06.756, NVIDIA L40S, 0 %, 40361 MiB, 46068 MiB, 92.42 W
2026/09/26 18:20:07.756, NVIDIA L40S, 0 %, 40361 MiB, 46068 MiB, 92.45 W
2026/09/26 18:20:08.757, NVIDIA L40S, 0 %, 40361 MiB, 46068 MiB, 92.38 W
2026/09/26 18:20:09.757, NVIDIA L40S, 0 %, 40361 MiB, 46068 MiB, 92.41 W
2026/09/26 18:20:10.758, NVIDIA L40S, 0 %, 40361 MiB, 46068 MiB, 92.48 W
2026/09/26 18:20:11.758, NVIDIA L40S, 0 %, 40361 MiB, 46068 MiB, 92.45 W
2026/09/26 18:20:12.760, NVIDIA L40S, 0 %, 40361 MiB, 46068 MiB, 92.41 W
2026/09/26 18:20:13.761, NVIDIA L40S, 0 %, 40361 MiB, 46068 MiB, 92.35 W
2026/09/26 18:20:14.761, NVIDIA L40S, 0 %, 40361 MiB, 46068 MiB, 92.32 W
2026/09/26 18:20:15.761, NVIDIA L40S, 0 %, 40361 MiB, 46068 MiB, 92.86 W
2026/09/26 18:20:16.762, NVIDIA L40S, 100 %, 0 MiB, 46068 MiB, 108.11 W
2026/09/26 18:20:17.762, NVIDIA L40S, 0 %, 0 MiB, 46068 MiB, 94.58 W
2026/09/26 18:20:18.763, NVIDIA L40S, 0 %, 0 MiB, 46068 MiB, 68.15 W
2026/09/26 18:20:19.763, NVIDIA L40S, 0 %, 0 MiB, 46068 MiB, 64.51 W
2026/09/26 18:20:20.764, NVIDIA L40S, 0 %, 0 MiB, 46068 MiB, 62.87 W
2026/09/26 18:20:21.764, NVIDIA L40S, 0 %, 0 MiB, 46068 MiB, 62.24 W
2026/09/26 18:20:22.765, NVIDIA L40S, 0 %, 0 MiB, 46068 MiB, 48.80 W
2026/09/26 18:20:23.765, NVIDIA L40S, 0 %, 0 MiB, 46068 MiB, 35.55 W
2026/09/26 18:20:24.765, NVIDIA L40S, 0 %, 0 MiB, 46068 MiB, 35.40 W
2026/09/26 18:20:25.766, NVIDIA L40S, 0 %, 0 MiB, 46068 MiB, 35.34 W
2026/09/26 18:20:26.766, NVIDIA L40S, 0 %, 0 MiB, 46068 MiB, 35.37 W
2026/09/26 18:20:27.768, NVIDIA L40S, 0 %, 0 MiB, 46068 MiB, 35.42 W
2026/09/26 18:20:28.768, NVIDIA L40S, 0 %, 0 MiB, 46068 MiB, 35.52 W
2026/09/26 18:20:29.768, NVIDIA L40S, 0 %, 0 MiB, 46068 MiB, 35.50 W
2026/09/26 18:20:30.769, NVIDIA L40S, 0 %, 0 MiB, 46068 MiB, 35.39 W
2026/09/26 18:20:31.769, NVIDIA L40S, 0 %, 0 MiB, 46068 MiB, 35.25 W
2026/09/26 18:20:32.769, NVIDIA L40S, 0 %, 0 MiB, 46068 MiB, 35.11 W
2026/09/26 18:20:33.770, NVIDIA L40S, 0 %, 0 MiB, 46068 MiB, 35.00 W
2026/09/26 18:20:34.770, NVIDIA L40S, 0 %, 0 MiB, 46068 MiB, 35.05 W
2026/09/26 18:20:35.771, NVIDIA L40S, 0 %, 0 MiB, 46068 MiB, 35.07 W
2026/09/26 18:20:36.771, NVIDIA L40S, 0 %, 0 MiB, 46068 MiB, 35.11 W
2026/09/26 18:20:37.772, NVIDIA L40S, 0 %, 0 MiB, 46068 MiB, 35.06 W
2026/09/26 18:20:38.772, NVIDIA L40S, 0 %, 0 MiB, 46068 MiB, 34.82 W
2026/09/26 18:20:39.772, NVIDIA L40S, 0 %, 0 MiB, 46068 MiB, 34.68 W
2026/09/26 18:20:40.773, NVIDIA L40S, 0 %, 0 MiB, 46068 MiB, 34.84 W
2026/09/26 18:20:41.773, NVIDIA L40S, 0 %, 0 MiB, 46068 MiB, 35.10 W
2026/09/26 18:20:42.773, NVIDIA L40S, 0 %, 0 MiB, 46068 MiB, 35.12 W
2026/09/26 18:20:43.773, NVIDIA L40S, 0 %, 0 MiB, 46068 MiB, 34.90 W
2026/09/26 18:20:44.774, NVIDIA L40S, 0 %, 0 MiB, 46068 MiB, 34.82 W
2026/09/26 18:20:45.775, NVIDIA L40S, 0 %, 0 MiB, 46068 MiB, 35.02 W
2026/09/26 18:20:46.776, NVIDIA L40S, 0 %, 0 MiB, 46068 MiB, 34.90 W
2026/09/26 18:20:47.776, NVIDIA L40S, 0 %, 0 MiB, 46068 MiB, 34.72 W
2026/09/26 18:20:48.776, NVIDIA L40S, 0 %, 0 MiB, 46068 MiB, 34.89 W
2026/09/26 18:20:49.778, NVIDIA L40S, 0 %, 0 MiB, 46068 MiB, 34.84 W
2026/09/26 18:20:50.778, NVIDIA L40S, 0 %, 0 MiB, 46068 MiB, 34.75 W
2026/09/26 18:20:51.778, NVIDIA L40S, 0 %, 0 MiB, 46068 MiB, 34.77 W
2026/09/26 18:20:52.779, NVIDIA L40S, 0 %, 0 MiB, 46068 MiB, 34.72 W
2026/09/26 18:20:53.797, NVIDIA L40S, 0 %, 0 MiB, 46068 MiB, 34.78 W
2026/09/26 18:20:54.797, NVIDIA L40S, 0 %, 0 MiB, 46068 MiB, 34.77 W
2026/09/26 18:20:55.797, NVIDIA L40S, 0 %, 0 MiB, 46068 MiB, 34.70 W
2026/09/26 18:20:56.797, NVIDIA L40S, 0 %, 0 MiB, 46068 MiB, 34.71 W
2026/09/26 18:20:57.798, NVIDIA L40S, 0 %, 0 MiB, 46068 MiB, 34.74 W
2026/09/26 18:20:58.799, NVIDIA L40S, 0 %, 0 MiB, 46068 MiB, 34.78 W
2026/09/26 18:20:59.799, NVIDIA L40S, 0 %, 0 MiB, 46068 MiB, 34.75 W
2026/09/26 18:21:00.799, NVIDIA L40S, 0 %, 0 MiB, 46068 MiB, 34.72 W
2026/09/26 18:21:01.800, NVIDIA L40S, 0 %, 0 MiB, 46068 MiB, 34.73 W
2026/09/26 18:21:02.801, NVIDIA L40S, 0 %, 0 MiB, 46068 MiB, 34.62 W
2026/09/26 18:21:03.801, NVIDIA L40S, 0 %, 0 MiB, 46068 MiB, 34.63 W
2026/09/26 18:21:04.801, NVIDIA L40S, 0 %, 0 MiB, 46068 MiB, 34.72 W
2026/09/26 18:21:05.802, NVIDIA L40S, 0 %, 0 MiB, 46068 MiB, 34.57 W
2026/09/26 18:21:06.802, NVIDIA L40S, 0 %, 0 MiB, 46068 MiB, 34.47 W
2026/09/26 18:21:07.802, NVIDIA L40S, 0 %, 0 MiB, 46068 MiB, 34.52 W
2026/09/26 18:21:08.803, NVIDIA L40S, 0 %, 0 MiB, 46068 MiB, 34.52 W
2026/09/26 18:21:09.803, NVIDIA L40S, 0 %, 0 MiB, 46068 MiB, 34.52 W
2026/09/26 18:21:10.803, NVIDIA L40S, 0 %, 0 MiB, 46068 MiB, 34.49 W
2026/09/26 18:21:11.804, NVIDIA L40S, 0 %, 0 MiB, 46068 MiB, 34.47 W
2026/09/26 18:21:12.804, NVIDIA L40S, 0 %, 0 MiB, 46068 MiB, 34.37 W
2026/09/26 18:21:13.804, NVIDIA L40S, 0 %, 0 MiB, 46068 MiB, 34.38 W
2026/09/26 18:21:14.804, NVIDIA L40S, 0 %, 0 MiB, 46068 MiB, 34.49 W
2026/09/26 18:21:15.805, NVIDIA L40S, 0 %, 0 MiB, 46068 MiB, 34.49 W
2026/09/26 18:21:16.805, NVIDIA L40S, 0 %, 0 MiB, 46068 MiB, 34.37 W
2026/09/26 18:21:17.806, NVIDIA L40S, 0 %, 0 MiB, 46068 MiB, 34.36 W
2026/09/26 18:21:18.806, NVIDIA L40S, 0 %, 0 MiB, 46068 MiB, 34.49 W
2026/09/26 18:21:19.807, NVIDIA L40S, 0 %, 0 MiB, 46068 MiB, 34.49 W
2026/09/26 18:21:20.807, NVIDIA L40S, 0 %, 0 MiB, 46068 MiB, 34.48 W
2026/09/26 18:21:21.808, NVIDIA L40S, 0 %, 0 MiB, 46068 MiB, 34.36 W
2026/09/26 18:21:22.808, NVIDIA L40S, 0 %, 0 MiB, 46068 MiB, 34.24 W
2026/09/26 18:21:23.809, NVIDIA L40S, 0 %, 0 MiB, 46068 MiB, 34.35 W
2026/09/26 18:21:24.809, NVIDIA L40S, 0 %, 0 MiB, 46068 MiB, 34.35 W
2026/09/26 18:21:25.810, NVIDIA L40S, 0 %, 0 MiB, 46068 MiB, 34.24 W
2026/09/26 18:21:26.810, NVIDIA L40S, 0 %, 0 MiB, 46068 MiB, 34.12 W
2026/09/26 18:21:27.810, NVIDIA L40S, 0 %, 0 MiB, 46068 MiB, 34.12 W
2026/09/26 18:21:28.811, NVIDIA L40S, 0 %, 0 MiB, 46068 MiB, 34.36 W
2026/09/26 18:21:29.811, NVIDIA L40S, 0 %, 0 MiB, 46068 MiB, 34.35 W
2026/09/26 18:21:30.811, NVIDIA L40S, 0 %, 0 MiB, 46068 MiB, 34.35 W
2026/09/26 18:21:31.812, NVIDIA L40S, 0 %, 0 MiB, 46068 MiB, 34.48 W
2026/09/26 18:21:32.812, NVIDIA L40S, 0 %, 0 MiB, 46068 MiB, 34.49 W
2026/09/26 18:21:33.812, NVIDIA L40S, 0 %, 0 MiB, 46068 MiB, 34.37 W
2026/09/26 18:21:34.813, NVIDIA L40S, 0 %, 0 MiB, 46068 MiB, 34.25 W
2026/09/26 18:21:35.813, NVIDIA L40S, 0 %, 0 MiB, 46068 MiB, 34.25 W
2026/09/26 18:21:36.813, NVIDIA L40S, 0 %, 0 MiB, 46068 MiB, 34.24 W
2026/09/26 18:21:37.814, NVIDIA L40S, 0 %, 0 MiB, 46068 MiB, 34.22 W
2026/09/26 18:21:38.814, NVIDIA L40S, 0 %, 0 MiB, 46068 MiB, 34.22 W
2026/09/26 18:21:39.815, NVIDIA L40S, 0 %, 0 MiB, 46068 MiB, 34.35 W
2026/09/26 18:21:40.815, NVIDIA L40S, 0 %, 0 MiB, 46068 MiB, 34.47 W
2026/09/26 18:21:41.815, NVIDIA L40S, 0 %, 0 MiB, 46068 MiB, 34.47 W
2026/09/26 18:21:42.816, NVIDIA L40S, 0 %, 0 MiB, 46068 MiB, 34.43 W
2026/09/26 18:21:43.816, NVIDIA L40S, 0 %, 0 MiB, 46068 MiB, 34.29 W
2026/09/26 18:21:44.817, NVIDIA L40S, 0 %, 0 MiB, 46068 MiB, 34.29 W
2026/09/26 18:21:45.817, NVIDIA L40S, 0 %, 0 MiB, 46068 MiB, 34.29 W
2026/09/26 18:21:46.817, NVIDIA L40S, 0 %, 0 MiB, 46068 MiB, 34.28 W
2026/09/26 18:21:47.819, NVIDIA L40S, 0 %, 0 MiB, 46068 MiB, 34.38 W
2026/09/26 18:21:48.819, NVIDIA L40S, 0 %, 0 MiB, 46068 MiB, 34.39 W
2026/09/26 18:21:49.819, NVIDIA L40S, 0 %, 0 MiB, 46068 MiB, 34.42 W
2026/09/26 18:21:50.820, NVIDIA L40S, 0 %, 0 MiB, 46068 MiB, 34.33 W
2026/09/26 18:21:51.821, NVIDIA L40S, 0 %, 0 MiB, 46068 MiB, 34.22 W
2026/09/26 18:21:52.821, NVIDIA L40S, 0 %, 0 MiB, 46068 MiB, 34.20 W
2026/09/26 18:21:53.821, NVIDIA L40S, 0 %, 0 MiB, 46068 MiB, 34.16 W
2026/09/26 18:21:54.822, NVIDIA L40S, 0 %, 0 MiB, 46068 MiB, 34.28 W
2026/09/26 18:21:55.823, NVIDIA L40S, 0 %, 0 MiB, 46068 MiB, 34.29 W
2026/09/26 18:21:56.826, NVIDIA L40S, 0 %, 0 MiB, 46068 MiB, 34.28 W
2026/09/26 18:21:57.826, NVIDIA L40S, 0 %, 0 MiB, 46068 MiB, 34.40 W
2026/09/26 18:21:58.826, NVIDIA L40S, 0 %, 0 MiB, 46068 MiB, 34.41 W
2026/09/26 18:21:59.827, NVIDIA L40S, 0 %, 0 MiB, 46068 MiB, 34.20 W
2026/09/26 18:22:00.827, NVIDIA L40S, 0 %, 0 MiB, 46068 MiB, 34.09 W
2026/09/26 18:22:01.829, NVIDIA L40S, 0 %, 0 MiB, 46068 MiB, 34.21 W
2026/09/26 18:22:02.835, NVIDIA L40S, 0 %, 0 MiB, 46068 MiB, 34.26 W
2026/09/26 18:22:03.835, NVIDIA L40S, 0 %, 0 MiB, 46068 MiB, 34.03 W
2026/09/26 18:22:04.835, NVIDIA L40S, 0 %, 0 MiB, 46068 MiB, 34.00 W
2026/09/26 18:22:05.837, NVIDIA L40S, 0 %, 0 MiB, 46068 MiB, 34.23 W
2026/09/26 18:22:06.837, NVIDIA L40S, 0 %, 0 MiB, 46068 MiB, 34.23 W
2026/09/26 18:22:07.838, NVIDIA L40S, 0 %, 0 MiB, 46068 MiB, 34.23 W
2026/09/26 18:22:08.838, NVIDIA L40S, 0 %, 0 MiB, 46068 MiB, 34.24 W
2026/09/26 18:22:09.838, NVIDIA L40S, 0 %, 0 MiB, 46068 MiB, 34.36 W
2026/09/26 18:22:10.839, NVIDIA L40S, 0 %, 0 MiB, 46068 MiB, 34.34 W
2026/09/26 18:22:11.839, NVIDIA L40S, 0 %, 0 MiB, 46068 MiB, 34.23 W
2026/09/26 18:22:12.839, NVIDIA L40S, 0 %, 0 MiB, 46068 MiB, 34.35 W
2026/09/26 18:22:13.840, NVIDIA L40S, 0 %, 0 MiB, 46068 MiB, 34.46 W
2026/09/26 18:22:14.840, NVIDIA L40S, 0 %, 0 MiB, 46068 MiB, 34.33 W
2026/09/26 18:22:15.841, NVIDIA L40S, 0 %, 0 MiB, 46068 MiB, 34.18 W
2026/09/26 18:22:16.841, NVIDIA L40S, 0 %, 0 MiB, 46068 MiB, 34.19 W
2026/09/26 18:22:17.841, NVIDIA L40S, 0 %, 0 MiB, 46068 MiB, 34.20 W
2026/09/26 18:22:18.842, NVIDIA L40S, 0 %, 0 MiB, 46068 MiB, 34.08 W
2026/09/26 18:22:19.842, NVIDIA L40S, 0 %, 0 MiB, 46068 MiB, 33.96 W
2026/09/26 18:22:20.844, NVIDIA L40S, 0 %, 0 MiB, 46068 MiB, 33.96 W
2026/09/26 18:22:21.844, NVIDIA L40S, 0 %, 0 MiB, 46068 MiB, 33.95 W
2026/09/26 18:22:22.844, NVIDIA L40S, 0 %, 0 MiB, 46068 MiB, 33.92 W
2026/09/26 18:22:23.845, NVIDIA L40S, 0 %, 0 MiB, 46068 MiB, 34.19 W
2026/09/26 18:22:24.846, NVIDIA L40S, 0 %, 0 MiB, 46068 MiB, 34.68 W
2026/09/26 18:22:25.849, NVIDIA L40S, 0 %, 0 MiB, 46068 MiB, 34.44 W
2026/09/26 18:22:26.849, NVIDIA L40S, 0 %, 0 MiB, 46068 MiB, 34.09 W
2026/09/26 18:22:27.849, NVIDIA L40S, 0 %, 0 MiB, 46068 MiB, 34.21 W
2026/09/26 18:22:28.850, NVIDIA L40S, 0 %, 0 MiB, 46068 MiB, 34.20 W
2026/09/26 18:22:29.850, NVIDIA L40S, 0 %, 0 MiB, 46068 MiB, 34.20 W
2026/09/26 18:22:30.852, NVIDIA L40S, 0 %, 0 MiB, 46068 MiB, 34.30 W
2026/09/26 18:22:31.852, NVIDIA L40S, 0 %, 0 MiB, 46068 MiB, 34.29 W
2026/09/26 18:22:32.853, NVIDIA L40S, 0 %, 0 MiB, 46068 MiB, 34.21 W
2026/09/26 18:22:33.853, NVIDIA L40S, 0 %, 0 MiB, 46068 MiB, 34.11 W
2026/09/26 18:22:34.854, NVIDIA L40S, 0 %, 0 MiB, 46068 MiB, 34.18 W
2026/09/26 18:22:35.856, NVIDIA L40S, 0 %, 0 MiB, 46068 MiB, 34.30 W
2026/09/26 18:22:36.856, NVIDIA L40S, 0 %, 0 MiB, 46068 MiB, 34.31 W
2026/09/26 18:22:37.857, NVIDIA L40S, 0 %, 0 MiB, 46068 MiB, 34.18 W
2026/09/26 18:22:38.857, NVIDIA L40S, 0 %, 0 MiB, 46068 MiB, 34.10 W
2026/09/26 18:22:39.857, NVIDIA L40S, 0 %, 0 MiB, 46068 MiB, 34.21 W
2026/09/26 18:22:40.858, NVIDIA L40S, 0 %, 0 MiB, 46068 MiB, 34.19 W
2026/09/26 18:22:41.858, NVIDIA L40S, 0 %, 0 MiB, 46068 MiB, 34.22 W
2026/09/26 18:22:42.859, NVIDIA L40S, 0 %, 0 MiB, 46068 MiB, 34.24 W
2026/09/26 18:22:43.859, NVIDIA L40S, 0 %, 0 MiB, 46068 MiB, 34.23 W
2026/09/26 18:22:44.859, NVIDIA L40S, 0 %, 0 MiB, 46068 MiB, 34.33 W
2026/09/26 18:22:45.860, NVIDIA L40S, 0 %, 0 MiB, 46068 MiB, 34.32 W
2026/09/26 18:22:46.860, NVIDIA L40S, 0 %, 0 MiB, 46068 MiB, 34.21 W
2026/09/26 18:22:47.861, NVIDIA L40S, 0 %, 0 MiB, 46068 MiB, 34.21 W
2026/09/26 18:22:48.861, NVIDIA L40S, 0 %, 0 MiB, 46068 MiB, 34.34 W
2026/09/26 18:22:49.862, NVIDIA L40S, 0 %, 0 MiB, 46068 MiB, 34.36 W
2026/09/26 18:22:50.863, NVIDIA L40S, 0 %, 0 MiB, 46068 MiB, 34.24 W
2026/09/26 18:22:51.864, NVIDIA L40S, 0 %, 0 MiB, 46068 MiB, 34.23 W
2026/09/26 18:22:52.864, NVIDIA L40S, 0 %, 0 MiB, 46068 MiB, 34.22 W
2026/09/26 18:22:53.864, NVIDIA L40S, 0 %, 0 MiB, 46068 MiB, 34.22 W
2026/09/26 18:22:54.865, NVIDIA L40S, 0 %, 0 MiB, 46068 MiB, 34.23 W
2026/09/26 18:22:55.871, NVIDIA L40S, 0 %, 0 MiB, 46068 MiB, 34.10 W
2026/09/26 18:22:56.871, NVIDIA L40S, 0 %, 0 MiB, 46068 MiB, 34.09 W
2026/09/26 18:22:57.872, NVIDIA L40S, 0 %, 0 MiB, 46068 MiB, 34.22 W
2026/09/26 18:22:58.872, NVIDIA L40S, 0 %, 0 MiB, 46068 MiB, 34.24 W
2026/09/26 18:22:59.872, NVIDIA L40S, 0 %, 0 MiB, 46068 MiB, 34.23 W
2026/09/26 18:23:00.873, NVIDIA L40S, 0 %, 0 MiB, 46068 MiB, 34.19 W
2026/09/26 18:23:01.874, NVIDIA L40S, 0 %, 0 MiB, 46068 MiB, 34.30 W
2026/09/26 18:23:02.874, NVIDIA L40S, 0 %, 0 MiB, 46068 MiB, 34.31 W
2026/09/26 18:23:03.874, NVIDIA L40S, 0 %, 0 MiB, 46068 MiB, 34.33 W
2026/09/26 18:23:04.876, NVIDIA L40S, 0 %, 0 MiB, 46068 MiB, 34.30 W
2026/09/26 18:23:05.876, NVIDIA L40S, 0 %, 0 MiB, 46068 MiB, 34.03 W
2026/09/26 18:23:06.876, NVIDIA L40S, 0 %, 0 MiB, 46068 MiB, 33.91 W
2026/09/26 18:23:07.877, NVIDIA L40S, 0 %, 0 MiB, 46068 MiB, 34.05 W
2026/09/26 18:23:08.879, NVIDIA L40S, 0 %, 0 MiB, 46068 MiB, 34.09 W
2026/09/26 18:23:09.879, NVIDIA L40S, 0 %, 20 MiB, 46068 MiB, 38.93 W
2026/09/26 18:23:10.915, NVIDIA L40S, 0 %, 1699 MiB, 46068 MiB, 88.53 W
2026/09/26 18:23:11.915, NVIDIA L40S, 0 %, 1699 MiB, 46068 MiB, 89.47 W
2026/09/26 18:23:12.917, NVIDIA L40S, 0 %, 1699 MiB, 46068 MiB, 89.57 W
2026/09/26 18:23:13.919, NVIDIA L40S, 0 %, 1699 MiB, 46068 MiB, 89.54 W
2026/09/26 18:23:14.919, NVIDIA L40S, 0 %, 1699 MiB, 46068 MiB, 89.43 W
2026/09/26 18:23:15.920, NVIDIA L40S, 0 %, 1699 MiB, 46068 MiB, 89.43 W
2026/09/26 18:23:16.920, NVIDIA L40S, 0 %, 1699 MiB, 46068 MiB, 89.46 W
2026/09/26 18:23:17.921, NVIDIA L40S, 0 %, 1699 MiB, 46068 MiB, 89.52 W
2026/09/26 18:23:18.921, NVIDIA L40S, 0 %, 1699 MiB, 46068 MiB, 89.52 W
2026/09/26 18:23:19.921, NVIDIA L40S, 0 %, 14185 MiB, 46068 MiB, 90.07 W
2026/09/26 18:23:20.923, NVIDIA L40S, 0 %, 15225 MiB, 46068 MiB, 90.09 W
2026/09/26 18:23:21.923, NVIDIA L40S, 0 %, 15225 MiB, 46068 MiB, 90.04 W
2026/09/26 18:23:22.924, NVIDIA L40S, 0 %, 15225 MiB, 46068 MiB, 90.02 W
2026/09/26 18:23:23.924, NVIDIA L40S, 1 %, 15225 MiB, 46068 MiB, 90.11 W
2026/09/26 18:23:24.924, NVIDIA L40S, 1 %, 15225 MiB, 46068 MiB, 90.24 W
2026/09/26 18:23:25.924, NVIDIA L40S, 1 %, 15225 MiB, 46068 MiB, 90.28 W
2026/09/26 18:23:26.925, NVIDIA L40S, 1 %, 15225 MiB, 46068 MiB, 90.25 W
2026/09/26 18:23:27.927, NVIDIA L40S, 2 %, 15225 MiB, 46068 MiB, 90.32 W
2026/09/26 18:23:28.927, NVIDIA L40S, 1 %, 15225 MiB, 46068 MiB, 90.34 W
2026/09/26 18:23:29.927, NVIDIA L40S, 1 %, 15225 MiB, 46068 MiB, 90.52 W
2026/09/26 18:23:30.928, NVIDIA L40S, 1 %, 15225 MiB, 46068 MiB, 90.39 W
2026/09/26 18:23:31.929, NVIDIA L40S, 2 %, 15225 MiB, 46068 MiB, 90.57 W
2026/09/26 18:23:32.930, NVIDIA L40S, 2 %, 15225 MiB, 46068 MiB, 90.49 W
2026/09/26 18:23:33.930, NVIDIA L40S, 2 %, 15225 MiB, 46068 MiB, 90.63 W
2026/09/26 18:23:34.931, NVIDIA L40S, 1 %, 15225 MiB, 46068 MiB, 90.51 W
2026/09/26 18:23:35.932, NVIDIA L40S, 2 %, 15225 MiB, 46068 MiB, 90.57 W
2026/09/26 18:23:36.932, NVIDIA L40S, 1 %, 15225 MiB, 46068 MiB, 90.54 W
2026/09/26 18:23:37.933, NVIDIA L40S, 1 %, 15225 MiB, 46068 MiB, 90.59 W
2026/09/26 18:23:38.933, NVIDIA L40S, 1 %, 15225 MiB, 46068 MiB, 90.60 W
2026/09/26 18:23:39.933, NVIDIA L40S, 0 %, 15225 MiB, 46068 MiB, 90.62 W
2026/09/26 18:23:40.934, NVIDIA L40S, 1 %, 15225 MiB, 46068 MiB, 90.58 W
2026/09/26 18:23:41.934, NVIDIA L40S, 2 %, 15225 MiB, 46068 MiB, 90.61 W
2026/09/26 18:23:42.935, NVIDIA L40S, 2 %, 15225 MiB, 46068 MiB, 90.76 W
2026/09/26 18:23:43.935, NVIDIA L40S, 1 %, 15225 MiB, 46068 MiB, 90.73 W
2026/09/26 18:23:44.935, NVIDIA L40S, 2 %, 15225 MiB, 46068 MiB, 90.73 W
2026/09/26 18:23:45.936, NVIDIA L40S, 1 %, 15225 MiB, 46068 MiB, 90.75 W
2026/09/26 18:23:46.936, NVIDIA L40S, 1 %, 15225 MiB, 46068 MiB, 90.82 W
2026/09/26 18:23:47.937, NVIDIA L40S, 2 %, 15225 MiB, 46068 MiB, 90.82 W
2026/09/26 18:23:48.937, NVIDIA L40S, 1 %, 15225 MiB, 46068 MiB, 90.87 W
2026/09/26 18:23:49.937, NVIDIA L40S, 1 %, 15225 MiB, 46068 MiB, 90.73 W
2026/09/26 18:23:50.938, NVIDIA L40S, 1 %, 15225 MiB, 46068 MiB, 90.76 W
2026/09/26 18:23:51.938, NVIDIA L40S, 1 %, 15225 MiB, 46068 MiB, 90.85 W
2026/09/26 18:23:52.939, NVIDIA L40S, 1 %, 15225 MiB, 46068 MiB, 90.85 W
2026/09/26 18:23:53.939, NVIDIA L40S, 1 %, 15225 MiB, 46068 MiB, 90.94 W
2026/09/26 18:23:54.939, NVIDIA L40S, 2 %, 15225 MiB, 46068 MiB, 90.86 W
2026/09/26 18:23:55.940, NVIDIA L40S, 0 %, 15225 MiB, 46068 MiB, 90.83 W
2026/09/26 18:23:56.940, NVIDIA L40S, 1 %, 15225 MiB, 46068 MiB, 90.87 W
2026/09/26 18:23:57.940, NVIDIA L40S, 0 %, 15225 MiB, 46068 MiB, 90.76 W
2026/09/26 18:23:58.940, NVIDIA L40S, 1 %, 15225 MiB, 46068 MiB, 90.90 W
2026/09/26 18:23:59.941, NVIDIA L40S, 1 %, 15225 MiB, 46068 MiB, 91.02 W
2026/09/26 18:24:00.941, NVIDIA L40S, 2 %, 15225 MiB, 46068 MiB, 90.98 W
2026/09/26 18:24:01.941, NVIDIA L40S, 1 %, 15225 MiB, 46068 MiB, 90.99 W
2026/09/26 18:24:02.942, NVIDIA L40S, 2 %, 15225 MiB, 46068 MiB, 90.95 W
2026/09/26 18:24:03.943, NVIDIA L40S, 1 %, 15225 MiB, 46068 MiB, 91.01 W
2026/09/26 18:24:04.943, NVIDIA L40S, 1 %, 15225 MiB, 46068 MiB, 91.05 W
2026/09/26 18:24:05.943, NVIDIA L40S, 1 %, 15225 MiB, 46068 MiB, 90.89 W
2026/09/26 18:24:06.944, NVIDIA L40S, 2 %, 15225 MiB, 46068 MiB, 90.89 W
2026/09/26 18:24:07.945, NVIDIA L40S, 1 %, 15225 MiB, 46068 MiB, 91.04 W
2026/09/26 18:24:08.946, NVIDIA L40S, 1 %, 15225 MiB, 46068 MiB, 91.09 W
2026/09/26 18:24:09.946, NVIDIA L40S, 3 %, 15225 MiB, 46068 MiB, 91.38 W
2026/09/26 18:24:10.946, NVIDIA L40S, 3 %, 15225 MiB, 46068 MiB, 91.32 W
2026/09/26 18:24:11.948, NVIDIA L40S, 0 %, 15225 MiB, 46068 MiB, 90.91 W
2026/09/26 18:24:12.949, NVIDIA L40S, 0 %, 15225 MiB, 46068 MiB, 91.00 W
2026/09/26 18:24:13.949, NVIDIA L40S, 0 %, 15225 MiB, 46068 MiB, 91.00 W
2026/09/26 18:24:14.949, NVIDIA L40S, 0 %, 15225 MiB, 46068 MiB, 90.84 W
2026/09/26 18:24:15.950, NVIDIA L40S, 3 %, 15225 MiB, 46068 MiB, 90.88 W
2026/09/26 18:24:16.951, NVIDIA L40S, 3 %, 15225 MiB, 46068 MiB, 91.17 W
2026/09/26 18:24:17.951, NVIDIA L40S, 0 %, 15225 MiB, 46068 MiB, 91.06 W
2026/09/26 18:24:18.951, NVIDIA L40S, 1 %, 15225 MiB, 46068 MiB, 91.06 W
2026/09/26 18:24:19.951, NVIDIA L40S, 3 %, 15225 MiB, 46068 MiB, 91.15 W
2026/09/26 18:24:20.952, NVIDIA L40S, 2 %, 15225 MiB, 46068 MiB, 91.15 W
2026/09/26 18:24:21.952, NVIDIA L40S, 1 %, 15225 MiB, 46068 MiB, 91.21 W
2026/09/26 18:24:22.953, NVIDIA L40S, 2 %, 15225 MiB, 46068 MiB, 91.21 W
2026/09/26 18:24:23.953, NVIDIA L40S, 2 %, 15225 MiB, 46068 MiB, 91.30 W
2026/09/26 18:24:24.954, NVIDIA L40S, 0 %, 15225 MiB, 46068 MiB, 91.11 W
2026/09/26 18:24:25.954, NVIDIA L40S, 0 %, 15323 MiB, 46068 MiB, 90.94 W
2026/09/26 18:24:26.954, NVIDIA L40S, 0 %, 15323 MiB, 46068 MiB, 91.07 W
2026/09/26 18:24:27.955, NVIDIA L40S, 0 %, 15323 MiB, 46068 MiB, 91.04 W
2026/09/26 18:24:28.955, NVIDIA L40S, 0 %, 15323 MiB, 46068 MiB, 90.44 W
2026/09/26 18:24:29.955, NVIDIA L40S, 0 %, 15323 MiB, 46068 MiB, 90.61 W
2026/09/26 18:24:30.956, NVIDIA L40S, 0 %, 15323 MiB, 46068 MiB, 90.88 W
2026/09/26 18:24:31.956, NVIDIA L40S, 0 %, 15323 MiB, 46068 MiB, 90.88 W
2026/09/26 18:24:32.956, NVIDIA L40S, 0 %, 15323 MiB, 46068 MiB, 90.93 W
2026/09/26 18:24:33.957, NVIDIA L40S, 0 %, 15323 MiB, 46068 MiB, 90.89 W
2026/09/26 18:24:34.957, NVIDIA L40S, 0 %, 15323 MiB, 46068 MiB, 90.80 W
2026/09/26 18:24:35.957, NVIDIA L40S, 0 %, 15323 MiB, 46068 MiB, 90.87 W
2026/09/26 18:24:36.957, NVIDIA L40S, 0 %, 15323 MiB, 46068 MiB, 90.93 W
2026/09/26 18:24:37.958, NVIDIA L40S, 0 %, 15323 MiB, 46068 MiB, 90.93 W
2026/09/26 18:24:38.958, NVIDIA L40S, 0 %, 15323 MiB, 46068 MiB, 90.95 W
2026/09/26 18:24:39.958, NVIDIA L40S, 2 %, 15715 MiB, 46068 MiB, 105.96 W
2026/09/26 18:24:40.958, NVIDIA L40S, 0 %, 15585 MiB, 46068 MiB, 90.73 W
2026/09/26 18:24:41.959, NVIDIA L40S, 41 %, 15777 MiB, 46068 MiB, 139.78 W
2026/09/26 18:24:42.959, NVIDIA L40S, 39 %, 15755 MiB, 46068 MiB, 169.14 W
2026/09/26 18:24:43.959, NVIDIA L40S, 46 %, 15829 MiB, 46068 MiB, 201.98 W
2026/09/26 18:24:44.960, NVIDIA L40S, 23 %, 15891 MiB, 46068 MiB, 152.81 W
2026/09/26 18:24:45.960, NVIDIA L40S, 0 %, 15927 MiB, 46068 MiB, 134.10 W
2026/09/26 18:24:46.961, NVIDIA L40S, 0 %, 40907 MiB, 46068 MiB, 99.82 W
2026/09/26 18:24:47.961, NVIDIA L40S, 0 %, 40907 MiB, 46068 MiB, 99.68 W
2026/09/26 18:24:48.961, NVIDIA L40S, 0 %, 40907 MiB, 46068 MiB, 91.43 W
2026/09/26 18:24:49.961, NVIDIA L40S, 0 %, 40907 MiB, 46068 MiB, 91.38 W
2026/09/26 18:24:50.962, NVIDIA L40S, 5 %, 41515 MiB, 46068 MiB, 101.78 W
2026/09/26 18:24:51.962, NVIDIA L40S, 47 %, 41011 MiB, 46068 MiB, 195.07 W
2026/09/26 18:24:52.963, NVIDIA L40S, 19 %, 41011 MiB, 46068 MiB, 193.67 W
2026/09/26 18:24:53.963, NVIDIA L40S, 49 %, 41043 MiB, 46068 MiB, 163.14 W
2026/09/26 18:24:54.963, NVIDIA L40S, 40 %, 41057 MiB, 46068 MiB, 144.79 W
2026/09/26 18:24:55.965, NVIDIA L40S, 58 %, 41103 MiB, 46068 MiB, 222.43 W
2026/09/26 18:24:56.965, NVIDIA L40S, 0 %, 41155 MiB, 46068 MiB, 140.23 W
2026/09/26 18:24:57.965, NVIDIA L40S, 0 %, 41155 MiB, 46068 MiB, 92.89 W
2026/09/26 18:24:58.966, NVIDIA L40S, 0 %, 41155 MiB, 46068 MiB, 92.85 W
2026/09/26 18:24:59.966, NVIDIA L40S, 0 %, 41155 MiB, 46068 MiB, 92.77 W
2026/09/26 18:25:00.966, NVIDIA L40S, 0 %, 41155 MiB, 46068 MiB, 92.57 W
2026/09/26 18:25:01.966, NVIDIA L40S, 0 %, 41155 MiB, 46068 MiB, 92.45 W
2026/09/26 18:25:02.967, NVIDIA L40S, 0 %, 41155 MiB, 46068 MiB, 92.44 W
2026/09/26 18:25:03.967, NVIDIA L40S, 0 %, 41155 MiB, 46068 MiB, 92.17 W
2026/09/26 18:25:04.967, NVIDIA L40S, 0 %, 41155 MiB, 46068 MiB, 92.11 W
2026/09/26 18:25:05.967, NVIDIA L40S, 0 %, 41155 MiB, 46068 MiB, 92.18 W
2026/09/26 18:25:06.967, NVIDIA L40S, 0 %, 41155 MiB, 46068 MiB, 92.24 W
2026/09/26 18:25:07.968, NVIDIA L40S, 0 %, 41155 MiB, 46068 MiB, 92.24 W
2026/09/26 18:25:08.970, NVIDIA L40S, 0 %, 41155 MiB, 46068 MiB, 92.23 W
2026/09/26 18:25:09.970, NVIDIA L40S, 0 %, 41155 MiB, 46068 MiB, 92.29 W
2026/09/26 18:25:10.970, NVIDIA L40S, 0 %, 41155 MiB, 46068 MiB, 92.11 W
2026/09/26 18:25:11.971, NVIDIA L40S, 0 %, 41155 MiB, 46068 MiB, 92.17 W
2026/09/26 18:25:12.972, NVIDIA L40S, 0 %, 41155 MiB, 46068 MiB, 92.35 W
2026/09/26 18:25:13.973, NVIDIA L40S, 0 %, 41155 MiB, 46068 MiB, 92.30 W
2026/09/26 18:25:14.973, NVIDIA L40S, 0 %, 41155 MiB, 46068 MiB, 92.14 W
2026/09/26 18:25:15.973, NVIDIA L40S, 0 %, 41155 MiB, 46068 MiB, 92.20 W
2026/09/26 18:25:16.974, NVIDIA L40S, 0 %, 41155 MiB, 46068 MiB, 92.26 W
2026/09/26 18:25:17.974, NVIDIA L40S, 0 %, 41155 MiB, 46068 MiB, 92.04 W
2026/09/26 18:25:18.974, NVIDIA L40S, 0 %, 41155 MiB, 46068 MiB, 92.04 W
2026/09/26 18:25:19.975, NVIDIA L40S, 0 %, 41155 MiB, 46068 MiB, 92.08 W
2026/09/26 18:25:20.975, NVIDIA L40S, 0 %, 41155 MiB, 46068 MiB, 92.08 W
2026/09/26 18:25:21.975, NVIDIA L40S, 0 %, 41155 MiB, 46068 MiB, 92.34 W
2026/09/26 18:25:22.975, NVIDIA L40S, 0 %, 41155 MiB, 46068 MiB, 92.32 W
2026/09/26 18:25:23.976, NVIDIA L40S, 0 %, 41155 MiB, 46068 MiB, 92.14 W
2026/09/26 18:25:24.976, NVIDIA L40S, 0 %, 41155 MiB, 46068 MiB, 92.01 W
2026/09/26 18:25:25.976, NVIDIA L40S, 0 %, 41155 MiB, 46068 MiB, 91.92 W
2026/09/26 18:25:26.976, NVIDIA L40S, 0 %, 41155 MiB, 46068 MiB, 92.08 W
2026/09/26 18:25:27.977, NVIDIA L40S, 0 %, 41155 MiB, 46068 MiB, 92.12 W
2026/09/26 18:25:28.977, NVIDIA L40S, 0 %, 41155 MiB, 46068 MiB, 91.99 W
2026/09/26 18:25:29.977, NVIDIA L40S, 0 %, 41155 MiB, 46068 MiB, 91.99 W
2026/09/26 18:25:30.978, NVIDIA L40S, 0 %, 41155 MiB, 46068 MiB, 92.02 W
2026/09/26 18:25:31.979, NVIDIA L40S, 0 %, 41155 MiB, 46068 MiB, 91.93 W
2026/09/26 18:25:32.979, NVIDIA L40S, 0 %, 41155 MiB, 46068 MiB, 91.99 W
2026/09/26 18:25:33.979, NVIDIA L40S, 0 %, 41155 MiB, 46068 MiB, 92.05 W
2026/09/26 18:25:34.979, NVIDIA L40S, 0 %, 41155 MiB, 46068 MiB, 92.02 W
2026/09/26 18:25:35.980, NVIDIA L40S, 0 %, 41155 MiB, 46068 MiB, 91.99 W
2026/09/26 18:25:36.981, NVIDIA L40S, 0 %, 41155 MiB, 46068 MiB, 92.02 W
2026/09/26 18:25:37.981, NVIDIA L40S, 0 %, 41155 MiB, 46068 MiB, 92.02 W
2026/09/26 18:25:38.981, NVIDIA L40S, 0 %, 41155 MiB, 46068 MiB, 91.99 W
2026/09/26 18:25:39.981, NVIDIA L40S, 0 %, 41155 MiB, 46068 MiB, 91.96 W
2026/09/26 18:25:40.982, NVIDIA L40S, 0 %, 41155 MiB, 46068 MiB, 91.93 W
2026/09/26 18:25:41.982, NVIDIA L40S, 0 %, 41155 MiB, 46068 MiB, 91.99 W
2026/09/26 18:25:42.983, NVIDIA L40S, 0 %, 41155 MiB, 46068 MiB, 91.92 W
2026/09/26 18:25:43.983, NVIDIA L40S, 0 %, 41155 MiB, 46068 MiB, 91.86 W
2026/09/26 18:25:44.983, NVIDIA L40S, 0 %, 41155 MiB, 46068 MiB, 91.95 W
2026/09/26 18:25:45.984, NVIDIA L40S, 0 %, 41155 MiB, 46068 MiB, 92.00 W
2026/09/26 18:25:46.985, NVIDIA L40S, 0 %, 41155 MiB, 46068 MiB, 92.16 W
2026/09/26 18:25:47.985, NVIDIA L40S, 0 %, 41155 MiB, 46068 MiB, 92.02 W
2026/09/26 18:25:48.985, NVIDIA L40S, 0 %, 41155 MiB, 46068 MiB, 91.78 W
2026/09/26 18:25:49.986, NVIDIA L40S, 0 %, 41155 MiB, 46068 MiB, 91.92 W
2026/09/26 18:25:50.986, NVIDIA L40S, 0 %, 41155 MiB, 46068 MiB, 92.01 W
2026/09/26 18:25:51.986, NVIDIA L40S, 0 %, 41155 MiB, 46068 MiB, 91.92 W
2026/09/26 18:25:52.987, NVIDIA L40S, 0 %, 41155 MiB, 46068 MiB, 91.86 W
2026/09/26 18:25:53.987, NVIDIA L40S, 0 %, 41155 MiB, 46068 MiB, 91.74 W
2026/09/26 18:25:54.987, NVIDIA L40S, 0 %, 41155 MiB, 46068 MiB, 91.86 W
2026/09/26 18:25:55.988, NVIDIA L40S, 0 %, 41155 MiB, 46068 MiB, 91.98 W
2026/09/26 18:25:56.988, NVIDIA L40S, 0 %, 41155 MiB, 46068 MiB, 91.77 W
2026/09/26 18:25:57.989, NVIDIA L40S, 0 %, 41155 MiB, 46068 MiB, 91.77 W
2026/09/26 18:25:58.989, NVIDIA L40S, 0 %, 41155 MiB, 46068 MiB, 91.92 W
2026/09/26 18:25:59.989, NVIDIA L40S, 0 %, 41155 MiB, 46068 MiB, 91.96 W
2026/09/26 18:26:00.990, NVIDIA L40S, 0 %, 41155 MiB, 46068 MiB, 91.78 W
2026/09/26 18:26:01.991, NVIDIA L40S, 0 %, 41155 MiB, 46068 MiB, 91.96 W
2026/09/26 18:26:02.991, NVIDIA L40S, 0 %, 41155 MiB, 46068 MiB, 92.11 W
2026/09/26 18:26:03.992, NVIDIA L40S, 0 %, 41155 MiB, 46068 MiB, 92.10 W
2026/09/26 18:26:04.992, NVIDIA L40S, 0 %, 41155 MiB, 46068 MiB, 91.90 W
2026/09/26 18:26:05.993, NVIDIA L40S, 0 %, 41155 MiB, 46068 MiB, 91.78 W
2026/09/26 18:26:06.994, NVIDIA L40S, 0 %, 41155 MiB, 46068 MiB, 91.93 W
2026/09/26 18:26:07.994, NVIDIA L40S, 0 %, 41155 MiB, 46068 MiB, 91.80 W
2026/09/26 18:26:08.995, NVIDIA L40S, 0 %, 41155 MiB, 46068 MiB, 91.83 W
2026/09/26 18:26:09.995, NVIDIA L40S, 0 %, 41155 MiB, 46068 MiB, 91.90 W
2026/09/26 18:26:10.995, NVIDIA L40S, 0 %, 41155 MiB, 46068 MiB, 91.84 W
2026/09/26 18:26:11.996, NVIDIA L40S, 0 %, 41155 MiB, 46068 MiB, 91.87 W
2026/09/26 18:26:12.997, NVIDIA L40S, 0 %, 41155 MiB, 46068 MiB, 91.90 W
2026/09/26 18:26:13.997, NVIDIA L40S, 0 %, 41155 MiB, 46068 MiB, 92.02 W
2026/09/26 18:26:14.997, NVIDIA L40S, 0 %, 41155 MiB, 46068 MiB, 92.08 W
2026/09/26 18:26:15.997, NVIDIA L40S, 0 %, 41155 MiB, 46068 MiB, 91.81 W
2026/09/26 18:26:16.998, NVIDIA L40S, 0 %, 41155 MiB, 46068 MiB, 91.56 W
2026/09/26 18:26:17.998, NVIDIA L40S, 0 %, 41155 MiB, 46068 MiB, 91.77 W
2026/09/26 18:26:18.998, NVIDIA L40S, 0 %, 41155 MiB, 46068 MiB, 91.89 W
2026/09/26 18:26:20.000, NVIDIA L40S, 0 %, 41155 MiB, 46068 MiB, 91.77 W
2026/09/26 18:26:21.000, NVIDIA L40S, 0 %, 41155 MiB, 46068 MiB, 91.89 W
2026/09/26 18:26:22.000, NVIDIA L40S, 0 %, 41155 MiB, 46068 MiB, 91.74 W
2026/09/26 18:26:23.001, NVIDIA L40S, 0 %, 41155 MiB, 46068 MiB, 91.50 W
2026/09/26 18:26:24.001, NVIDIA L40S, 0 %, 41155 MiB, 46068 MiB, 91.80 W
2026/09/26 18:26:25.001, NVIDIA L40S, 0 %, 41155 MiB, 46068 MiB, 91.98 W
2026/09/26 18:26:26.001, NVIDIA L40S, 0 %, 41155 MiB, 46068 MiB, 91.90 W
2026/09/26 18:26:27.002, NVIDIA L40S, 0 %, 41155 MiB, 46068 MiB, 92.02 W
2026/09/26 18:26:28.003, NVIDIA L40S, 0 %, 41155 MiB, 46068 MiB, 91.99 W
2026/09/26 18:26:29.003, NVIDIA L40S, 0 %, 41155 MiB, 46068 MiB, 91.84 W
2026/09/26 18:26:30.003, NVIDIA L40S, 0 %, 41155 MiB, 46068 MiB, 91.96 W
2026/09/26 18:26:31.004, NVIDIA L40S, 0 %, 41155 MiB, 46068 MiB, 91.90 W
2026/09/26 18:26:32.004, NVIDIA L40S, 0 %, 41155 MiB, 46068 MiB, 91.93 W
2026/09/26 18:26:33.005, NVIDIA L40S, 0 %, 41155 MiB, 46068 MiB, 92.05 W
2026/09/26 18:26:34.005, NVIDIA L40S, 0 %, 41155 MiB, 46068 MiB, 92.03 W
2026/09/26 18:26:35.005, NVIDIA L40S, 0 %, 41155 MiB, 46068 MiB, 91.90 W
2026/09/26 18:26:36.006, NVIDIA L40S, 0 %, 41155 MiB, 46068 MiB, 91.88 W
2026/09/26 18:26:37.006, NVIDIA L40S, 0 %, 41155 MiB, 46068 MiB, 91.87 W
2026/09/26 18:26:38.006, NVIDIA L40S, 0 %, 41155 MiB, 46068 MiB, 91.74 W
2026/09/26 18:26:39.006, NVIDIA L40S, 0 %, 41155 MiB, 46068 MiB, 91.89 W
2026/09/26 18:26:40.007, NVIDIA L40S, 0 %, 41155 MiB, 46068 MiB, 91.98 W
2026/09/26 18:26:41.008, NVIDIA L40S, 0 %, 41155 MiB, 46068 MiB, 92.11 W
2026/09/26 18:26:42.008, NVIDIA L40S, 0 %, 41155 MiB, 46068 MiB, 92.01 W
2026/09/26 18:26:43.008, NVIDIA L40S, 0 %, 41155 MiB, 46068 MiB, 91.89 W
2026/09/26 18:26:44.009, NVIDIA L40S, 0 %, 41155 MiB, 46068 MiB, 92.04 W
2026/09/26 18:26:45.009, NVIDIA L40S, 0 %, 41155 MiB, 46068 MiB, 92.07 W
2026/09/26 18:26:46.009, NVIDIA L40S, 0 %, 41155 MiB, 46068 MiB, 91.80 W
2026/09/26 18:26:47.010, NVIDIA L40S, 0 %, 41155 MiB, 46068 MiB, 91.86 W
2026/09/26 18:26:48.010, NVIDIA L40S, 0 %, 41155 MiB, 46068 MiB, 92.13 W
2026/09/26 18:26:49.010, NVIDIA L40S, 0 %, 41155 MiB, 46068 MiB, 92.01 W
2026/09/26 18:26:50.010, NVIDIA L40S, 0 %, 41155 MiB, 46068 MiB, 91.86 W
2026/09/26 18:26:51.011, NVIDIA L40S, 0 %, 41155 MiB, 46068 MiB, 91.89 W
2026/09/26 18:26:52.012, NVIDIA L40S, 0 %, 41155 MiB, 46068 MiB, 91.95 W
2026/09/26 18:26:53.012, NVIDIA L40S, 0 %, 41155 MiB, 46068 MiB, 91.89 W
2026/09/26 18:26:54.012, NVIDIA L40S, 0 %, 41155 MiB, 46068 MiB, 91.81 W
2026/09/26 18:26:55.012, NVIDIA L40S, 0 %, 41155 MiB, 46068 MiB, 91.83 W
2026/09/26 18:26:56.013, NVIDIA L40S, 0 %, 41155 MiB, 46068 MiB, 91.83 W
2026/09/26 18:26:57.014, NVIDIA L40S, 0 %, 41155 MiB, 46068 MiB, 91.71 W
2026/09/26 18:26:58.014, NVIDIA L40S, 0 %, 41155 MiB, 46068 MiB, 91.74 W
2026/09/26 18:26:59.014, NVIDIA L40S, 0 %, 41155 MiB, 46068 MiB, 91.80 W
2026/09/26 18:27:00.014, NVIDIA L40S, 0 %, 41155 MiB, 46068 MiB, 91.77 W
2026/09/26 18:27:01.015, NVIDIA L40S, 0 %, 41155 MiB, 46068 MiB, 91.74 W
2026/09/26 18:27:02.016, NVIDIA L40S, 0 %, 41155 MiB, 46068 MiB, 91.79 W
2026/09/26 18:27:03.016, NVIDIA L40S, 0 %, 41155 MiB, 46068 MiB, 91.73 W
2026/09/26 18:27:04.017, NVIDIA L40S, 0 %, 41155 MiB, 46068 MiB, 91.70 W
2026/09/26 18:27:05.017, NVIDIA L40S, 0 %, 41155 MiB, 46068 MiB, 91.74 W
2026/09/26 18:27:06.017, NVIDIA L40S, 0 %, 41155 MiB, 46068 MiB, 91.92 W
2026/09/26 18:27:07.018, NVIDIA L40S, 0 %, 41155 MiB, 46068 MiB, 92.05 W
2026/09/26 18:27:08.018, NVIDIA L40S, 0 %, 41155 MiB, 46068 MiB, 91.86 W
2026/09/26 18:27:09.019, NVIDIA L40S, 0 %, 41155 MiB, 46068 MiB, 91.89 W
2026/09/26 18:27:10.019, NVIDIA L40S, 0 %, 41155 MiB, 46068 MiB, 91.98 W
2026/09/26 18:27:11.019, NVIDIA L40S, 0 %, 41155 MiB, 46068 MiB, 91.96 W
2026/09/26 18:27:12.020, NVIDIA L40S, 0 %, 41155 MiB, 46068 MiB, 92.17 W
2026/09/26 18:27:13.020, NVIDIA L40S, 0 %, 41155 MiB, 46068 MiB, 92.14 W
2026/09/26 18:27:14.021, NVIDIA L40S, 0 %, 41155 MiB, 46068 MiB, 91.92 W
2026/09/26 18:27:15.021, NVIDIA L40S, 0 %, 41155 MiB, 46068 MiB, 92.01 W
2026/09/26 18:27:16.021, NVIDIA L40S, 0 %, 41155 MiB, 46068 MiB, 92.07 W
2026/09/26 18:27:17.022, NVIDIA L40S, 0 %, 41155 MiB, 46068 MiB, 91.77 W
2026/09/26 18:27:18.022, NVIDIA L40S, 0 %, 41155 MiB, 46068 MiB, 91.53 W
2026/09/26 18:27:19.022, NVIDIA L40S, 0 %, 41155 MiB, 46068 MiB, 91.70 W
2026/09/26 18:27:20.023, NVIDIA L40S, 0 %, 41155 MiB, 46068 MiB, 91.83 W
2026/09/26 18:27:21.023, NVIDIA L40S, 0 %, 41155 MiB, 46068 MiB, 91.98 W
2026/09/26 18:27:22.024, NVIDIA L40S, 0 %, 41155 MiB, 46068 MiB, 91.77 W
2026/09/26 18:27:23.024, NVIDIA L40S, 0 %, 41155 MiB, 46068 MiB, 91.74 W
2026/09/26 18:27:24.024, NVIDIA L40S, 0 %, 41155 MiB, 46068 MiB, 91.89 W
2026/09/26 18:27:25.025, NVIDIA L40S, 0 %, 41155 MiB, 46068 MiB, 91.83 W
2026/09/26 18:27:26.025, NVIDIA L40S, 0 %, 41155 MiB, 46068 MiB, 91.83 W
2026/09/26 18:27:27.025, NVIDIA L40S, 0 %, 41155 MiB, 46068 MiB, 91.62 W
2026/09/26 18:27:28.026, NVIDIA L40S, 0 %, 41155 MiB, 46068 MiB, 91.68 W
2026/09/26 18:27:29.027, NVIDIA L40S, 0 %, 41155 MiB, 46068 MiB, 91.92 W
2026/09/26 18:27:30.027, NVIDIA L40S, 0 %, 41155 MiB, 46068 MiB, 91.93 W
2026/09/26 18:27:31.028, NVIDIA L40S, 0 %, 41155 MiB, 46068 MiB, 91.96 W
2026/09/26 18:27:32.028, NVIDIA L40S, 0 %, 41155 MiB, 46068 MiB, 91.89 W
2026/09/26 18:27:33.028, NVIDIA L40S, 0 %, 41155 MiB, 46068 MiB, 91.86 W
2026/09/26 18:27:34.030, NVIDIA L40S, 0 %, 41155 MiB, 46068 MiB, 91.95 W
2026/09/26 18:27:35.030, NVIDIA L40S, 0 %, 41155 MiB, 46068 MiB, 91.93 W
2026/09/26 18:27:36.030, NVIDIA L40S, 0 %, 41155 MiB, 46068 MiB, 91.83 W
2026/09/26 18:27:37.030, NVIDIA L40S, 0 %, 41155 MiB, 46068 MiB, 91.74 W
2026/09/26 18:27:38.031, NVIDIA L40S, 0 %, 41155 MiB, 46068 MiB, 91.89 W
2026/09/26 18:27:39.031, NVIDIA L40S, 0 %, 41155 MiB, 46068 MiB, 91.98 W
2026/09/26 18:27:40.031, NVIDIA L40S, 0 %, 41155 MiB, 46068 MiB, 91.95 W
2026/09/26 18:27:41.032, NVIDIA L40S, 0 %, 41155 MiB, 46068 MiB, 91.90 W
2026/09/26 18:27:42.032, NVIDIA L40S, 0 %, 41155 MiB, 46068 MiB, 91.87 W
2026/09/26 18:27:43.033, NVIDIA L40S, 0 %, 41155 MiB, 46068 MiB, 91.95 W
2026/09/26 18:27:44.033, NVIDIA L40S, 0 %, 41155 MiB, 46068 MiB, 91.98 W
2026/09/26 18:27:45.033, NVIDIA L40S, 0 %, 41155 MiB, 46068 MiB, 91.90 W
2026/09/26 18:27:46.034, NVIDIA L40S, 0 %, 41155 MiB, 46068 MiB, 91.78 W
2026/09/26 18:27:47.035, NVIDIA L40S, 0 %, 41155 MiB, 46068 MiB, 91.80 W
2026/09/26 18:27:48.035, NVIDIA L40S, 0 %, 41155 MiB, 46068 MiB, 91.92 W
2026/09/26 18:27:49.036, NVIDIA L40S, 0 %, 41155 MiB, 46068 MiB, 91.95 W
2026/09/26 18:27:50.036, NVIDIA L40S, 0 %, 41155 MiB, 46068 MiB, 91.90 W
2026/09/26 18:27:51.036, NVIDIA L40S, 0 %, 41155 MiB, 46068 MiB, 91.99 W
2026/09/26 18:27:52.037, NVIDIA L40S, 0 %, 41155 MiB, 46068 MiB, 91.96 W
2026/09/26 18:27:53.037, NVIDIA L40S, 0 %, 41155 MiB, 46068 MiB, 91.81 W
2026/09/26 18:27:54.037, NVIDIA L40S, 0 %, 41155 MiB, 46068 MiB, 91.96 W
2026/09/26 18:27:55.038, NVIDIA L40S, 0 %, 41155 MiB, 46068 MiB, 92.14 W
2026/09/26 18:27:56.038, NVIDIA L40S, 0 %, 41155 MiB, 46068 MiB, 91.93 W
2026/09/26 18:27:57.039, NVIDIA L40S, 0 %, 41155 MiB, 46068 MiB, 91.81 W
2026/09/26 18:27:58.039, NVIDIA L40S, 0 %, 41155 MiB, 46068 MiB, 91.81 W
2026/09/26 18:27:59.040, NVIDIA L40S, 0 %, 41155 MiB, 46068 MiB, 91.87 W
2026/09/26 18:28:00.040, NVIDIA L40S, 0 %, 41155 MiB, 46068 MiB, 91.87 W
2026/09/26 18:28:01.047, NVIDIA L40S, 0 %, 41155 MiB, 46068 MiB, 91.92 W
2026/09/26 18:28:02.047, NVIDIA L40S, 0 %, 41155 MiB, 46068 MiB, 92.05 W
2026/09/26 18:28:03.061, NVIDIA L40S, 0 %, 41155 MiB, 46068 MiB, 92.07 W
2026/09/26 18:28:04.061, NVIDIA L40S, 0 %, 41155 MiB, 46068 MiB, 92.13 W
2026/09/26 18:28:05.061, NVIDIA L40S, 0 %, 41155 MiB, 46068 MiB, 92.01 W
2026/09/26 18:28:06.062, NVIDIA L40S, 0 %, 41155 MiB, 46068 MiB, 92.01 W
2026/09/26 18:28:07.062, NVIDIA L40S, 0 %, 41155 MiB, 46068 MiB, 91.98 W
2026/09/26 18:28:08.062, NVIDIA L40S, 0 %, 41155 MiB, 46068 MiB, 91.89 W
2026/09/26 18:28:09.063, NVIDIA L40S, 0 %, 41155 MiB, 46068 MiB, 92.01 W
2026/09/26 18:28:10.063, NVIDIA L40S, 0 %, 41155 MiB, 46068 MiB, 92.17 W
2026/09/26 18:28:11.063, NVIDIA L40S, 0 %, 41155 MiB, 46068 MiB, 91.95 W
2026/09/26 18:28:12.065, NVIDIA L40S, 0 %, 41155 MiB, 46068 MiB, 91.79 W
2026/09/26 18:28:13.066, NVIDIA L40S, 77 %, 41511 MiB, 46068 MiB, 182.83 W
2026/09/26 18:28:14.066, NVIDIA L40S, 77 %, 41511 MiB, 46068 MiB, 312.47 W
2026/09/26 18:28:15.066, NVIDIA L40S, 0 %, 41511 MiB, 46068 MiB, 172.32 W
2026/09/26 18:28:16.066, NVIDIA L40S, 0 %, 41511 MiB, 46068 MiB, 106.87 W
2026/09/26 18:28:17.067, NVIDIA L40S, 0 %, 41511 MiB, 46068 MiB, 91.13 W
2026/09/26 18:28:18.067, NVIDIA L40S, 0 %, 41511 MiB, 46068 MiB, 91.13 W
2026/09/26 18:28:19.068, NVIDIA L40S, 0 %, 41511 MiB, 46068 MiB, 91.12 W
2026/09/26 18:28:20.068, NVIDIA L40S, 0 %, 41511 MiB, 46068 MiB, 91.09 W
2026/09/26 18:28:21.068, NVIDIA L40S, 0 %, 41511 MiB, 46068 MiB, 91.16 W
2026/09/26 18:28:22.069, NVIDIA L40S, 0 %, 41511 MiB, 46068 MiB, 91.01 W
2026/09/26 18:28:23.071, NVIDIA L40S, 0 %, 41511 MiB, 46068 MiB, 90.89 W
2026/09/26 18:28:24.071, NVIDIA L40S, 0 %, 41511 MiB, 46068 MiB, 90.89 W
2026/09/26 18:28:25.072, NVIDIA L40S, 0 %, 41511 MiB, 46068 MiB, 90.80 W
2026/09/26 18:28:26.072, NVIDIA L40S, 0 %, 41511 MiB, 46068 MiB, 90.70 W
2026/09/26 18:28:27.072, NVIDIA L40S, 0 %, 41511 MiB, 46068 MiB, 90.83 W
2026/09/26 18:28:28.072, NVIDIA L40S, 0 %, 41511 MiB, 46068 MiB, 91.04 W
2026/09/26 18:28:29.073, NVIDIA L40S, 0 %, 41511 MiB, 46068 MiB, 90.98 W
2026/09/26 18:28:30.073, NVIDIA L40S, 0 %, 41511 MiB, 46068 MiB, 90.81 W
2026/09/26 18:28:31.073, NVIDIA L40S, 0 %, 41511 MiB, 46068 MiB, 90.66 W
2026/09/26 18:28:32.074, NVIDIA L40S, 0 %, 41511 MiB, 46068 MiB, 90.63 W
2026/09/26 18:28:33.081, NVIDIA L40S, 0 %, 41511 MiB, 46068 MiB, 90.81 W
2026/09/26 18:28:34.081, NVIDIA L40S, 0 %, 41511 MiB, 46068 MiB, 90.89 W
2026/09/26 18:28:35.082, NVIDIA L40S, 0 %, 41511 MiB, 46068 MiB, 90.80 W
2026/09/26 18:28:36.082, NVIDIA L40S, 0 %, 41511 MiB, 46068 MiB, 90.74 W
2026/09/26 18:28:37.082, NVIDIA L40S, 0 %, 41511 MiB, 46068 MiB, 90.65 W
2026/09/26 18:28:38.084, NVIDIA L40S, 0 %, 41511 MiB, 46068 MiB, 90.68 W
2026/09/26 18:28:39.084, NVIDIA L40S, 0 %, 41511 MiB, 46068 MiB, 90.93 W
2026/09/26 18:28:40.085, NVIDIA L40S, 0 %, 41511 MiB, 46068 MiB, 90.83 W
2026/09/26 18:28:41.085, NVIDIA L40S, 0 %, 41511 MiB, 46068 MiB, 90.62 W
2026/09/26 18:28:42.085, NVIDIA L40S, 0 %, 41511 MiB, 46068 MiB, 90.65 W
2026/09/26 18:28:43.086, NVIDIA L40S, 0 %, 41511 MiB, 46068 MiB, 90.71 W
2026/09/26 18:28:44.086, NVIDIA L40S, 0 %, 41511 MiB, 46068 MiB, 90.56 W
2026/09/26 18:28:45.086, NVIDIA L40S, 0 %, 41511 MiB, 46068 MiB, 90.58 W
2026/09/26 18:28:46.087, NVIDIA L40S, 0 %, 41511 MiB, 46068 MiB, 90.77 W
2026/09/26 18:28:47.088, NVIDIA L40S, 0 %, 41511 MiB, 46068 MiB, 90.77 W
2026/09/26 18:28:48.089, NVIDIA L40S, 0 %, 41511 MiB, 46068 MiB, 90.79 W
2026/09/26 18:28:49.089, NVIDIA L40S, 0 %, 41511 MiB, 46068 MiB, 90.76 W
2026/09/26 18:28:50.090, NVIDIA L40S, 0 %, 41511 MiB, 46068 MiB, 90.79 W
2026/09/26 18:28:51.091, NVIDIA L40S, 0 %, 41511 MiB, 46068 MiB, 90.74 W
2026/09/26 18:28:52.091, NVIDIA L40S, 0 %, 41511 MiB, 46068 MiB, 90.56 W
2026/09/26 18:28:53.091, NVIDIA L40S, 0 %, 41511 MiB, 46068 MiB, 90.47 W
2026/09/26 18:28:54.091, NVIDIA L40S, 0 %, 41511 MiB, 46068 MiB, 90.52 W
2026/09/26 18:28:55.092, NVIDIA L40S, 0 %, 41511 MiB, 46068 MiB, 90.70 W
2026/09/26 18:28:56.092, NVIDIA L40S, 0 %, 41511 MiB, 46068 MiB, 90.58 W
2026/09/26 18:28:57.092, NVIDIA L40S, 0 %, 41511 MiB, 46068 MiB, 90.55 W
2026/09/26 18:28:58.093, NVIDIA L40S, 0 %, 41511 MiB, 46068 MiB, 90.77 W
2026/09/26 18:28:59.093, NVIDIA L40S, 0 %, 41511 MiB, 46068 MiB, 90.77 W
2026/09/26 18:29:00.094, NVIDIA L40S, 0 %, 41511 MiB, 46068 MiB, 90.82 W
2026/09/26 18:29:01.094, NVIDIA L40S, 0 %, 41511 MiB, 46068 MiB, 90.61 W
2026/09/26 18:29:02.095, NVIDIA L40S, 0 %, 41511 MiB, 46068 MiB, 90.46 W
2026/09/26 18:29:03.096, NVIDIA L40S, 0 %, 41511 MiB, 46068 MiB, 90.70 W
2026/09/26 18:29:04.096, NVIDIA L40S, 0 %, 41511 MiB, 46068 MiB, 90.76 W
2026/09/26 18:29:05.096, NVIDIA L40S, 0 %, 41511 MiB, 46068 MiB, 90.54 W
2026/09/26 18:29:06.097, NVIDIA L40S, 0 %, 41511 MiB, 46068 MiB, 90.64 W
2026/09/26 18:29:07.097, NVIDIA L40S, 0 %, 41511 MiB, 46068 MiB, 90.76 W
2026/09/26 18:29:08.098, NVIDIA L40S, 0 %, 41511 MiB, 46068 MiB, 90.64 W
2026/09/26 18:29:09.098, NVIDIA L40S, 0 %, 41511 MiB, 46068 MiB, 90.75 W
2026/09/26 18:29:10.098, NVIDIA L40S, 0 %, 41511 MiB, 46068 MiB, 90.63 W
2026/09/26 18:29:11.099, NVIDIA L40S, 0 %, 41511 MiB, 46068 MiB, 90.54 W
2026/09/26 18:29:12.099, NVIDIA L40S, 0 %, 41511 MiB, 46068 MiB, 90.72 W
2026/09/26 18:29:13.099, NVIDIA L40S, 0 %, 41511 MiB, 46068 MiB, 90.72 W
2026/09/26 18:29:14.099, NVIDIA L40S, 0 %, 41511 MiB, 46068 MiB, 90.69 W
2026/09/26 18:29:15.100, NVIDIA L40S, 0 %, 41511 MiB, 46068 MiB, 90.49 W
2026/09/26 18:29:16.100, NVIDIA L40S, 0 %, 41511 MiB, 46068 MiB, 90.34 W
2026/09/26 18:29:17.100, NVIDIA L40S, 0 %, 41511 MiB, 46068 MiB, 90.51 W
2026/09/26 18:29:18.101, NVIDIA L40S, 0 %, 41511 MiB, 46068 MiB, 90.76 W
2026/09/26 18:29:19.102, NVIDIA L40S, 0 %, 41511 MiB, 46068 MiB, 90.73 W
2026/09/26 18:29:20.102, NVIDIA L40S, 0 %, 41511 MiB, 46068 MiB, 90.51 W
2026/09/26 18:29:21.103, NVIDIA L40S, 0 %, 41511 MiB, 46068 MiB, 90.51 W
2026/09/26 18:29:22.103, NVIDIA L40S, 0 %, 41511 MiB, 46068 MiB, 90.76 W
2026/09/26 18:29:23.103, NVIDIA L40S, 0 %, 41511 MiB, 46068 MiB, 90.88 W
2026/09/26 18:29:24.104, NVIDIA L40S, 0 %, 41511 MiB, 46068 MiB, 90.70 W
2026/09/26 18:29:25.104, NVIDIA L40S, 0 %, 41511 MiB, 46068 MiB, 90.61 W
2026/09/26 18:29:26.105, NVIDIA L40S, 0 %, 41511 MiB, 46068 MiB, 90.66 W
2026/09/26 18:29:27.105, NVIDIA L40S, 0 %, 41511 MiB, 46068 MiB, 90.51 W
2026/09/26 18:29:28.106, NVIDIA L40S, 0 %, 41511 MiB, 46068 MiB, 90.64 W
2026/09/26 18:29:29.106, NVIDIA L40S, 0 %, 41511 MiB, 46068 MiB, 90.82 W
2026/09/26 18:29:30.107, NVIDIA L40S, 0 %, 41511 MiB, 46068 MiB, 90.82 W
2026/09/26 18:29:31.108, NVIDIA L40S, 0 %, 41511 MiB, 46068 MiB, 90.85 W
2026/09/26 18:29:32.108, NVIDIA L40S, 0 %, 41511 MiB, 46068 MiB, 90.62 W
2026/09/26 18:29:33.108, NVIDIA L40S, 0 %, 41511 MiB, 46068 MiB, 90.25 W
2026/09/26 18:29:34.109, NVIDIA L40S, 0 %, 41511 MiB, 46068 MiB, 90.34 W
2026/09/26 18:29:35.109, NVIDIA L40S, 0 %, 41511 MiB, 46068 MiB, 90.73 W
2026/09/26 18:29:36.109, NVIDIA L40S, 0 %, 41511 MiB, 46068 MiB, 90.82 W
2026/09/26 18:29:37.110, NVIDIA L40S, 0 %, 41511 MiB, 46068 MiB, 90.67 W
2026/09/26 18:29:38.110, NVIDIA L40S, 0 %, 41511 MiB, 46068 MiB, 90.55 W
2026/09/26 18:29:39.110, NVIDIA L40S, 0 %, 41511 MiB, 46068 MiB, 90.58 W
2026/09/26 18:29:40.111, NVIDIA L40S, 0 %, 41511 MiB, 46068 MiB, 90.67 W
2026/09/26 18:29:41.112, NVIDIA L40S, 0 %, 41511 MiB, 46068 MiB, 90.61 W
2026/09/26 18:29:42.113, NVIDIA L40S, 0 %, 41511 MiB, 46068 MiB, 90.51 W
2026/09/26 18:29:43.113, NVIDIA L40S, 0 %, 41511 MiB, 46068 MiB, 90.61 W
2026/09/26 18:29:44.113, NVIDIA L40S, 0 %, 41511 MiB, 46068 MiB, 90.49 W
2026/09/26 18:29:45.115, NVIDIA L40S, 0 %, 41511 MiB, 46068 MiB, 90.43 W
2026/09/26 18:29:46.115, NVIDIA L40S, 0 %, 41511 MiB, 46068 MiB, 90.60 W
2026/09/26 18:29:47.115, NVIDIA L40S, 0 %, 41511 MiB, 46068 MiB, 90.54 W
2026/09/26 18:29:48.116, NVIDIA L40S, 0 %, 41511 MiB, 46068 MiB, 90.39 W
2026/09/26 18:29:49.117, NVIDIA L40S, 0 %, 41511 MiB, 46068 MiB, 90.51 W
2026/09/26 18:29:50.118, NVIDIA L40S, 0 %, 41511 MiB, 46068 MiB, 90.64 W
2026/09/26 18:29:51.118, NVIDIA L40S, 0 %, 41511 MiB, 46068 MiB, 90.58 W
2026/09/26 18:29:52.118, NVIDIA L40S, 0 %, 41511 MiB, 46068 MiB, 90.46 W
2026/09/26 18:29:53.120, NVIDIA L40S, 0 %, 41511 MiB, 46068 MiB, 90.39 W
2026/09/26 18:29:54.121, NVIDIA L40S, 0 %, 41511 MiB, 46068 MiB, 90.54 W
2026/09/26 18:29:55.121, NVIDIA L40S, 0 %, 41511 MiB, 46068 MiB, 90.52 W
2026/09/26 18:29:56.121, NVIDIA L40S, 0 %, 41511 MiB, 46068 MiB, 90.49 W
2026/09/26 18:29:57.122, NVIDIA L40S, 0 %, 41511 MiB, 46068 MiB, 90.48 W
2026/09/26 18:29:58.122, NVIDIA L40S, 0 %, 41511 MiB, 46068 MiB, 90.55 W
2026/09/26 18:29:59.122, NVIDIA L40S, 0 %, 41511 MiB, 46068 MiB, 90.56 W
2026/09/26 18:30:00.122, NVIDIA L40S, 0 %, 41511 MiB, 46068 MiB, 90.46 W
2026/09/26 18:30:01.123, NVIDIA L40S, 0 %, 41511 MiB, 46068 MiB, 90.67 W
2026/09/26 18:30:02.124, NVIDIA L40S, 0 %, 41511 MiB, 46068 MiB, 90.67 W
2026/09/26 18:30:03.124, NVIDIA L40S, 0 %, 41511 MiB, 46068 MiB, 90.40 W
2026/09/26 18:30:04.125, NVIDIA L40S, 0 %, 41511 MiB, 46068 MiB, 90.31 W
2026/09/26 18:30:05.125, NVIDIA L40S, 0 %, 41511 MiB, 46068 MiB, 90.46 W
2026/09/26 18:30:06.125, NVIDIA L40S, 0 %, 41511 MiB, 46068 MiB, 90.52 W
2026/09/26 18:30:07.150, NVIDIA L40S, 0 %, 41511 MiB, 46068 MiB, 90.78 W
2026/09/26 18:30:08.155, NVIDIA L40S, 0 %, 41942 MiB, 46068 MiB, 91.12 W
2026/09/26 18:30:09.156, NVIDIA L40S, 0 %, 41511 MiB, 46068 MiB, 91.24 W
2026/09/26 18:30:10.156, NVIDIA L40S, 0 %, 41511 MiB, 46068 MiB, 91.16 W
2026/09/26 18:30:11.158, NVIDIA L40S, 0 %, 41511 MiB, 46068 MiB, 90.46 W
2026/09/26 18:30:12.159, NVIDIA L40S, 0 %, 41511 MiB, 46068 MiB, 90.54 W
2026/09/26 18:30:13.159, NVIDIA L40S, 0 %, 41511 MiB, 46068 MiB, 90.79 W
2026/09/26 18:30:14.159, NVIDIA L40S, 0 %, 41511 MiB, 46068 MiB, 90.76 W
2026/09/26 18:30:15.160, NVIDIA L40S, 0 %, 41511 MiB, 46068 MiB, 90.61 W
2026/09/26 18:30:16.160, NVIDIA L40S, 0 %, 41511 MiB, 46068 MiB, 90.67 W
2026/09/26 18:30:17.160, NVIDIA L40S, 0 %, 41511 MiB, 46068 MiB, 90.64 W
2026/09/26 18:30:18.161, NVIDIA L40S, 0 %, 41511 MiB, 46068 MiB, 90.46 W
2026/09/26 18:30:19.161, NVIDIA L40S, 0 %, 41511 MiB, 46068 MiB, 90.46 W
2026/09/26 18:30:20.161, NVIDIA L40S, 0 %, 41511 MiB, 46068 MiB, 90.55 W
2026/09/26 18:30:21.162, NVIDIA L40S, 0 %, 41511 MiB, 46068 MiB, 90.43 W
2026/09/26 18:30:22.162, NVIDIA L40S, 0 %, 41511 MiB, 46068 MiB, 90.53 W
2026/09/26 18:30:23.164, NVIDIA L40S, 0 %, 41511 MiB, 46068 MiB, 90.65 W
2026/09/26 18:30:24.164, NVIDIA L40S, 0 %, 41511 MiB, 46068 MiB, 90.55 W
2026/09/26 18:30:25.164, NVIDIA L40S, 0 %, 41511 MiB, 46068 MiB, 90.43 W
2026/09/26 18:30:26.165, NVIDIA L40S, 0 %, 41511 MiB, 46068 MiB, 90.61 W
2026/09/26 18:30:27.165, NVIDIA L40S, 0 %, 41511 MiB, 46068 MiB, 90.70 W
2026/09/26 18:30:28.166, NVIDIA L40S, 0 %, 41511 MiB, 46068 MiB, 90.40 W
2026/09/26 18:30:29.166, NVIDIA L40S, 0 %, 41511 MiB, 46068 MiB, 90.50 W
2026/09/26 18:30:30.166, NVIDIA L40S, 0 %, 41511 MiB, 46068 MiB, 90.62 W
2026/09/26 18:30:31.167, NVIDIA L40S, 0 %, 41511 MiB, 46068 MiB, 90.55 W
2026/09/26 18:30:32.167, NVIDIA L40S, 0 %, 41511 MiB, 46068 MiB, 90.50 W
2026/09/26 18:30:33.168, NVIDIA L40S, 0 %, 41511 MiB, 46068 MiB, 90.56 W
2026/09/26 18:30:34.168, NVIDIA L40S, 0 %, 41511 MiB, 46068 MiB, 90.62 W
2026/09/26 18:30:35.169, NVIDIA L40S, 100 %, 41511 MiB, 46068 MiB, 180.23 W
2026/09/26 18:30:36.169, NVIDIA L40S, 93 %, 41511 MiB, 46068 MiB, 262.53 W
2026/09/26 18:30:37.169, NVIDIA L40S, 100 %, 41511 MiB, 46068 MiB, 244.14 W
2026/09/26 18:30:38.170, NVIDIA L40S, 100 %, 41511 MiB, 46068 MiB, 255.48 W
2026/09/26 18:30:39.170, NVIDIA L40S, 100 %, 41511 MiB, 46068 MiB, 256.42 W
2026/09/26 18:30:40.170, NVIDIA L40S, 100 %, 41511 MiB, 46068 MiB, 243.24 W
2026/09/26 18:30:41.172, NVIDIA L40S, 100 %, 41511 MiB, 46068 MiB, 261.36 W
2026/09/26 18:30:42.172, NVIDIA L40S, 100 %, 41511 MiB, 46068 MiB, 262.70 W
2026/09/26 18:30:43.172, NVIDIA L40S, 100 %, 41511 MiB, 46068 MiB, 243.84 W
2026/09/26 18:30:44.173, NVIDIA L40S, 100 %, 41511 MiB, 46068 MiB, 258.32 W
2026/09/26 18:30:45.174, NVIDIA L40S, 100 %, 41511 MiB, 46068 MiB, 254.11 W
2026/09/26 18:30:46.175, NVIDIA L40S, 100 %, 41511 MiB, 46068 MiB, 243.39 W
2026/09/26 18:30:47.175, NVIDIA L40S, 100 %, 41511 MiB, 46068 MiB, 255.12 W
2026/09/26 18:30:48.176, NVIDIA L40S, 89 %, 41511 MiB, 46068 MiB, 256.30 W
2026/09/26 18:30:49.176, NVIDIA L40S, 100 %, 41511 MiB, 46068 MiB, 246.15 W
2026/09/26 18:30:50.176, NVIDIA L40S, 100 %, 41511 MiB, 46068 MiB, 255.27 W
2026/09/26 18:30:51.177, NVIDIA L40S, 94 %, 41511 MiB, 46068 MiB, 261.45 W
2026/09/26 18:30:52.177, NVIDIA L40S, 100 %, 41511 MiB, 46068 MiB, 248.28 W
2026/09/26 18:30:53.178, NVIDIA L40S, 100 %, 41511 MiB, 46068 MiB, 264.38 W
2026/09/26 18:30:54.178, NVIDIA L40S, 100 %, 41511 MiB, 46068 MiB, 265.45 W
2026/09/26 18:30:55.178, NVIDIA L40S, 100 %, 41511 MiB, 46068 MiB, 249.22 W
2026/09/26 18:30:56.179, NVIDIA L40S, 100 %, 41511 MiB, 46068 MiB, 266.22 W
2026/09/26 18:30:57.179, NVIDIA L40S, 94 %, 41511 MiB, 46068 MiB, 272.04 W
2026/09/26 18:30:58.187, NVIDIA L40S, 100 %, 41511 MiB, 46068 MiB, 256.68 W
2026/09/26 18:30:59.192, NVIDIA L40S, 100 %, 41511 MiB, 46068 MiB, 263.89 W
2026/09/26 18:31:00.192, NVIDIA L40S, 95 %, 41511 MiB, 46068 MiB, 272.02 W
2026/09/26 18:31:01.192, NVIDIA L40S, 100 %, 41511 MiB, 46068 MiB, 255.80 W
2026/09/26 18:31:02.192, NVIDIA L40S, 100 %, 41511 MiB, 46068 MiB, 262.68 W
2026/09/26 18:31:03.193, NVIDIA L40S, 96 %, 41511 MiB, 46068 MiB, 260.15 W
2026/09/26 18:31:04.193, NVIDIA L40S, 100 %, 41511 MiB, 46068 MiB, 257.23 W
2026/09/26 18:31:05.216, NVIDIA L40S, 100 %, 41511 MiB, 46068 MiB, 266.48 W
2026/09/26 18:31:06.216, NVIDIA L40S, 100 %, 41511 MiB, 46068 MiB, 260.39 W
2026/09/26 18:31:07.217, NVIDIA L40S, 100 %, 41511 MiB, 46068 MiB, 262.33 W
2026/09/26 18:31:08.217, NVIDIA L40S, 100 %, 41511 MiB, 46068 MiB, 270.04 W
2026/09/26 18:31:09.217, NVIDIA L40S, 100 %, 41511 MiB, 46068 MiB, 260.75 W
2026/09/26 18:31:10.217, NVIDIA L40S, 100 %, 41511 MiB, 46068 MiB, 266.56 W
2026/09/26 18:31:11.218, NVIDIA L40S, 100 %, 41511 MiB, 46068 MiB, 266.58 W
2026/09/26 18:31:12.218, NVIDIA L40S, 100 %, 41511 MiB, 46068 MiB, 238.74 W
2026/09/26 18:31:13.218, NVIDIA L40S, 0 %, 41511 MiB, 46068 MiB, 113.18 W
2026/09/26 18:31:14.219, NVIDIA L40S, 0 %, 41511 MiB, 46068 MiB, 95.84 W
2026/09/26 18:31:15.219, NVIDIA L40S, 0 %, 41511 MiB, 46068 MiB, 95.48 W
2026/09/26 18:31:16.219, NVIDIA L40S, 0 %, 41511 MiB, 46068 MiB, 95.15 W
2026/09/26 18:31:17.220, NVIDIA L40S, 0 %, 41511 MiB, 46068 MiB, 95.00 W
2026/09/26 18:31:18.220, NVIDIA L40S, 0 %, 41511 MiB, 46068 MiB, 94.84 W
2026/09/26 18:31:19.220, NVIDIA L40S, 0 %, 41511 MiB, 46068 MiB, 94.72 W
2026/09/26 18:31:20.221, NVIDIA L40S, 0 %, 41511 MiB, 46068 MiB, 94.54 W
2026/09/26 18:31:21.221, NVIDIA L40S, 0 %, 41511 MiB, 46068 MiB, 94.39 W
2026/09/26 18:31:22.222, NVIDIA L40S, 0 %, 41511 MiB, 46068 MiB, 94.33 W
2026/09/26 18:31:23.222, NVIDIA L40S, 0 %, 41511 MiB, 46068 MiB, 94.33 W
2026/09/26 18:31:24.222, NVIDIA L40S, 0 %, 41511 MiB, 46068 MiB, 94.18 W
2026/09/26 18:31:25.223, NVIDIA L40S, 0 %, 41511 MiB, 46068 MiB, 94.06 W
2026/09/26 18:31:26.223, NVIDIA L40S, 0 %, 41511 MiB, 46068 MiB, 94.06 W
2026/09/26 18:31:27.225, NVIDIA L40S, 0 %, 41511 MiB, 46068 MiB, 93.79 W
2026/09/26 18:31:28.225, NVIDIA L40S, 0 %, 41511 MiB, 46068 MiB, 93.65 W
2026/09/26 18:31:29.225, NVIDIA L40S, 0 %, 41511 MiB, 46068 MiB, 93.65 W
2026/09/26 18:31:30.225, NVIDIA L40S, 0 %, 41511 MiB, 46068 MiB, 93.55 W
2026/09/26 18:31:31.226, NVIDIA L40S, 0 %, 41511 MiB, 46068 MiB, 93.67 W
2026/09/26 18:31:32.226, NVIDIA L40S, 0 %, 41511 MiB, 46068 MiB, 93.58 W
2026/09/26 18:31:33.226, NVIDIA L40S, 0 %, 41511 MiB, 46068 MiB, 93.28 W
2026/09/26 18:31:34.227, NVIDIA L40S, 0 %, 41511 MiB, 46068 MiB, 93.26 W
2026/09/26 18:31:35.227, NVIDIA L40S, 0 %, 41511 MiB, 46068 MiB, 93.20 W
2026/09/26 18:31:36.227, NVIDIA L40S, 0 %, 41511 MiB, 46068 MiB, 93.08 W
2026/09/26 18:31:37.227, NVIDIA L40S, 0 %, 41511 MiB, 46068 MiB, 93.05 W
2026/09/26 18:31:38.228, NVIDIA L40S, 0 %, 41511 MiB, 46068 MiB, 92.98 W
2026/09/26 18:31:39.228, NVIDIA L40S, 0 %, 41511 MiB, 46068 MiB, 92.90 W
2026/09/26 18:31:40.228, NVIDIA L40S, 0 %, 41511 MiB, 46068 MiB, 92.84 W
2026/09/26 18:31:41.228, NVIDIA L40S, 0 %, 41511 MiB, 46068 MiB, 92.84 W
2026/09/26 18:31:42.229, NVIDIA L40S, 0 %, 41511 MiB, 46068 MiB, 92.96 W
2026/09/26 18:31:43.230, NVIDIA L40S, 0 %, 41511 MiB, 46068 MiB, 92.93 W
2026/09/26 18:31:44.230, NVIDIA L40S, 0 %, 41511 MiB, 46068 MiB, 92.68 W
2026/09/26 18:31:45.230, NVIDIA L40S, 0 %, 41511 MiB, 46068 MiB, 92.83 W
2026/09/26 18:31:46.231, NVIDIA L40S, 0 %, 41511 MiB, 46068 MiB, 92.87 W
2026/09/26 18:31:47.231, NVIDIA L40S, 0 %, 41511 MiB, 46068 MiB, 92.81 W
2026/09/26 18:31:48.231, NVIDIA L40S, 0 %, 41511 MiB, 46068 MiB, 92.86 W
2026/09/26 18:31:49.231, NVIDIA L40S, 0 %, 41511 MiB, 46068 MiB, 92.74 W
2026/09/26 18:31:50.232, NVIDIA L40S, 0 %, 41511 MiB, 46068 MiB, 92.59 W
2026/09/26 18:31:51.233, NVIDIA L40S, 0 %, 41511 MiB, 46068 MiB, 92.53 W
2026/09/26 18:31:52.233, NVIDIA L40S, 0 %, 41511 MiB, 46068 MiB, 92.53 W
2026/09/26 18:31:53.233, NVIDIA L40S, 0 %, 41511 MiB, 46068 MiB, 92.44 W
2026/09/26 18:31:54.233, NVIDIA L40S, 0 %, 41511 MiB, 46068 MiB, 92.48 W
2026/09/26 18:31:55.234, NVIDIA L40S, 0 %, 41511 MiB, 46068 MiB, 92.51 W
2026/09/26 18:31:56.235, NVIDIA L40S, 0 %, 41511 MiB, 46068 MiB, 92.39 W
2026/09/26 18:31:57.235, NVIDIA L40S, 0 %, 41511 MiB, 46068 MiB, 92.20 W
2026/09/26 18:31:58.235, NVIDIA L40S, 0 %, 41511 MiB, 46068 MiB, 92.08 W
2026/09/26 18:31:59.236, NVIDIA L40S, 0 %, 41511 MiB, 46068 MiB, 91.99 W
2026/09/26 18:32:00.236, NVIDIA L40S, 0 %, 41511 MiB, 46068 MiB, 92.02 W
2026/09/26 18:32:01.236, NVIDIA L40S, 0 %, 41511 MiB, 46068 MiB, 92.17 W
2026/09/26 18:32:02.237, NVIDIA L40S, 0 %, 41511 MiB, 46068 MiB, 92.26 W
2026/09/26 18:32:03.237, NVIDIA L40S, 0 %, 41511 MiB, 46068 MiB, 92.26 W
2026/09/26 18:32:04.237, NVIDIA L40S, 0 %, 41511 MiB, 46068 MiB, 91.98 W
2026/09/26 18:32:05.239, NVIDIA L40S, 0 %, 41511 MiB, 46068 MiB, 92.08 W
2026/09/26 18:32:06.240, NVIDIA L40S, 0 %, 41511 MiB, 46068 MiB, 92.29 W
2026/09/26 18:32:07.240, NVIDIA L40S, 0 %, 41511 MiB, 46068 MiB, 92.08 W
2026/09/26 18:32:08.240, NVIDIA L40S, 0 %, 41511 MiB, 46068 MiB, 91.86 W
2026/09/26 18:32:09.241, NVIDIA L40S, 0 %, 41511 MiB, 46068 MiB, 91.86 W
2026/09/26 18:32:10.241, NVIDIA L40S, 0 %, 41511 MiB, 46068 MiB, 92.01 W
2026/09/26 18:32:11.242, NVIDIA L40S, 0 %, 41511 MiB, 46068 MiB, 91.92 W
2026/09/26 18:32:12.242, NVIDIA L40S, 0 %, 41511 MiB, 46068 MiB, 91.80 W
2026/09/26 18:32:13.243, NVIDIA L40S, 0 %, 41511 MiB, 46068 MiB, 91.83 W
2026/09/26 18:32:14.243, NVIDIA L40S, 0 %, 41511 MiB, 46068 MiB, 91.85 W
2026/09/26 18:32:15.243, NVIDIA L40S, 0 %, 41511 MiB, 46068 MiB, 91.85 W
2026/09/26 18:32:16.243, NVIDIA L40S, 0 %, 41511 MiB, 46068 MiB, 91.83 W
2026/09/26 18:32:17.244, NVIDIA L40S, 0 %, 41511 MiB, 46068 MiB, 91.76 W
2026/09/26 18:32:18.244, NVIDIA L40S, 0 %, 41511 MiB, 46068 MiB, 91.73 W
2026/09/26 18:32:19.244, NVIDIA L40S, 0 %, 41511 MiB, 46068 MiB, 91.68 W
2026/09/26 18:32:20.245, NVIDIA L40S, 0 %, 41511 MiB, 46068 MiB, 91.71 W
2026/09/26 18:32:21.246, NVIDIA L40S, 0 %, 41511 MiB, 46068 MiB, 91.70 W
2026/09/26 18:32:22.246, NVIDIA L40S, 0 %, 41511 MiB, 46068 MiB, 91.70 W
2026/09/26 18:32:23.246, NVIDIA L40S, 0 %, 41511 MiB, 46068 MiB, 91.70 W
2026/09/26 18:32:24.246, NVIDIA L40S, 0 %, 41511 MiB, 46068 MiB, 91.71 W
2026/09/26 18:32:25.247, NVIDIA L40S, 0 %, 41511 MiB, 46068 MiB, 91.73 W
2026/09/26 18:32:26.248, NVIDIA L40S, 0 %, 41511 MiB, 46068 MiB, 91.68 W
2026/09/26 18:32:27.249, NVIDIA L40S, 0 %, 41511 MiB, 46068 MiB, 91.59 W
2026/09/26 18:32:28.249, NVIDIA L40S, 0 %, 41511 MiB, 46068 MiB, 91.62 W
2026/09/26 18:32:29.249, NVIDIA L40S, 0 %, 41511 MiB, 46068 MiB, 91.77 W
2026/09/26 18:32:30.249, NVIDIA L40S, 0 %, 41511 MiB, 46068 MiB, 91.74 W
2026/09/26 18:32:31.250, NVIDIA L40S, 0 %, 41511 MiB, 46068 MiB, 91.71 W
2026/09/26 18:32:32.250, NVIDIA L40S, 0 %, 41511 MiB, 46068 MiB, 91.71 W
2026/09/26 18:32:33.250, NVIDIA L40S, 0 %, 41511 MiB, 46068 MiB, 91.56 W
2026/09/26 18:32:34.252, NVIDIA L40S, 0 %, 41511 MiB, 46068 MiB, 91.62 W
2026/09/26 18:32:35.252, NVIDIA L40S, 0 %, 41511 MiB, 46068 MiB, 91.72 W
2026/09/26 18:32:36.252, NVIDIA L40S, 0 %, 41511 MiB, 46068 MiB, 91.56 W
2026/09/26 18:32:37.252, NVIDIA L40S, 0 %, 41511 MiB, 46068 MiB, 91.62 W
2026/09/26 18:32:38.253, NVIDIA L40S, 0 %, 41511 MiB, 46068 MiB, 91.71 W
2026/09/26 18:32:39.254, NVIDIA L40S, 0 %, 41511 MiB, 46068 MiB, 91.59 W
2026/09/26 18:32:40.254, NVIDIA L40S, 0 %, 41511 MiB, 46068 MiB, 91.47 W
2026/09/26 18:32:41.254, NVIDIA L40S, 0 %, 41511 MiB, 46068 MiB, 91.41 W
2026/09/26 18:32:42.254, NVIDIA L40S, 0 %, 41511 MiB, 46068 MiB, 91.41 W
2026/09/26 18:32:43.255, NVIDIA L40S, 0 %, 41511 MiB, 46068 MiB, 91.62 W
2026/09/26 18:32:44.256, NVIDIA L40S, 0 %, 41511 MiB, 46068 MiB, 91.56 W
2026/09/26 18:32:45.256, NVIDIA L40S, 0 %, 41511 MiB, 46068 MiB, 91.46 W
2026/09/26 18:32:46.256, NVIDIA L40S, 0 %, 41511 MiB, 46068 MiB, 91.46 W
2026/09/26 18:32:47.257, NVIDIA L40S, 0 %, 41511 MiB, 46068 MiB, 91.41 W
2026/09/26 18:32:48.258, NVIDIA L40S, 0 %, 41511 MiB, 46068 MiB, 91.44 W
2026/09/26 18:32:49.258, NVIDIA L40S, 0 %, 41511 MiB, 46068 MiB, 91.50 W
2026/09/26 18:32:50.259, NVIDIA L40S, 0 %, 41511 MiB, 46068 MiB, 91.50 W
2026/09/26 18:32:51.259, NVIDIA L40S, 0 %, 41511 MiB, 46068 MiB, 91.22 W
2026/09/26 18:32:52.259, NVIDIA L40S, 0 %, 41511 MiB, 46068 MiB, 91.44 W
2026/09/26 18:32:53.260, NVIDIA L40S, 0 %, 41511 MiB, 46068 MiB, 91.63 W
2026/09/26 18:32:54.260, NVIDIA L40S, 0 %, 41511 MiB, 46068 MiB, 91.57 W
2026/09/26 18:32:55.260, NVIDIA L40S, 0 %, 41511 MiB, 46068 MiB, 91.68 W
2026/09/26 18:32:56.260, NVIDIA L40S, 0 %, 41511 MiB, 46068 MiB, 91.57 W
2026/09/26 18:32:57.261, NVIDIA L40S, 0 %, 41511 MiB, 46068 MiB, 91.29 W
2026/09/26 18:32:58.261, NVIDIA L40S, 0 %, 41511 MiB, 46068 MiB, 91.24 W
2026/09/26 18:32:59.262, NVIDIA L40S, 0 %, 41511 MiB, 46068 MiB, 91.41 W
2026/09/26 18:33:00.262, NVIDIA L40S, 0 %, 41511 MiB, 46068 MiB, 91.56 W
2026/09/26 18:33:01.263, NVIDIA L40S, 0 %, 41511 MiB, 46068 MiB, 91.50 W
2026/09/26 18:33:02.263, NVIDIA L40S, 0 %, 41511 MiB, 46068 MiB, 91.54 W
2026/09/26 18:33:03.263, NVIDIA L40S, 0 %, 41511 MiB, 46068 MiB, 91.50 W
2026/09/26 18:33:04.265, NVIDIA L40S, 0 %, 41511 MiB, 46068 MiB, 91.32 W
2026/09/26 18:33:05.265, NVIDIA L40S, 0 %, 41511 MiB, 46068 MiB, 91.50 W
2026/09/26 18:33:06.266, NVIDIA L40S, 0 %, 41511 MiB, 46068 MiB, 91.35 W
2026/09/26 18:33:07.266, NVIDIA L40S, 0 %, 41511 MiB, 46068 MiB, 91.11 W
2026/09/26 18:33:08.267, NVIDIA L40S, 0 %, 41511 MiB, 46068 MiB, 91.20 W
2026/09/26 18:33:09.267, NVIDIA L40S, 0 %, 41511 MiB, 46068 MiB, 91.25 W
2026/09/26 18:33:10.267, NVIDIA L40S, 0 %, 41511 MiB, 46068 MiB, 91.35 W
2026/09/26 18:33:11.267, NVIDIA L40S, 0 %, 41511 MiB, 46068 MiB, 91.38 W
2026/09/26 18:33:12.268, NVIDIA L40S, 0 %, 41511 MiB, 46068 MiB, 91.31 W
2026/09/26 18:33:13.268, NVIDIA L40S, 0 %, 41511 MiB, 46068 MiB, 91.31 W
2026/09/26 18:33:14.269, NVIDIA L40S, 0 %, 41511 MiB, 46068 MiB, 91.21 W
2026/09/26 18:33:15.269, NVIDIA L40S, 0 %, 41511 MiB, 46068 MiB, 91.04 W
2026/09/26 18:33:16.269, NVIDIA L40S, 0 %, 41511 MiB, 46068 MiB, 91.16 W
2026/09/26 18:33:17.270, NVIDIA L40S, 0 %, 41511 MiB, 46068 MiB, 91.31 W
2026/09/26 18:33:18.270, NVIDIA L40S, 0 %, 41511 MiB, 46068 MiB, 91.28 W
2026/09/26 18:33:19.270, NVIDIA L40S, 0 %, 41511 MiB, 46068 MiB, 91.28 W
2026/09/26 18:33:20.271, NVIDIA L40S, 0 %, 41511 MiB, 46068 MiB, 91.18 W
2026/09/26 18:33:21.271, NVIDIA L40S, 0 %, 41511 MiB, 46068 MiB, 91.19 W
2026/09/26 18:33:22.272, NVIDIA L40S, 0 %, 41511 MiB, 46068 MiB, 91.31 W
2026/09/26 18:33:23.272, NVIDIA L40S, 0 %, 41511 MiB, 46068 MiB, 91.25 W
2026/09/26 18:33:24.272, NVIDIA L40S, 0 %, 41511 MiB, 46068 MiB, 91.15 W
2026/09/26 18:33:25.273, NVIDIA L40S, 0 %, 41511 MiB, 46068 MiB, 91.22 W
2026/09/26 18:33:26.273, NVIDIA L40S, 0 %, 41511 MiB, 46068 MiB, 91.19 W
2026/09/26 18:33:27.274, NVIDIA L40S, 0 %, 41511 MiB, 46068 MiB, 91.19 W
2026/09/26 18:33:28.274, NVIDIA L40S, 0 %, 41511 MiB, 46068 MiB, 91.25 W
2026/09/26 18:33:29.274, NVIDIA L40S, 0 %, 41511 MiB, 46068 MiB, 91.10 W
2026/09/26 18:33:30.275, NVIDIA L40S, 0 %, 41511 MiB, 46068 MiB, 91.13 W
2026/09/26 18:33:31.275, NVIDIA L40S, 0 %, 41511 MiB, 46068 MiB, 91.41 W
2026/09/26 18:33:32.275, NVIDIA L40S, 0 %, 41511 MiB, 46068 MiB, 91.35 W
2026/09/26 18:33:33.275, NVIDIA L40S, 0 %, 41511 MiB, 46068 MiB, 91.10 W
2026/09/26 18:33:34.276, NVIDIA L40S, 0 %, 41511 MiB, 46068 MiB, 91.19 W
2026/09/26 18:33:35.276, NVIDIA L40S, 0 %, 41511 MiB, 46068 MiB, 91.31 W
2026/09/26 18:33:36.276, NVIDIA L40S, 0 %, 41511 MiB, 46068 MiB, 91.35 W
2026/09/26 18:33:37.277, NVIDIA L40S, 0 %, 41511 MiB, 46068 MiB, 91.22 W
2026/09/26 18:33:38.278, NVIDIA L40S, 0 %, 41511 MiB, 46068 MiB, 91.13 W
2026/09/26 18:33:39.278, NVIDIA L40S, 0 %, 41511 MiB, 46068 MiB, 91.17 W
2026/09/26 18:33:40.278, NVIDIA L40S, 0 %, 41511 MiB, 46068 MiB, 91.17 W
2026/09/26 18:33:41.278, NVIDIA L40S, 0 %, 41511 MiB, 46068 MiB, 91.35 W
2026/09/26 18:33:42.279, NVIDIA L40S, 0 %, 41511 MiB, 46068 MiB, 91.38 W
2026/09/26 18:33:43.279, NVIDIA L40S, 0 %, 41511 MiB, 46068 MiB, 91.19 W
2026/09/26 18:33:44.279, NVIDIA L40S, 0 %, 41511 MiB, 46068 MiB, 91.10 W
2026/09/26 18:33:45.280, NVIDIA L40S, 0 %, 41511 MiB, 46068 MiB, 91.19 W
2026/09/26 18:33:46.281, NVIDIA L40S, 0 %, 41511 MiB, 46068 MiB, 91.16 W
2026/09/26 18:33:47.281, NVIDIA L40S, 0 %, 41511 MiB, 46068 MiB, 91.04 W
2026/09/26 18:33:48.281, NVIDIA L40S, 0 %, 41511 MiB, 46068 MiB, 91.19 W
2026/09/26 18:33:49.282, NVIDIA L40S, 0 %, 41511 MiB, 46068 MiB, 91.50 W
2026/09/26 18:33:50.282, NVIDIA L40S, 0 %, 41511 MiB, 46068 MiB, 91.59 W
2026/09/26 18:33:51.283, NVIDIA L40S, 0 %, 41511 MiB, 46068 MiB, 91.28 W
2026/09/26 18:33:52.283, NVIDIA L40S, 0 %, 41511 MiB, 46068 MiB, 91.04 W
2026/09/26 18:33:53.283, NVIDIA L40S, 0 %, 41511 MiB, 46068 MiB, 91.43 W
2026/09/26 18:33:54.284, NVIDIA L40S, 0 %, 41511 MiB, 46068 MiB, 91.61 W
2026/09/26 18:33:55.284, NVIDIA L40S, 0 %, 41511 MiB, 46068 MiB, 91.26 W
2026/09/26 18:33:56.284, NVIDIA L40S, 0 %, 41511 MiB, 46068 MiB, 91.08 W
2026/09/26 18:33:57.285, NVIDIA L40S, 0 %, 41511 MiB, 46068 MiB, 91.11 W
2026/09/26 18:33:58.286, NVIDIA L40S, 0 %, 41511 MiB, 46068 MiB, 91.29 W
2026/09/26 18:33:59.286, NVIDIA L40S, 0 %, 41511 MiB, 46068 MiB, 91.16 W
2026/09/26 18:34:00.286, NVIDIA L40S, 0 %, 41511 MiB, 46068 MiB, 91.20 W
2026/09/26 18:34:01.286, NVIDIA L40S, 0 %, 41511 MiB, 46068 MiB, 91.31 W
2026/09/26 18:34:02.287, NVIDIA L40S, 0 %, 41511 MiB, 46068 MiB, 91.25 W
2026/09/26 18:34:03.287, NVIDIA L40S, 0 %, 41511 MiB, 46068 MiB, 91.19 W
2026/09/26 18:34:04.288, NVIDIA L40S, 0 %, 41511 MiB, 46068 MiB, 91.01 W
2026/09/26 18:34:05.288, NVIDIA L40S, 0 %, 41511 MiB, 46068 MiB, 91.01 W
2026/09/26 18:34:06.288, NVIDIA L40S, 0 %, 41511 MiB, 46068 MiB, 91.16 W
2026/09/26 18:34:07.289, NVIDIA L40S, 0 %, 41511 MiB, 46068 MiB, 91.38 W
2026/09/26 18:34:08.290, NVIDIA L40S, 0 %, 41511 MiB, 46068 MiB, 91.35 W
2026/09/26 18:34:09.290, NVIDIA L40S, 0 %, 41511 MiB, 46068 MiB, 91.11 W
2026/09/26 18:34:10.291, NVIDIA L40S, 0 %, 41511 MiB, 46068 MiB, 91.01 W
2026/09/26 18:34:11.291, NVIDIA L40S, 0 %, 41511 MiB, 46068 MiB, 91.07 W
2026/09/26 18:34:12.291, NVIDIA L40S, 0 %, 41511 MiB, 46068 MiB, 91.20 W
2026/09/26 18:34:13.292, NVIDIA L40S, 0 %, 41511 MiB, 46068 MiB, 91.26 W
2026/09/26 18:34:14.292, NVIDIA L40S, 0 %, 41511 MiB, 46068 MiB, 91.13 W
2026/09/26 18:34:15.292, NVIDIA L40S, 0 %, 41511 MiB, 46068 MiB, 91.08 W
2026/09/26 18:34:16.293, NVIDIA L40S, 0 %, 41511 MiB, 46068 MiB, 91.24 W
2026/09/26 18:34:17.293, NVIDIA L40S, 0 %, 41511 MiB, 46068 MiB, 91.14 W
2026/09/26 18:34:18.293, NVIDIA L40S, 0 %, 41511 MiB, 46068 MiB, 90.93 W
2026/09/26 18:34:19.294, NVIDIA L40S, 0 %, 41511 MiB, 46068 MiB, 91.05 W
2026/09/26 18:34:20.295, NVIDIA L40S, 0 %, 41511 MiB, 46068 MiB, 91.20 W
2026/09/26 18:34:21.295, NVIDIA L40S, 0 %, 41511 MiB, 46068 MiB, 91.26 W
2026/09/26 18:34:22.295, NVIDIA L40S, 0 %, 41511 MiB, 46068 MiB, 91.29 W
2026/09/26 18:34:23.308, NVIDIA L40S, 0 %, 41511 MiB, 46068 MiB, 91.26 W
2026/09/26 18:34:24.308, NVIDIA L40S, 0 %, 41511 MiB, 46068 MiB, 91.22 W
2026/09/26 18:34:25.310, NVIDIA L40S, 0 %, 41511 MiB, 46068 MiB, 91.10 W
2026/09/26 18:34:26.311, NVIDIA L40S, 0 %, 41511 MiB, 46068 MiB, 90.98 W
2026/09/26 18:34:27.311, NVIDIA L40S, 0 %, 41511 MiB, 46068 MiB, 91.13 W
2026/09/26 18:34:28.312, NVIDIA L40S, 0 %, 41511 MiB, 46068 MiB, 91.07 W
2026/09/26 18:34:29.312, NVIDIA L40S, 0 %, 41511 MiB, 46068 MiB, 90.95 W
2026/09/26 18:34:30.312, NVIDIA L40S, 0 %, 41511 MiB, 46068 MiB, 91.31 W
2026/09/26 18:34:31.313, NVIDIA L40S, 0 %, 41511 MiB, 46068 MiB, 91.29 W
2026/09/26 18:34:32.313, NVIDIA L40S, 0 %, 41511 MiB, 46068 MiB, 91.13 W
2026/09/26 18:34:33.314, NVIDIA L40S, 0 %, 41511 MiB, 46068 MiB, 91.37 W
2026/09/26 18:34:34.314, NVIDIA L40S, 0 %, 41511 MiB, 46068 MiB, 91.47 W
2026/09/26 18:34:35.314, NVIDIA L40S, 0 %, 41511 MiB, 46068 MiB, 91.22 W
2026/09/26 18:34:36.315, NVIDIA L40S, 0 %, 41511 MiB, 46068 MiB, 91.20 W
2026/09/26 18:34:37.315, NVIDIA L40S, 0 %, 41511 MiB, 46068 MiB, 91.32 W
2026/09/26 18:34:38.316, NVIDIA L40S, 0 %, 41511 MiB, 46068 MiB, 91.23 W
2026/09/26 18:34:39.316, NVIDIA L40S, 0 %, 41511 MiB, 46068 MiB, 91.25 W
2026/09/26 18:34:40.316, NVIDIA L40S, 0 %, 41511 MiB, 46068 MiB, 91.28 W
2026/09/26 18:34:41.316, NVIDIA L40S, 0 %, 41511 MiB, 46068 MiB, 91.28 W
2026/09/26 18:34:42.317, NVIDIA L40S, 0 %, 41511 MiB, 46068 MiB, 91.25 W
2026/09/26 18:34:43.317, NVIDIA L40S, 0 %, 41511 MiB, 46068 MiB, 91.35 W
2026/09/26 18:34:44.318, NVIDIA L40S, 0 %, 41511 MiB, 46068 MiB, 91.50 W
2026/09/26 18:34:45.318, NVIDIA L40S, 0 %, 41511 MiB, 46068 MiB, 91.31 W
2026/09/26 18:34:46.319, NVIDIA L40S, 0 %, 41511 MiB, 46068 MiB, 91.29 W
2026/09/26 18:34:47.319, NVIDIA L40S, 0 %, 41511 MiB, 46068 MiB, 91.35 W
2026/09/26 18:34:48.319, NVIDIA L40S, 0 %, 41511 MiB, 46068 MiB, 91.29 W
2026/09/26 18:34:49.320, NVIDIA L40S, 0 %, 41511 MiB, 46068 MiB, 91.38 W
2026/09/26 18:34:50.320, NVIDIA L40S, 0 %, 41511 MiB, 46068 MiB, 91.26 W
2026/09/26 18:34:51.320, NVIDIA L40S, 0 %, 41511 MiB, 46068 MiB, 91.05 W
2026/09/26 18:34:52.321, NVIDIA L40S, 0 %, 41511 MiB, 46068 MiB, 91.17 W
2026/09/26 18:34:53.321, NVIDIA L40S, 0 %, 41511 MiB, 46068 MiB, 91.29 W
2026/09/26 18:34:54.321, NVIDIA L40S, 0 %, 41511 MiB, 46068 MiB, 91.25 W
2026/09/26 18:34:55.322, NVIDIA L40S, 0 %, 41511 MiB, 46068 MiB, 91.22 W
2026/09/26 18:34:56.322, NVIDIA L40S, 0 %, 41511 MiB, 46068 MiB, 91.26 W
2026/09/26 18:34:57.322, NVIDIA L40S, 0 %, 41511 MiB, 46068 MiB, 91.26 W
2026/09/26 18:34:58.322, NVIDIA L40S, 0 %, 41511 MiB, 46068 MiB, 91.35 W
2026/09/26 18:34:59.323, NVIDIA L40S, 0 %, 41511 MiB, 46068 MiB, 91.38 W
2026/09/26 18:35:00.324, NVIDIA L40S, 0 %, 41511 MiB, 46068 MiB, 91.23 W
2026/09/26 18:35:01.324, NVIDIA L40S, 0 %, 41511 MiB, 46068 MiB, 91.13 W
2026/09/26 18:35:02.324, NVIDIA L40S, 0 %, 41511 MiB, 46068 MiB, 91.13 W
2026/09/26 18:35:03.325, NVIDIA L40S, 0 %, 41511 MiB, 46068 MiB, 91.31 W
2026/09/26 18:35:04.325, NVIDIA L40S, 0 %, 41511 MiB, 46068 MiB, 91.37 W
2026/09/26 18:35:05.325, NVIDIA L40S, 0 %, 41511 MiB, 46068 MiB, 91.25 W
2026/09/26 18:35:06.334, NVIDIA L40S, 0 %, 41511 MiB, 46068 MiB, 91.32 W
2026/09/26 18:35:07.335, NVIDIA L40S, 0 %, 41511 MiB, 46068 MiB, 91.34 W
2026/09/26 18:35:08.335, NVIDIA L40S, 0 %, 41511 MiB, 46068 MiB, 91.25 W
2026/09/26 18:35:09.335, NVIDIA L40S, 0 %, 41511 MiB, 46068 MiB, 91.35 W
2026/09/26 18:35:10.335, NVIDIA L40S, 0 %, 41511 MiB, 46068 MiB, 91.32 W
2026/09/26 18:35:11.336, NVIDIA L40S, 0 %, 41511 MiB, 46068 MiB, 91.20 W
2026/09/26 18:35:12.336, NVIDIA L40S, 0 %, 41511 MiB, 46068 MiB, 91.25 W
2026/09/26 18:35:13.336, NVIDIA L40S, 0 %, 41511 MiB, 46068 MiB, 91.19 W
2026/09/26 18:35:14.336, NVIDIA L40S, 0 %, 41511 MiB, 46068 MiB, 91.13 W
2026/09/26 18:35:15.337, NVIDIA L40S, 0 %, 41511 MiB, 46068 MiB, 91.23 W
2026/09/26 18:35:16.337, NVIDIA L40S, 0 %, 41511 MiB, 46068 MiB, 91.32 W
2026/09/26 18:35:17.338, NVIDIA L40S, 0 %, 41511 MiB, 46068 MiB, 91.26 W
2026/09/26 18:35:18.338, NVIDIA L40S, 0 %, 41511 MiB, 46068 MiB, 91.14 W
2026/09/26 18:35:19.338, NVIDIA L40S, 0 %, 41511 MiB, 46068 MiB, 91.11 W
2026/09/26 18:35:20.339, NVIDIA L40S, 0 %, 41511 MiB, 46068 MiB, 91.05 W
2026/09/26 18:35:21.340, NVIDIA L40S, 0 %, 41511 MiB, 46068 MiB, 91.08 W
2026/09/26 18:35:22.340, NVIDIA L40S, 0 %, 41511 MiB, 46068 MiB, 91.05 W
2026/09/26 18:35:23.340, NVIDIA L40S, 0 %, 41511 MiB, 46068 MiB, 91.11 W
2026/09/26 18:35:24.341, NVIDIA L40S, 0 %, 41511 MiB, 46068 MiB, 91.25 W
2026/09/26 18:35:25.341, NVIDIA L40S, 0 %, 41511 MiB, 46068 MiB, 91.25 W
2026/09/26 18:35:26.342, NVIDIA L40S, 0 %, 41511 MiB, 46068 MiB, 91.38 W
2026/09/26 18:35:27.342, NVIDIA L40S, 0 %, 41511 MiB, 46068 MiB, 91.38 W
2026/09/26 18:35:28.343, NVIDIA L40S, 0 %, 41511 MiB, 46068 MiB, 91.25 W
2026/09/26 18:35:29.344, NVIDIA L40S, 0 %, 41511 MiB, 46068 MiB, 91.25 W
2026/09/26 18:35:30.344, NVIDIA L40S, 0 %, 41511 MiB, 46068 MiB, 91.22 W
2026/09/26 18:35:31.344, NVIDIA L40S, 0 %, 41511 MiB, 46068 MiB, 91.16 W
2026/09/26 18:35:32.345, NVIDIA L40S, 0 %, 41511 MiB, 46068 MiB, 91.19 W
2026/09/26 18:35:33.345, NVIDIA L40S, 0 %, 41511 MiB, 46068 MiB, 91.29 W
2026/09/26 18:35:34.346, NVIDIA L40S, 0 %, 41511 MiB, 46068 MiB, 91.40 W
2026/09/26 18:35:35.346, NVIDIA L40S, 0 %, 41511 MiB, 46068 MiB, 91.53 W
2026/09/26 18:35:36.346, NVIDIA L40S, 0 %, 41511 MiB, 46068 MiB, 91.31 W
2026/09/26 18:35:37.347, NVIDIA L40S, 0 %, 41511 MiB, 46068 MiB, 91.12 W
2026/09/26 18:35:38.347, NVIDIA L40S, 0 %, 41511 MiB, 46068 MiB, 91.24 W
2026/09/26 18:35:39.348, NVIDIA L40S, 0 %, 41511 MiB, 46068 MiB, 91.53 W
2026/09/26 18:35:40.348, NVIDIA L40S, 0 %, 41511 MiB, 46068 MiB, 91.40 W
2026/09/26 18:35:41.348, NVIDIA L40S, 0 %, 41511 MiB, 46068 MiB, 91.25 W
2026/09/26 18:35:42.349, NVIDIA L40S, 0 %, 41511 MiB, 46068 MiB, 91.46 W
2026/09/26 18:35:43.349, NVIDIA L40S, 0 %, 41511 MiB, 46068 MiB, 91.28 W
2026/09/26 18:35:44.349, NVIDIA L40S, 0 %, 41511 MiB, 46068 MiB, 91.10 W
2026/09/26 18:35:45.350, NVIDIA L40S, 0 %, 41511 MiB, 46068 MiB, 91.12 W
2026/09/26 18:35:46.350, NVIDIA L40S, 0 %, 41511 MiB, 46068 MiB, 91.12 W
2026/09/26 18:35:47.351, NVIDIA L40S, 0 %, 41511 MiB, 46068 MiB, 91.22 W
2026/09/26 18:35:48.351, NVIDIA L40S, 0 %, 41511 MiB, 46068 MiB, 91.16 W
2026/09/26 18:35:49.351, NVIDIA L40S, 0 %, 41511 MiB, 46068 MiB, 91.01 W
2026/09/26 18:35:50.351, NVIDIA L40S, 0 %, 41511 MiB, 46068 MiB, 91.11 W
2026/09/26 18:35:51.352, NVIDIA L40S, 0 %, 41511 MiB, 46068 MiB, 91.31 W
2026/09/26 18:35:52.353, NVIDIA L40S, 0 %, 41511 MiB, 46068 MiB, 91.43 W
2026/09/26 18:35:53.353, NVIDIA L40S, 0 %, 41511 MiB, 46068 MiB, 91.28 W
2026/09/26 18:35:54.353, NVIDIA L40S, 0 %, 41511 MiB, 46068 MiB, 91.22 W
2026/09/26 18:35:55.353, NVIDIA L40S, 0 %, 41511 MiB, 46068 MiB, 91.31 W
2026/09/26 18:35:56.354, NVIDIA L40S, 0 %, 41511 MiB, 46068 MiB, 91.41 W
2026/09/26 18:35:57.354, NVIDIA L40S, 0 %, 41511 MiB, 46068 MiB, 91.40 W
2026/09/26 18:35:58.355, NVIDIA L40S, 0 %, 41511 MiB, 46068 MiB, 91.37 W
2026/09/26 18:35:59.355, NVIDIA L40S, 0 %, 41511 MiB, 46068 MiB, 91.47 W
2026/09/26 18:36:00.356, NVIDIA L40S, 0 %, 41511 MiB, 46068 MiB, 91.41 W
2026/09/26 18:36:01.356, NVIDIA L40S, 0 %, 41511 MiB, 46068 MiB, 91.29 W
2026/09/26 18:36:02.356, NVIDIA L40S, 0 %, 41511 MiB, 46068 MiB, 91.29 W
2026/09/26 18:36:03.357, NVIDIA L40S, 0 %, 41511 MiB, 46068 MiB, 91.24 W
2026/09/26 18:36:04.357, NVIDIA L40S, 0 %, 41511 MiB, 46068 MiB, 91.14 W
2026/09/26 18:36:05.357, NVIDIA L40S, 0 %, 41511 MiB, 46068 MiB, 91.26 W
2026/09/26 18:36:06.358, NVIDIA L40S, 0 %, 41511 MiB, 46068 MiB, 91.39 W
2026/09/26 18:36:07.358, NVIDIA L40S, 0 %, 41511 MiB, 46068 MiB, 91.29 W
2026/09/26 18:36:08.359, NVIDIA L40S, 0 %, 41511 MiB, 46068 MiB, 91.26 W
2026/09/26 18:36:09.359, NVIDIA L40S, 0 %, 41511 MiB, 46068 MiB, 91.30 W
2026/09/26 18:36:10.359, NVIDIA L40S, 0 %, 41511 MiB, 46068 MiB, 91.20 W
2026/09/26 18:36:11.360, NVIDIA L40S, 0 %, 41511 MiB, 46068 MiB, 91.19 W
2026/09/26 18:36:12.366, NVIDIA L40S, 0 %, 41511 MiB, 46068 MiB, 91.17 W
2026/09/26 18:36:13.366, NVIDIA L40S, 0 %, 41511 MiB, 46068 MiB, 90.99 W
2026/09/26 18:36:14.367, NVIDIA L40S, 0 %, 41511 MiB, 46068 MiB, 91.02 W
2026/09/26 18:36:15.367, NVIDIA L40S, 0 %, 41511 MiB, 46068 MiB, 91.20 W
2026/09/26 18:36:16.367, NVIDIA L40S, 0 %, 41511 MiB, 46068 MiB, 91.07 W
2026/09/26 18:36:17.368, NVIDIA L40S, 0 %, 41511 MiB, 46068 MiB, 91.10 W
2026/09/26 18:36:18.368, NVIDIA L40S, 0 %, 41511 MiB, 46068 MiB, 91.16 W
2026/09/26 18:36:19.369, NVIDIA L40S, 0 %, 41511 MiB, 46068 MiB, 91.16 W
2026/09/26 18:36:20.369, NVIDIA L40S, 0 %, 41511 MiB, 46068 MiB, 91.13 W
2026/09/26 18:36:21.370, NVIDIA L40S, 0 %, 41511 MiB, 46068 MiB, 91.04 W
2026/09/26 18:36:22.370, NVIDIA L40S, 0 %, 41511 MiB, 46068 MiB, 91.07 W
2026/09/26 18:36:23.370, NVIDIA L40S, 0 %, 41511 MiB, 46068 MiB, 91.19 W
2026/09/26 18:36:24.371, NVIDIA L40S, 0 %, 41511 MiB, 46068 MiB, 91.28 W
2026/09/26 18:36:25.371, NVIDIA L40S, 0 %, 41511 MiB, 46068 MiB, 91.32 W
2026/09/26 18:36:26.371, NVIDIA L40S, 0 %, 41511 MiB, 46068 MiB, 91.25 W
2026/09/26 18:36:27.371, NVIDIA L40S, 0 %, 41511 MiB, 46068 MiB, 91.28 W
2026/09/26 18:36:28.372, NVIDIA L40S, 0 %, 41511 MiB, 46068 MiB, 91.32 W
2026/09/26 18:36:29.372, NVIDIA L40S, 0 %, 41511 MiB, 46068 MiB, 91.29 W
2026/09/26 18:36:30.372, NVIDIA L40S, 0 %, 41511 MiB, 46068 MiB, 91.26 W
2026/09/26 18:36:31.372, NVIDIA L40S, 0 %, 41511 MiB, 46068 MiB, 91.17 W
2026/09/26 18:36:32.373, NVIDIA L40S, 0 %, 41511 MiB, 46068 MiB, 91.10 W
2026/09/26 18:36:33.374, NVIDIA L40S, 0 %, 41511 MiB, 46068 MiB, 91.19 W
2026/09/26 18:36:34.374, NVIDIA L40S, 0 %, 41511 MiB, 46068 MiB, 91.29 W
2026/09/26 18:36:35.374, NVIDIA L40S, 0 %, 41511 MiB, 46068 MiB, 91.23 W
2026/09/26 18:36:36.374, NVIDIA L40S, 0 %, 41511 MiB, 46068 MiB, 91.35 W
2026/09/26 18:36:37.375, NVIDIA L40S, 0 %, 41511 MiB, 46068 MiB, 91.50 W
2026/09/26 18:36:38.376, NVIDIA L40S, 0 %, 41511 MiB, 46068 MiB, 91.50 W
2026/09/26 18:36:39.376, NVIDIA L40S, 0 %, 41511 MiB, 46068 MiB, 91.35 W
2026/09/26 18:36:40.377, NVIDIA L40S, 0 %, 41511 MiB, 46068 MiB, 91.37 W
2026/09/26 18:36:41.377, NVIDIA L40S, 0 %, 41511 MiB, 46068 MiB, 91.29 W
2026/09/26 18:36:42.377, NVIDIA L40S, 0 %, 41511 MiB, 46068 MiB, 91.26 W
2026/09/26 18:36:43.392, NVIDIA L40S, 0 %, 41511 MiB, 46068 MiB, 91.32 W
2026/09/26 18:36:44.392, NVIDIA L40S, 0 %, 41511 MiB, 46068 MiB, 91.22 W
2026/09/26 18:36:45.393, NVIDIA L40S, 0 %, 41511 MiB, 46068 MiB, 91.05 W
2026/09/26 18:36:46.393, NVIDIA L40S, 0 %, 41511 MiB, 46068 MiB, 91.20 W
2026/09/26 18:36:47.393, NVIDIA L40S, 0 %, 41511 MiB, 46068 MiB, 91.43 W
2026/09/26 18:36:48.395, NVIDIA L40S, 0 %, 41511 MiB, 46068 MiB, 91.34 W
2026/09/26 18:36:49.395, NVIDIA L40S, 0 %, 41511 MiB, 46068 MiB, 91.25 W
2026/09/26 18:36:50.395, NVIDIA L40S, 0 %, 41511 MiB, 46068 MiB, 91.28 W
2026/09/26 18:36:51.395, NVIDIA L40S, 0 %, 41511 MiB, 46068 MiB, 91.25 W
2026/09/26 18:36:52.396, NVIDIA L40S, 0 %, 41511 MiB, 46068 MiB, 91.09 W
2026/09/26 18:36:53.397, NVIDIA L40S, 0 %, 41511 MiB, 46068 MiB, 91.12 W
2026/09/26 18:36:54.397, NVIDIA L40S, 0 %, 41511 MiB, 46068 MiB, 91.07 W
2026/09/26 18:36:55.397, NVIDIA L40S, 0 %, 41511 MiB, 46068 MiB, 91.07 W
2026/09/26 18:36:56.397, NVIDIA L40S, 0 %, 41511 MiB, 46068 MiB, 91.15 W
2026/09/26 18:36:57.398, NVIDIA L40S, 0 %, 41511 MiB, 46068 MiB, 91.25 W
2026/09/26 18:36:58.398, NVIDIA L40S, 0 %, 41511 MiB, 46068 MiB, 91.13 W
2026/09/26 18:36:59.404, NVIDIA L40S, 0 %, 41511 MiB, 46068 MiB, 90.94 W
2026/09/26 18:37:00.404, NVIDIA L40S, 0 %, 41511 MiB, 46068 MiB, 91.10 W
2026/09/26 18:37:01.404, NVIDIA L40S, 0 %, 41511 MiB, 46068 MiB, 91.22 W
2026/09/26 18:37:02.404, NVIDIA L40S, 0 %, 41511 MiB, 46068 MiB, 90.98 W
2026/09/26 18:37:03.405, NVIDIA L40S, 0 %, 41511 MiB, 46068 MiB, 90.89 W
2026/09/26 18:37:04.405, NVIDIA L40S, 0 %, 41511 MiB, 46068 MiB, 91.28 W
2026/09/26 18:37:05.406, NVIDIA L40S, 0 %, 41511 MiB, 46068 MiB, 91.34 W
2026/09/26 18:37:06.406, NVIDIA L40S, 0 %, 41511 MiB, 46068 MiB, 91.10 W
2026/09/26 18:37:07.407, NVIDIA L40S, 0 %, 41511 MiB, 46068 MiB, 91.07 W
2026/09/26 18:37:08.407, NVIDIA L40S, 0 %, 41511 MiB, 46068 MiB, 91.16 W
2026/09/26 18:37:09.407, NVIDIA L40S, 0 %, 41511 MiB, 46068 MiB, 91.25 W
2026/09/26 18:37:10.408, NVIDIA L40S, 0 %, 41511 MiB, 46068 MiB, 91.25 W
2026/09/26 18:37:11.409, NVIDIA L40S, 0 %, 41511 MiB, 46068 MiB, 91.10 W
2026/09/26 18:37:12.409, NVIDIA L40S, 0 %, 41511 MiB, 46068 MiB, 91.10 W
2026/09/26 18:37:13.409, NVIDIA L40S, 0 %, 41511 MiB, 46068 MiB, 91.07 W
2026/09/26 18:37:14.410, NVIDIA L40S, 0 %, 41511 MiB, 46068 MiB, 91.19 W
2026/09/26 18:37:15.411, NVIDIA L40S, 0 %, 41511 MiB, 46068 MiB, 91.22 W
2026/09/26 18:37:16.412, NVIDIA L40S, 0 %, 41511 MiB, 46068 MiB, 91.16 W
2026/09/26 18:37:17.412, NVIDIA L40S, 0 %, 41511 MiB, 46068 MiB, 91.13 W
2026/09/26 18:37:18.412, NVIDIA L40S, 0 %, 41511 MiB, 46068 MiB, 90.98 W
2026/09/26 18:37:19.413, NVIDIA L40S, 0 %, 41511 MiB, 46068 MiB, 91.10 W
2026/09/26 18:37:20.415, NVIDIA L40S, 0 %, 41511 MiB, 46068 MiB, 90.96 W
2026/09/26 18:37:21.416, NVIDIA L40S, 0 %, 41511 MiB, 46068 MiB, 90.96 W
2026/09/26 18:37:22.416, NVIDIA L40S, 0 %, 41511 MiB, 46068 MiB, 91.17 W
2026/09/26 18:37:23.416, NVIDIA L40S, 0 %, 41511 MiB, 46068 MiB, 91.10 W
2026/09/26 18:37:24.416, NVIDIA L40S, 0 %, 41511 MiB, 46068 MiB, 91.07 W
2026/09/26 18:37:25.417, NVIDIA L40S, 0 %, 41511 MiB, 46068 MiB, 91.04 W
2026/09/26 18:37:26.417, NVIDIA L40S, 0 %, 41511 MiB, 46068 MiB, 91.09 W
2026/09/26 18:37:27.417, NVIDIA L40S, 0 %, 41511 MiB, 46068 MiB, 91.33 W
2026/09/26 18:37:28.417, NVIDIA L40S, 0 %, 41511 MiB, 46068 MiB, 91.21 W
2026/09/26 18:37:29.418, NVIDIA L40S, 0 %, 41511 MiB, 46068 MiB, 91.07 W
2026/09/26 18:37:30.418, NVIDIA L40S, 0 %, 41511 MiB, 46068 MiB, 91.03 W
2026/09/26 18:37:31.419, NVIDIA L40S, 0 %, 41511 MiB, 46068 MiB, 90.91 W
2026/09/26 18:37:32.419, NVIDIA L40S, 0 %, 41511 MiB, 46068 MiB, 91.06 W
2026/09/26 18:37:33.419, NVIDIA L40S, 0 %, 41511 MiB, 46068 MiB, 91.30 W
2026/09/26 18:37:34.420, NVIDIA L40S, 0 %, 41511 MiB, 46068 MiB, 91.25 W
2026/09/26 18:37:35.421, NVIDIA L40S, 0 %, 41511 MiB, 46068 MiB, 91.00 W
2026/09/26 18:37:36.421, NVIDIA L40S, 0 %, 41511 MiB, 46068 MiB, 91.06 W
2026/09/26 18:37:37.421, NVIDIA L40S, 0 %, 41511 MiB, 46068 MiB, 91.15 W
2026/09/26 18:37:38.422, NVIDIA L40S, 0 %, 41511 MiB, 46068 MiB, 90.97 W
2026/09/26 18:37:39.422, NVIDIA L40S, 0 %, 41511 MiB, 46068 MiB, 90.83 W
2026/09/26 18:37:40.423, NVIDIA L40S, 0 %, 41511 MiB, 46068 MiB, 90.89 W
2026/09/26 18:37:41.423, NVIDIA L40S, 0 %, 41511 MiB, 46068 MiB, 91.01 W
2026/09/26 18:37:42.424, NVIDIA L40S, 0 %, 41511 MiB, 46068 MiB, 91.25 W
2026/09/26 18:37:43.424, NVIDIA L40S, 0 %, 41511 MiB, 46068 MiB, 91.20 W
2026/09/26 18:37:44.424, NVIDIA L40S, 0 %, 41511 MiB, 46068 MiB, 90.92 W
2026/09/26 18:37:45.424, NVIDIA L40S, 0 %, 41511 MiB, 46068 MiB, 90.82 W
2026/09/26 18:37:46.425, NVIDIA L40S, 0 %, 41511 MiB, 46068 MiB, 91.04 W
2026/09/26 18:37:47.425, NVIDIA L40S, 0 %, 41511 MiB, 46068 MiB, 91.21 W
2026/09/26 18:37:48.425, NVIDIA L40S, 0 %, 41511 MiB, 46068 MiB, 91.03 W
2026/09/26 18:37:49.426, NVIDIA L40S, 0 %, 41511 MiB, 46068 MiB, 90.95 W
2026/09/26 18:37:50.426, NVIDIA L40S, 0 %, 41511 MiB, 46068 MiB, 90.89 W
2026/09/26 18:37:51.426, NVIDIA L40S, 0 %, 41511 MiB, 46068 MiB, 90.97 W
2026/09/26 18:37:52.428, NVIDIA L40S, 0 %, 41511 MiB, 46068 MiB, 91.13 W
2026/09/26 18:37:53.429, NVIDIA L40S, 0 %, 41511 MiB, 46068 MiB, 91.01 W
2026/09/26 18:37:54.429, NVIDIA L40S, 0 %, 41511 MiB, 46068 MiB, 91.07 W
2026/09/26 18:37:55.429, NVIDIA L40S, 0 %, 41511 MiB, 46068 MiB, 91.22 W
2026/09/26 18:37:56.429, NVIDIA L40S, 0 %, 41511 MiB, 46068 MiB, 91.24 W
2026/09/26 18:37:57.430, NVIDIA L40S, 0 %, 41511 MiB, 46068 MiB, 91.19 W
2026/09/26 18:37:58.430, NVIDIA L40S, 0 %, 41511 MiB, 46068 MiB, 90.94 W
2026/09/26 18:37:59.430, NVIDIA L40S, 0 %, 41511 MiB, 46068 MiB, 90.80 W
2026/09/26 18:38:00.431, NVIDIA L40S, 0 %, 41511 MiB, 46068 MiB, 90.89 W
2026/09/26 18:38:01.431, NVIDIA L40S, 0 %, 41511 MiB, 46068 MiB, 91.16 W
2026/09/26 18:38:02.432, NVIDIA L40S, 0 %, 41511 MiB, 46068 MiB, 91.13 W
2026/09/26 18:38:03.432, NVIDIA L40S, 0 %, 41511 MiB, 46068 MiB, 91.01 W
2026/09/26 18:38:04.432, NVIDIA L40S, 0 %, 41511 MiB, 46068 MiB, 90.92 W
2026/09/26 18:38:05.432, NVIDIA L40S, 0 %, 41511 MiB, 46068 MiB, 90.91 W
2026/09/26 18:38:06.433, NVIDIA L40S, 0 %, 41511 MiB, 46068 MiB, 91.19 W
2026/09/26 18:38:07.433, NVIDIA L40S, 0 %, 41511 MiB, 46068 MiB, 91.16 W
2026/09/26 18:38:08.433, NVIDIA L40S, 0 %, 41511 MiB, 46068 MiB, 91.01 W
2026/09/26 18:38:09.433, NVIDIA L40S, 0 %, 41511 MiB, 46068 MiB, 90.89 W
2026/09/26 18:38:10.434, NVIDIA L40S, 0 %, 41511 MiB, 46068 MiB, 90.86 W
2026/09/26 18:38:11.434, NVIDIA L40S, 0 %, 41511 MiB, 46068 MiB, 90.98 W
2026/09/26 18:38:12.434, NVIDIA L40S, 0 %, 41511 MiB, 46068 MiB, 91.01 W
2026/09/26 18:38:13.435, NVIDIA L40S, 0 %, 41511 MiB, 46068 MiB, 91.07 W
2026/09/26 18:38:14.436, NVIDIA L40S, 0 %, 41511 MiB, 46068 MiB, 91.09 W
2026/09/26 18:38:15.436, NVIDIA L40S, 0 %, 41511 MiB, 46068 MiB, 91.07 W
2026/09/26 18:38:16.436, NVIDIA L40S, 0 %, 41511 MiB, 46068 MiB, 90.92 W
2026/09/26 18:38:17.436, NVIDIA L40S, 0 %, 41511 MiB, 46068 MiB, 90.91 W
2026/09/26 18:38:18.437, NVIDIA L40S, 0 %, 41511 MiB, 46068 MiB, 91.01 W
2026/09/26 18:38:19.438, NVIDIA L40S, 0 %, 41511 MiB, 46068 MiB, 90.96 W
2026/09/26 18:38:20.438, NVIDIA L40S, 0 %, 41511 MiB, 46068 MiB, 90.93 W
2026/09/26 18:38:21.438, NVIDIA L40S, 0 %, 41511 MiB, 46068 MiB, 90.99 W
2026/09/26 18:38:22.438, NVIDIA L40S, 0 %, 41511 MiB, 46068 MiB, 90.99 W
2026/09/26 18:38:23.439, NVIDIA L40S, 0 %, 41511 MiB, 46068 MiB, 91.08 W
2026/09/26 18:38:24.440, NVIDIA L40S, 0 %, 41511 MiB, 46068 MiB, 91.23 W
2026/09/26 18:38:25.440, NVIDIA L40S, 0 %, 41511 MiB, 46068 MiB, 91.29 W
2026/09/26 18:38:26.440, NVIDIA L40S, 0 %, 41511 MiB, 46068 MiB, 91.20 W
2026/09/26 18:38:27.440, NVIDIA L40S, 0 %, 41511 MiB, 46068 MiB, 91.13 W
2026/09/26 18:38:28.441, NVIDIA L40S, 0 %, 41511 MiB, 46068 MiB, 91.01 W
2026/09/26 18:38:29.441, NVIDIA L40S, 0 %, 41511 MiB, 46068 MiB, 90.99 W
2026/09/26 18:38:30.443, NVIDIA L40S, 0 %, 41511 MiB, 46068 MiB, 91.26 W
2026/09/26 18:38:31.443, NVIDIA L40S, 0 %, 41511 MiB, 46068 MiB, 91.22 W
2026/09/26 18:38:32.443, NVIDIA L40S, 0 %, 41511 MiB, 46068 MiB, 91.04 W
2026/09/26 18:38:33.444, NVIDIA L40S, 0 %, 41511 MiB, 46068 MiB, 91.01 W
2026/09/26 18:38:34.444, NVIDIA L40S, 0 %, 41511 MiB, 46068 MiB, 91.04 W
2026/09/26 18:38:35.444, NVIDIA L40S, 0 %, 41511 MiB, 46068 MiB, 91.01 W
2026/09/26 18:38:36.445, NVIDIA L40S, 0 %, 41511 MiB, 46068 MiB, 91.01 W
2026/09/26 18:38:37.445, NVIDIA L40S, 0 %, 41511 MiB, 46068 MiB, 91.01 W
2026/09/26 18:38:38.445, NVIDIA L40S, 0 %, 41511 MiB, 46068 MiB, 90.89 W
2026/09/26 18:38:39.446, NVIDIA L40S, 0 %, 41511 MiB, 46068 MiB, 90.94 W
2026/09/26 18:38:40.446, NVIDIA L40S, 0 %, 41511 MiB, 46068 MiB, 91.09 W
2026/09/26 18:38:41.447, NVIDIA L40S, 0 %, 41511 MiB, 46068 MiB, 91.10 W
2026/09/26 18:38:42.447, NVIDIA L40S, 0 %, 41511 MiB, 46068 MiB, 91.04 W
2026/09/26 18:38:43.447, NVIDIA L40S, 0 %, 41511 MiB, 46068 MiB, 90.95 W
2026/09/26 18:38:44.447, NVIDIA L40S, 0 %, 41511 MiB, 46068 MiB, 91.14 W
2026/09/26 18:38:45.448, NVIDIA L40S, 0 %, 41511 MiB, 46068 MiB, 91.23 W
2026/09/26 18:38:46.448, NVIDIA L40S, 0 %, 41511 MiB, 46068 MiB, 91.08 W
2026/09/26 18:38:47.448, NVIDIA L40S, 0 %, 41511 MiB, 46068 MiB, 91.10 W
2026/09/26 18:38:48.449, NVIDIA L40S, 0 %, 41511 MiB, 46068 MiB, 91.19 W
2026/09/26 18:38:49.449, NVIDIA L40S, 0 %, 41511 MiB, 46068 MiB, 91.22 W
2026/09/26 18:38:50.449, NVIDIA L40S, 0 %, 41511 MiB, 46068 MiB, 91.08 W
2026/09/26 18:38:51.449, NVIDIA L40S, 0 %, 41511 MiB, 46068 MiB, 91.08 W
2026/09/26 18:38:52.450, NVIDIA L40S, 0 %, 41511 MiB, 46068 MiB, 91.01 W
2026/09/26 18:38:53.450, NVIDIA L40S, 0 %, 41511 MiB, 46068 MiB, 90.86 W
2026/09/26 18:38:54.451, NVIDIA L40S, 0 %, 41511 MiB, 46068 MiB, 91.05 W
2026/09/26 18:38:55.451, NVIDIA L40S, 0 %, 41511 MiB, 46068 MiB, 91.02 W
2026/09/26 18:38:56.451, NVIDIA L40S, 0 %, 41511 MiB, 46068 MiB, 90.99 W
2026/09/26 18:38:57.458, NVIDIA L40S, 0 %, 41511 MiB, 46068 MiB, 91.19 W
2026/09/26 18:38:58.458, NVIDIA L40S, 0 %, 41511 MiB, 46068 MiB, 91.13 W
2026/09/26 18:38:59.459, NVIDIA L40S, 0 %, 41511 MiB, 46068 MiB, 91.01 W
2026/09/26 18:39:00.459, NVIDIA L40S, 0 %, 41511 MiB, 46068 MiB, 91.07 W
2026/09/26 18:39:01.460, NVIDIA L40S, 0 %, 41511 MiB, 46068 MiB, 91.09 W
2026/09/26 18:39:02.460, NVIDIA L40S, 0 %, 41511 MiB, 46068 MiB, 91.09 W
2026/09/26 18:39:03.460, NVIDIA L40S, 0 %, 41511 MiB, 46068 MiB, 91.07 W
2026/09/26 18:39:04.460, NVIDIA L40S, 0 %, 41511 MiB, 46068 MiB, 91.25 W
2026/09/26 18:39:05.461, NVIDIA L40S, 0 %, 41511 MiB, 46068 MiB, 91.22 W
2026/09/26 18:39:06.461, NVIDIA L40S, 0 %, 41511 MiB, 46068 MiB, 90.98 W
2026/09/26 18:39:07.461, NVIDIA L40S, 0 %, 41511 MiB, 46068 MiB, 91.13 W
2026/09/26 18:39:08.461, NVIDIA L40S, 0 %, 41511 MiB, 46068 MiB, 91.31 W
2026/09/26 18:39:09.462, NVIDIA L40S, 0 %, 41511 MiB, 46068 MiB, 91.07 W
2026/09/26 18:39:10.462, NVIDIA L40S, 0 %, 41511 MiB, 46068 MiB, 90.77 W
2026/09/26 18:39:11.462, NVIDIA L40S, 0 %, 41511 MiB, 46068 MiB, 90.89 W
2026/09/26 18:39:12.462, NVIDIA L40S, 0 %, 41511 MiB, 46068 MiB, 91.01 W
2026/09/26 18:39:13.463, NVIDIA L40S, 0 %, 41511 MiB, 46068 MiB, 91.04 W
2026/09/26 18:39:14.463, NVIDIA L40S, 0 %, 41511 MiB, 46068 MiB, 90.92 W
2026/09/26 18:39:15.463, NVIDIA L40S, 0 %, 41511 MiB, 46068 MiB, 90.89 W
2026/09/26 18:39:16.464, NVIDIA L40S, 0 %, 41511 MiB, 46068 MiB, 90.98 W
2026/09/26 18:39:17.465, NVIDIA L40S, 0 %, 41511 MiB, 46068 MiB, 91.01 W
2026/09/26 18:39:18.465, NVIDIA L40S, 0 %, 41511 MiB, 46068 MiB, 91.19 W
2026/09/26 18:39:19.466, NVIDIA L40S, 0 %, 41511 MiB, 46068 MiB, 91.10 W
2026/09/26 18:39:20.467, NVIDIA L40S, 0 %, 41511 MiB, 46068 MiB, 90.96 W
2026/09/26 18:39:21.467, NVIDIA L40S, 0 %, 41511 MiB, 46068 MiB, 91.05 W
2026/09/26 18:39:22.467, NVIDIA L40S, 0 %, 41511 MiB, 46068 MiB, 91.08 W
2026/09/26 18:39:23.468, NVIDIA L40S, 0 %, 41511 MiB, 46068 MiB, 91.08 W
2026/09/26 18:39:24.468, NVIDIA L40S, 0 %, 41511 MiB, 46068 MiB, 91.17 W
2026/09/26 18:39:25.469, NVIDIA L40S, 0 %, 41511 MiB, 46068 MiB, 91.20 W
2026/09/26 18:39:26.472, NVIDIA L40S, 0 %, 41511 MiB, 46068 MiB, 91.20 W
2026/09/26 18:39:27.472, NVIDIA L40S, 0 %, 41511 MiB, 46068 MiB, 91.17 W
2026/09/26 18:39:28.472, NVIDIA L40S, 0 %, 41511 MiB, 46068 MiB, 91.14 W
2026/09/26 18:39:29.473, NVIDIA L40S, 0 %, 41511 MiB, 46068 MiB, 90.99 W
2026/09/26 18:39:30.474, NVIDIA L40S, 0 %, 41511 MiB, 46068 MiB, 90.96 W
2026/09/26 18:39:31.474, NVIDIA L40S, 0 %, 41511 MiB, 46068 MiB, 90.93 W
2026/09/26 18:39:32.474, NVIDIA L40S, 0 %, 41511 MiB, 46068 MiB, 90.89 W
2026/09/26 18:39:33.475, NVIDIA L40S, 0 %, 41511 MiB, 46068 MiB, 91.17 W
2026/09/26 18:39:34.475, NVIDIA L40S, 0 %, 41511 MiB, 46068 MiB, 91.26 W
2026/09/26 18:39:35.475, NVIDIA L40S, 0 %, 41511 MiB, 46068 MiB, 91.01 W
2026/09/26 18:39:36.477, NVIDIA L40S, 0 %, 41511 MiB, 46068 MiB, 90.86 W
2026/09/26 18:39:37.477, NVIDIA L40S, 0 %, 41511 MiB, 46068 MiB, 90.98 W
2026/09/26 18:39:38.477, NVIDIA L40S, 0 %, 41511 MiB, 46068 MiB, 91.01 W
2026/09/26 18:39:39.478, NVIDIA L40S, 0 %, 41511 MiB, 46068 MiB, 91.01 W
2026/09/26 18:39:40.478, NVIDIA L40S, 0 %, 41511 MiB, 46068 MiB, 91.04 W
2026/09/26 18:39:41.479, NVIDIA L40S, 0 %, 41511 MiB, 46068 MiB, 91.10 W
2026/09/26 18:39:42.479, NVIDIA L40S, 0 %, 41511 MiB, 46068 MiB, 91.10 W
2026/09/26 18:39:43.479, NVIDIA L40S, 0 %, 41511 MiB, 46068 MiB, 91.10 W
2026/09/26 18:39:44.479, NVIDIA L40S, 0 %, 41511 MiB, 46068 MiB, 91.16 W
2026/09/26 18:39:45.480, NVIDIA L40S, 0 %, 41511 MiB, 46068 MiB, 91.04 W
2026/09/26 18:39:46.482, NVIDIA L40S, 0 %, 41511 MiB, 46068 MiB, 91.07 W
2026/09/26 18:39:47.482, NVIDIA L40S, 0 %, 41511 MiB, 46068 MiB, 91.17 W
2026/09/26 18:39:48.482, NVIDIA L40S, 0 %, 41511 MiB, 46068 MiB, 91.02 W
2026/09/26 18:39:49.483, NVIDIA L40S, 0 %, 41511 MiB, 46068 MiB, 90.99 W
2026/09/26 18:39:50.483, NVIDIA L40S, 0 %, 41511 MiB, 46068 MiB, 91.11 W
2026/09/26 18:39:51.483, NVIDIA L40S, 0 %, 41511 MiB, 46068 MiB, 91.11 W
2026/09/26 18:39:52.483, NVIDIA L40S, 0 %, 41511 MiB, 46068 MiB, 91.08 W
2026/09/26 18:39:53.484, NVIDIA L40S, 0 %, 41511 MiB, 46068 MiB, 91.11 W
2026/09/26 18:39:54.485, NVIDIA L40S, 0 %, 41511 MiB, 46068 MiB, 91.21 W
2026/09/26 18:39:55.486, NVIDIA L40S, 0 %, 41511 MiB, 46068 MiB, 91.08 W
2026/09/26 18:39:56.486, NVIDIA L40S, 0 %, 41511 MiB, 46068 MiB, 90.96 W
2026/09/26 18:39:57.486, NVIDIA L40S, 0 %, 41511 MiB, 46068 MiB, 91.24 W
2026/09/26 18:39:58.486, NVIDIA L40S, 0 %, 41511 MiB, 46068 MiB, 91.35 W
2026/09/26 18:39:59.487, NVIDIA L40S, 0 %, 41511 MiB, 46068 MiB, 91.16 W
2026/09/26 18:40:00.487, NVIDIA L40S, 0 %, 41511 MiB, 46068 MiB, 91.08 W
2026/09/26 18:40:01.487, NVIDIA L40S, 0 %, 41511 MiB, 46068 MiB, 91.05 W
2026/09/26 18:40:02.487, NVIDIA L40S, 0 %, 41511 MiB, 46068 MiB, 91.22 W
2026/09/26 18:40:03.488, NVIDIA L40S, 0 %, 41511 MiB, 46068 MiB, 91.22 W
2026/09/26 18:40:04.489, NVIDIA L40S, 0 %, 41511 MiB, 46068 MiB, 91.04 W
2026/09/26 18:40:05.489, NVIDIA L40S, 0 %, 41511 MiB, 46068 MiB, 91.04 W
2026/09/26 18:40:06.489, NVIDIA L40S, 0 %, 41511 MiB, 46068 MiB, 91.13 W
2026/09/26 18:40:07.489, NVIDIA L40S, 0 %, 41511 MiB, 46068 MiB, 91.25 W
2026/09/26 18:40:08.490, NVIDIA L40S, 0 %, 41511 MiB, 46068 MiB, 91.13 W
2026/09/26 18:40:09.490, NVIDIA L40S, 0 %, 41511 MiB, 46068 MiB, 90.94 W
2026/09/26 18:40:10.491, NVIDIA L40S, 0 %, 41511 MiB, 46068 MiB, 90.85 W
2026/09/26 18:40:11.491, NVIDIA L40S, 0 %, 41511 MiB, 46068 MiB, 91.09 W
2026/09/26 18:40:12.491, NVIDIA L40S, 0 %, 41511 MiB, 46068 MiB, 91.22 W
2026/09/26 18:40:13.492, NVIDIA L40S, 0 %, 41511 MiB, 46068 MiB, 91.19 W
2026/09/26 18:40:14.492, NVIDIA L40S, 0 %, 41511 MiB, 46068 MiB, 91.19 W
2026/09/26 18:40:15.492, NVIDIA L40S, 0 %, 41511 MiB, 46068 MiB, 91.09 W
2026/09/26 18:40:16.492, NVIDIA L40S, 0 %, 41511 MiB, 46068 MiB, 91.07 W
2026/09/26 18:40:17.493, NVIDIA L40S, 0 %, 41511 MiB, 46068 MiB, 91.16 W
2026/09/26 18:40:18.493, NVIDIA L40S, 0 %, 41511 MiB, 46068 MiB, 91.28 W
2026/09/26 18:40:19.494, NVIDIA L40S, 0 %, 41511 MiB, 46068 MiB, 91.13 W
2026/09/26 18:40:20.494, NVIDIA L40S, 0 %, 41511 MiB, 46068 MiB, 91.01 W
2026/09/26 18:40:21.494, NVIDIA L40S, 0 %, 41511 MiB, 46068 MiB, 91.01 W
2026/09/26 18:40:22.495, NVIDIA L40S, 0 %, 41511 MiB, 46068 MiB, 91.01 W
2026/09/26 18:40:23.495, NVIDIA L40S, 0 %, 41511 MiB, 46068 MiB, 91.13 W
2026/09/26 18:40:24.495, NVIDIA L40S, 0 %, 41511 MiB, 46068 MiB, 91.10 W
